# Blender 5.0.0
# www.blender.org
mtllib hound_no_skeleton.mtl
o HOUND_HOUND.001
v -0.048978 3.150351 4.028200
v 0.015223 3.156099 4.039683
v -0.054823 3.211271 4.000468
v -0.092722 3.127908 3.983364
v -0.115300 3.192641 3.980800
v -0.061529 3.054876 3.981234
v -0.064985 3.082358 3.985560
v -0.013058 3.068424 3.998840
v -0.001134 3.098058 4.013362
v -0.150216 3.071928 3.873089
v -0.022066 3.104140 4.024137
v -0.228096 3.118291 3.667570
v -0.219718 3.074178 3.657953
v -0.338686 3.145859 3.379521
v -0.317836 3.065071 3.290632
v -0.346000 2.969571 3.278954
v -0.307092 2.956197 3.314325
v -0.200497 2.655953 3.476707
v -0.152780 2.479638 3.580087
v -0.134099 2.508047 3.600935
v -0.006709 2.394381 3.649413
v -0.006153 2.419015 3.669087
v -0.086264 2.418114 3.627766
v -0.070280 2.441684 3.651215
v -0.206271 3.441319 3.542574
v -0.250944 3.537645 3.372427
v -0.269768 3.461393 3.357899
v -0.276459 3.429288 3.491555
v -0.346566 3.430572 3.285361
v -0.420661 3.394333 3.179200
v -0.418462 3.349897 3.278182
v -0.432496 3.264010 3.094978
v -0.479119 3.321548 3.106422
v -0.463160 3.260539 3.038783
v -0.452517 3.189880 3.129346
v -0.528951 3.156879 2.907641
v -0.497321 2.964921 3.004747
v -0.434852 2.832174 3.109375
v -0.034854 2.699725 2.939864
v -0.396524 2.783411 3.091284
v -0.410118 2.868130 2.948726
v -0.232224 2.816535 2.933819
v -0.229622 2.641317 3.121041
v -0.202492 3.048580 3.768711
v -0.300469 3.240702 3.557971
v -0.385590 3.280813 3.318737
v -0.380620 3.174429 3.271307
v -0.374591 3.099217 3.242748
v -0.405872 2.941546 3.163185
v -0.392947 2.886434 3.236358
v -0.410438 2.778705 3.244605
v -0.180443 2.443156 3.486688
v -0.347484 2.741601 3.315581
v -0.163206 2.417998 3.354637
v -0.086264 2.353849 3.541438
v -0.069977 2.294504 3.448856
v -0.404337 3.223230 3.229537
v -0.472934 2.946617 3.051083
v -0.203148 3.200512 3.807293
v -0.140819 3.293782 3.874241
v -0.290654 3.317683 3.560178
v -0.213239 3.250295 3.721099
v -0.077441 3.539453 3.507555
v -0.144942 3.569290 3.486210
v -0.150123 3.495185 3.646892
v -0.194043 2.535123 3.240913
v -0.112181 2.725224 2.934859
v -0.098523 2.598065 3.115769
v -0.103775 2.421190 3.256644
v -0.057415 2.299807 3.367529
v -0.068457 2.330646 3.316499
v -0.119313 2.377530 3.322516
v -0.254097 2.558899 3.321400
v -0.352339 2.706437 3.222594
v -0.432728 2.885628 3.161437
v -0.362332 3.381842 3.407927
v -0.429612 3.167736 3.182706
v -0.423917 3.248445 3.151659
v 0.005063 3.363853 3.778060
v 0.000039 3.425638 3.625949
v -0.094295 3.489611 3.660765
v -0.171979 3.376434 3.629456
v -0.138772 3.391135 3.759223
v -0.272325 3.349462 3.564406
v -0.313881 3.362330 3.496229
v -1.492519 0.291622 3.085347
v -1.484888 0.307440 2.899660
v -1.523532 0.275739 2.852695
v -1.519318 0.263413 3.074095
v -1.504056 0.229030 3.123639
v -1.477581 0.256525 3.129082
v -1.505855 0.239367 2.857459
v -1.465625 0.214796 2.865526
v -1.485652 0.194012 3.062355
v -1.411333 0.238118 2.868301
v -1.425723 0.213279 3.064845
v -1.421955 0.255588 3.081145
v -1.411117 0.271343 2.884179
v -1.512493 0.216770 3.072217
v -1.492671 0.170360 3.143911
v -1.471721 0.138474 3.128668
v -1.435978 0.152386 3.114445
v -1.405124 0.157137 3.163556
v -1.405995 0.192206 3.173875
v -1.437594 0.234444 3.153340
v -1.453722 0.293554 3.090379
v -1.434382 0.317405 2.868282
v -1.490566 0.192479 3.235377
v -1.418584 0.165395 3.212624
v -1.446991 0.194646 3.219975
v -1.479271 0.234368 3.203903
v -1.471423 0.154709 3.212855
v -1.434958 0.133235 3.187415
v -1.464578 0.161321 3.230624
v -1.430204 0.072904 3.349689
v -1.440940 0.088616 3.347749
v -1.465910 0.179207 3.285345
v -1.478616 0.154353 3.289473
v -1.468373 0.302048 2.816015
v -1.410517 0.247365 2.579616
v -1.464604 0.213219 2.625724
v -1.483808 0.327062 2.857299
v -1.476003 0.219106 2.798172
v -1.493119 0.256768 2.785821
v -1.448089 0.191376 2.803097
v -1.432647 0.221578 2.866644
v -1.355862 0.168968 2.733758
v -1.347318 0.210278 2.724048
v -1.409757 0.286710 2.808820
v -0.554891 3.038289 2.104316
v -0.561449 3.143884 2.021058
v -0.583835 3.081496 1.793415
v -0.639949 2.969523 1.906663
v -0.502699 3.191560 1.725690
v -0.498069 3.291909 1.964501
v -0.418752 3.424837 1.875508
v -0.418897 3.298785 1.657560
v -0.133110 3.565262 1.564738
v 0.000031 3.711315 1.750639
v 0.000033 3.583808 1.545259
v -0.111356 2.407703 2.396360
v 0.003508 2.263319 2.349604
v 0.000033 2.389101 2.406291
v -0.376280 2.592523 2.332803
v -0.415697 2.423348 2.237402
v -0.280424 2.322931 2.270579
v -0.254250 2.513491 2.308854
v -0.881260 2.992781 0.996401
v -0.966865 2.909321 1.065836
v -0.966299 2.904082 1.301418
v -0.851401 3.094875 0.931959
v -0.853597 2.976148 0.668264
v -0.927536 2.892987 0.765544
v -0.832740 2.863530 1.682109
v -0.928796 2.782541 1.666398
v -0.768977 2.634799 1.834405
v -0.593473 2.194206 1.883149
v -0.663344 2.176556 1.836208
v -0.571892 1.952142 1.830950
v -0.512600 1.949479 1.846619
v -0.747483 2.498997 0.676935
v -0.615706 2.349164 0.533663
v -0.696411 2.366210 0.679249
v -0.527223 2.011209 0.792100
v -0.526130 2.076512 0.940496
v -0.524491 1.908326 1.143243
v -0.460949 1.834458 1.072846
v -0.523830 1.864578 1.357386
v -0.463208 1.759459 1.566437
v -0.522052 1.847432 1.529508
v -0.527268 1.803125 1.481874
v -0.493905 1.775643 1.471766
v -0.745239 2.421871 1.845578
v -0.649373 2.426994 1.847464
v -0.582461 1.882622 1.546163
v -0.516551 1.837297 1.645349
v -1.396115 1.035641 1.126101
v -1.381130 0.980705 1.081517
v -1.333517 0.840328 1.273501
v -1.358830 0.875469 1.419068
v -1.161898 0.966256 1.043647
v -1.116667 1.143254 0.919229
v -0.971541 1.164979 0.935494
v -1.012444 0.987825 1.077857
v -1.037459 1.272217 1.512689
v -0.989734 1.598247 1.601985
v -1.085058 1.638225 1.613039
v -1.146651 1.256233 1.444561
v -1.085262 1.541083 0.903986
v -0.907790 1.549389 0.946717
v -1.256371 1.103634 1.478080
v -1.197434 0.959478 1.730361
v -1.116601 0.976096 1.816311
v -1.153566 1.111327 1.556244
v -1.050774 1.104978 1.593404
v -1.203882 0.729775 1.990932
v -1.254547 0.691458 1.900310
v -1.192988 0.529122 2.161008
v -1.312908 0.538380 1.921560
v -1.268080 0.937301 1.640075
v -1.324634 0.916812 1.536504
v -1.339248 1.538072 1.100218
v -1.213826 1.549736 0.965282
v -1.312326 1.139910 0.931685
v -1.380043 1.183958 1.041922
v -1.251100 1.570626 1.225955
v -1.364623 1.231030 1.250224
v -1.415629 1.067189 1.266927
v -0.862562 0.961381 1.383405
v -0.872150 1.161863 1.031235
v -0.817764 1.209037 1.328725
v -0.786717 1.575897 1.335630
v -1.161632 1.634653 1.569387
v -1.219919 1.255128 1.451380
v -1.310336 0.549734 1.619688
v -1.351307 0.618465 1.781689
v -1.206490 0.522175 1.558304
v -1.113806 0.796780 1.267056
v -0.932057 0.513543 1.697624
v -1.048526 0.545511 1.621315
v -1.009474 0.830058 1.346004
v -0.934507 0.847677 1.401293
v -1.004275 0.721516 2.030043
v -1.019665 0.993906 1.880946
v -1.095271 0.725175 2.035486
v -0.740615 3.268232 1.131631
v -0.676845 3.262812 1.410335
v -0.544325 3.394247 1.287634
v -0.594200 3.354572 1.071608
v -0.794955 3.106933 0.611354
v -0.757989 3.228744 0.858244
v -0.652081 3.355489 0.844600
v -0.713380 3.240440 0.559932
v -0.833863 2.760722 0.485834
v -0.822290 2.919196 0.392863
v -1.170708 2.689652 1.304419
v -1.188123 2.714250 1.103946
v -1.277150 2.403793 1.140848
v -1.289548 2.391150 1.307560
v -1.062095 2.553333 0.885137
v -0.929192 2.795424 0.865694
v -0.893845 2.574860 0.773576
v -0.722446 2.143425 1.008693
v -0.807224 2.346578 0.854736
v -0.699142 2.407407 0.789596
v -0.614785 2.093387 1.061290
v -0.683900 2.045583 1.155413
v -0.572341 1.975822 1.209972
v -0.624081 1.887974 1.521368
v -0.650450 1.948267 1.387330
v -0.589914 1.842808 1.476673
v -0.637719 1.963892 1.762351
v -0.746012 2.197569 1.688526
v -0.921329 2.465728 1.751117
v -0.859468 2.307883 1.801497
v -1.060809 2.615791 1.644545
v -0.972573 2.916191 1.526134
v -1.129120 2.670340 1.538015
v -1.188503 2.321944 1.606227
v -1.250833 2.361106 1.512748
v -1.030673 2.265211 1.682095
v -0.940708 2.160329 1.728168
v -0.843196 2.113995 1.668232
v -0.706392 1.929205 1.686223
v -0.687208 1.909880 1.470391
v -0.701078 1.918326 1.283907
v -0.734853 1.997904 1.133279
v -1.141966 2.327920 0.960682
v -1.088005 2.297174 0.937876
v -0.806202 2.090575 1.005777
v -0.923338 2.127903 0.903461
v -1.224408 2.064088 1.246845
v -1.186341 2.080734 1.434278
v -1.200206 2.003200 0.939892
v -1.261871 2.039344 1.107750
v -0.960031 3.252859 -1.762352
v -0.915697 3.093131 -1.950481
v -1.023965 2.981353 -1.935369
v -1.090256 3.020052 -1.725325
v -0.883402 2.784489 -1.344407
v -1.033021 2.649836 -1.262477
v -0.972112 2.550237 -1.240831
v -0.816004 2.660602 -1.348247
v -0.724420 2.428519 -1.409535
v -0.656310 2.308864 -1.605511
v -0.815738 2.263499 -1.909124
v -0.709983 2.312639 -1.928369
v -0.863208 2.567706 -2.194697
v -0.967248 2.490804 -2.160586
v -0.636512 3.398998 -1.803153
v -0.620954 3.403289 -1.614211
v -0.482743 3.509737 -1.667153
v -0.529545 3.498739 -1.866570
v -0.636657 3.230109 -1.445852
v -0.803716 3.377276 -1.600336
v -0.747896 3.137243 -1.396722
v -0.363169 2.696824 -1.525597
v -0.403929 2.960109 -1.431169
v -0.491214 2.901352 -1.456066
v -0.454830 2.625478 -1.515106
v -0.396355 2.521874 -1.966615
v -0.362702 2.553957 -1.683861
v -0.493455 2.447988 -1.970418
v -1.216926 2.191050 -1.915946
v -0.569576 3.150401 -2.236777
v -0.702913 3.098648 -2.190828
v -0.714433 3.326993 -2.072391
v -0.581351 3.330307 -2.061933
v -0.127953 3.507264 1.203311
v 0.040799 3.506628 1.220018
v 0.000004 3.654838 -1.707955
v 0.002070 3.619360 -1.952684
v -0.114008 3.311868 -2.356784
v -0.130058 3.491174 -2.125034
v 0.000029 3.534523 -2.164001
v -0.000049 3.363100 -2.374837
v -0.104465 2.774222 -2.402584
v -0.207446 2.804696 -2.420989
v -0.178652 2.846160 -2.491268
v -0.101488 2.767249 -2.481825
v -0.058853 2.562880 -1.710339
v -0.079561 2.624552 -2.057878
v 0.000033 2.648755 -2.062951
v -0.450509 2.572608 -2.133220
v -0.543368 2.504160 -2.135488
v -0.593591 2.957434 -2.325496
v -0.538797 2.780459 -2.377671
v -0.628033 2.692751 -2.303058
v -0.109435 2.711949 -2.348706
v -0.000183 2.769158 -2.372452
v -0.000009 2.767641 -2.276554
v -0.185970 1.670499 1.646058
v -0.154270 1.659558 1.522484
v -0.078216 1.580674 1.523204
v -0.344426 1.754507 1.086401
v -0.557738 2.197494 0.458514
v -0.514170 1.955547 0.630756
v -0.136294 2.063967 -0.035618
v 0.000647 2.112599 -0.014422
v -0.369875 2.096286 0.224540
v -0.221319 1.889366 0.525458
v -0.347829 1.930423 0.513236
v -0.144622 3.406853 0.807889
v -0.009046 3.401256 0.786860
v -0.572967 3.379799 0.556494
v -0.510925 3.406822 0.792062
v -0.287357 3.383736 0.790231
v -0.372749 3.401841 0.495302
v -0.444219 3.366093 1.048417
v -0.404445 3.461852 1.241883
v -0.250697 3.506061 1.200565
v -0.253675 3.409981 1.020061
v -0.113404 1.842335 0.557702
v -0.137189 1.980751 0.142865
v -0.504400 2.295510 0.194423
v -0.267454 2.114123 0.001819
v -0.265156 2.031686 0.162044
v -0.125344 1.751946 0.713120
v -0.236871 1.707897 0.991933
v -0.244078 1.801021 0.689415
v -0.106140 1.616473 1.145191
v -0.093060 1.563903 1.397457
v -0.311322 1.653947 1.372744
v -0.318911 1.652899 1.616803
v -0.338750 1.675051 1.489643
v -0.241367 1.683418 1.491032
v -0.387400 1.806945 0.669707
v -0.409297 1.782701 0.814196
v -0.577636 2.399585 0.333004
v -0.635266 2.454315 0.445607
v -0.210708 3.408968 0.475586
v 0.000033 3.403540 0.411881
v -0.201005 3.392206 0.229000
v -0.558406 3.294918 0.213675
v -0.777936 2.897515 0.251867
v -0.742305 3.191604 0.359368
v -0.755220 3.139282 0.168199
v -0.776954 2.883446 0.099687
v -0.730393 2.694836 0.216288
v -1.000463 2.207719 0.930377
v -0.872668 2.406089 0.869044
v -0.802793 2.492261 0.781051
v -0.746755 2.593152 0.455137
v -0.763101 2.711403 0.337387
v -0.854001 2.643348 0.621630
v -0.837148 2.437291 -2.112857
v -0.188397 2.556979 -2.019310
v -0.093388 2.573803 -1.720955
v -0.308187 2.849386 -2.414968
v -0.318973 3.056901 -2.397433
v -0.229758 3.143539 -2.397543
v -0.333505 3.230333 -2.306155
v -0.337454 3.454782 -2.118015
v -0.244957 3.489648 -2.125067
v -0.222024 3.257018 -2.338994
v -0.476685 3.559927 -1.982292
v -0.334560 3.649838 -1.643912
v -0.276327 3.685810 -1.705184
v -0.341435 3.645053 -1.920808
v -0.168210 3.525380 -0.153530
v -0.310792 3.476548 -0.203392
v -0.289689 3.401932 -0.094072
v -0.534166 3.330086 -0.110108
v -0.625886 3.214574 -0.131049
v -0.659867 2.900484 -0.170039
v -0.596556 2.737854 -0.208467
v -0.602891 2.528237 0.141443
v -0.432473 2.539107 -0.222696
v -0.366547 2.399770 -0.244306
v -0.137972 2.199567 -0.284072
v -0.287670 3.718876 -1.544111
v -0.281463 3.730956 -1.373188
v -0.144763 3.731528 -1.519092
v -0.467369 3.294175 -1.367144
v -0.449031 3.517744 -1.502382
v -0.534020 3.290646 -1.437043
v -0.208416 2.731315 -1.554557
v -0.061774 2.688645 -1.561362
v -0.073237 2.889410 -1.362648
v -0.143773 2.933849 -1.345561
v -0.238378 2.982314 -1.361838
v -0.249922 2.995222 -1.262802
v -0.162876 2.954547 -1.244927
v -0.477277 3.180173 -1.294704
v -0.491870 3.226684 -1.364020
v -0.554366 3.131280 -1.348732
v -0.618550 3.013956 -1.429067
v -0.960981 3.271963 -1.615189
v -1.110645 3.009121 -1.542939
v -1.059411 2.793586 -1.336811
v -0.902602 2.963141 -1.406851
v -0.375276 3.631107 -1.061039
v -0.391897 3.515395 -1.349085
v -0.375114 3.476930 -1.040212
v -0.098812 2.931176 -1.176014
v -0.118064 2.836982 -0.949914
v -0.381291 2.488920 -0.377248
v -0.281782 2.367052 -0.385443
v -0.494442 2.806128 -0.338760
v -0.459819 2.615070 -0.360772
v -0.567567 2.977566 -0.321586
v -0.550542 3.253414 -0.281042
v -0.412566 3.246058 -1.017916
v -0.431275 3.186042 -0.745061
v -0.464420 3.473316 -0.734589
v -0.413699 3.048571 -1.012741
v -0.336763 2.988333 -0.959096
v -0.414222 2.870749 -0.743423
v -0.482927 3.032455 -0.743016
v -0.252756 2.865306 -0.902674
v -0.261504 2.732054 -0.723347
v -0.327618 2.808623 -0.723814
v -0.129476 2.674598 -0.731548
v -0.001266 2.358054 -0.447940
v -0.458428 3.484032 -0.406681
v -0.371898 3.572825 -0.721629
v -0.496404 3.315946 -0.428431
v -0.151846 3.820281 -1.009846
v -0.291771 3.775975 -1.037640
v -0.270677 3.662241 -0.708280
v -0.137926 3.681293 -0.685174
v -0.460065 3.400405 -0.243624
v -0.144891 2.313619 -0.424073
v -0.538580 3.046619 -0.465045
v -0.481379 2.693344 -0.500349
v -0.490955 2.847202 -0.481966
v -0.290651 2.477416 -0.503569
v -0.390240 2.581217 -0.503564
v -0.293173 3.554419 -0.400767
v -0.149024 3.576166 -0.370875
v -0.268659 2.998951 -1.163844
v -0.190445 2.952229 -1.146127
v -0.329499 3.068007 -1.179650
v -0.415442 3.213173 -1.235463
v -0.349568 3.395586 1.632441
v -0.301960 3.560419 1.819778
v -0.119059 3.716775 1.809184
v -0.230650 3.486068 1.593038
v -0.772399 3.085652 1.507119
v -0.765602 2.949844 1.718595
v -0.496220 2.887305 2.144039
v -0.624289 2.839186 2.021043
v -0.431315 2.738551 2.237756
v -0.655984 2.712713 1.881237
v -0.553029 2.425005 1.943282
v -0.404391 2.236513 2.040108
v -0.271626 2.098078 2.172217
v -0.135398 2.066032 2.189731
v -0.385211 2.074327 1.985121
v -0.482371 2.204084 1.919888
v -0.270426 1.987921 2.077351
v -0.253801 1.862434 1.886707
v -0.125030 1.943919 2.086092
v -0.335980 1.937084 1.814011
v -0.426752 1.969711 1.821676
v -0.408297 1.800838 1.733553
v -0.337460 1.763413 1.742182
v -0.241955 1.721514 1.742085
v -0.121882 1.682472 1.773669
v -0.100310 3.783052 1.916172
v -0.175430 3.723441 1.936254
v -0.200727 3.822301 2.039303
v -0.102367 3.891365 2.038315
v -0.260372 3.643625 1.963037
v -0.481134 3.394313 2.074447
v -0.329261 3.615095 2.122419
v -0.499859 3.150013 2.217507
v -0.518575 3.250195 2.156879
v -0.181823 4.011903 2.188123
v -0.286331 3.794783 2.216130
v -0.380879 3.580044 2.318303
v -0.439770 3.012609 2.280264
v -0.332520 2.734312 2.397200
v -0.223153 2.628767 2.444906
v -0.394988 3.365541 2.445924
v -0.390667 3.447545 2.402234
v -0.442043 3.350748 2.316285
v -0.387783 2.990145 2.584067
v -0.395624 3.194227 2.510444
v -0.414748 3.101243 2.388710
v -0.393836 2.943647 2.458756
v -0.329791 2.814112 2.480943
v -0.156784 2.701338 2.682214
v -0.355432 2.852688 2.611648
v -0.258070 2.705321 2.511480
v -0.124943 2.534972 2.495553
v -0.472109 3.248328 2.795518
v -0.400684 3.280049 2.623810
v -0.446708 3.033610 2.723890
v -0.514708 3.063015 2.848614
v -0.548340 3.106061 2.927245
v -0.233458 2.812364 2.804162
v -0.094569 2.723873 2.877964
v -0.542383 3.061908 2.955119
v -0.398525 2.894027 2.831180
v -0.396432 2.886529 2.711009
v -0.323680 3.059802 -1.280184
v -0.329825 3.037807 -1.379549
v -0.277714 2.738366 -1.516480
v -0.219448 2.550960 -1.705804
v -0.456069 3.210234 -2.286163
v -0.467741 3.387183 -2.074129
v -0.420714 2.796518 -2.410376
v -0.451663 3.016673 -2.368548
v -0.303153 2.551892 -1.962683
v -0.322881 2.661362 -2.371071
v -0.239226 2.663362 -2.387111
v -0.390928 1.680320 1.608678
v -0.450748 1.684077 1.392729
v -0.481793 2.193494 0.277957
v -0.187009 3.640966 3.321062
v -0.196773 3.601765 3.287458
v -0.047471 3.030987 3.858995
v -0.031392 3.035975 3.872529
v -0.177017 2.664675 3.464557
v -0.071005 2.472616 3.641090
v -0.174439 2.737648 3.357095
v -0.094910 3.052961 3.737026
v -0.265444 2.959775 3.308352
v -0.282086 3.050803 3.296198
v -0.299471 3.089494 3.323750
v 0.005838 2.451418 3.668841
v -0.255375 3.079138 3.539025
v -0.296065 3.112356 3.397092
v -0.224621 3.130980 3.397504
v -0.180961 3.022000 3.725996
v -0.217485 3.051250 3.632520
v -0.190949 3.150357 3.507493
v -0.096985 2.598413 3.450282
v -0.121700 2.841276 3.265286
v -0.221886 3.055979 3.273816
v -0.113398 3.168752 3.575368
v -0.160039 3.175330 3.457657
v -0.003633 2.726987 3.310740
v -0.183937 2.968183 3.250643
v -0.087314 3.153725 3.359888
v -0.066117 3.147741 3.646963
v -0.041843 3.163004 3.373748
v -0.244847 3.097269 3.316091
v -0.192653 3.088278 3.296158
v -0.119709 3.013997 3.255613
v -0.128523 3.026475 3.259263
v -0.112007 3.052932 3.273601
v -0.103269 3.058328 3.277693
v -0.046507 2.947493 3.252812
v -0.063827 3.062315 3.285794
v -0.024480 3.058759 3.287081
v -0.113287 2.986299 3.249448
v -0.084961 3.055099 3.279144
v -0.128781 3.032699 3.260966
v -0.071203 2.953363 3.250493
v -0.376870 3.797513 2.320127
v -0.430243 3.451779 2.570808
v -0.470612 3.519703 2.542665
v -0.459189 3.664513 2.386403
v -0.115050 4.026359 2.158953
v 0.001838 3.530903 3.288883
v 0.000033 2.015436 0.203324
v -0.796199 3.064099 1.216938
v -0.190863 3.309457 3.714340
v -0.044505 3.120470 3.990035
v -0.104501 3.127453 3.959599
v -0.349018 3.606414 3.103851
v -0.438005 3.630300 2.972372
v -0.363463 3.695584 2.987342
v -0.434114 3.719264 2.838987
v -0.238484 4.009011 2.351860
v -0.227745 3.959576 2.447861
v -0.146184 4.021036 2.368622
v -0.141123 3.990959 2.447614
v 0.000076 4.022050 2.447966
v -0.348533 3.906445 2.495230
v -0.381503 3.879509 2.421346
v -0.429189 3.826949 2.470470
v -0.405052 3.810453 2.661625
v -0.403570 3.846832 2.595652
v -0.098143 4.066873 2.260588
v -0.189964 4.018791 2.266387
v -0.493327 3.322278 2.957892
v -0.468718 3.233863 2.972871
v -0.496913 3.329901 3.059283
v -0.409957 3.910971 2.364898
v -0.350770 3.909862 2.330697
v -0.509121 3.812307 2.463964
v -0.539410 3.706736 2.425755
v -0.559815 3.738656 2.580002
v -0.587110 3.629802 2.549939
v -0.557926 3.595105 2.787805
v -0.587698 3.510526 2.779808
v -0.376423 3.637824 3.044108
v -0.484845 3.565850 2.946401
v -0.545298 3.450644 2.905833
v -0.303111 3.510293 3.274914
v -0.288554 3.600982 3.237381
v -0.283812 3.604548 3.209925
v -0.388893 3.556440 3.153028
v -0.408536 3.568326 3.087051
v -0.448984 3.517441 3.039850
v -0.424989 3.870854 2.333171
v -0.286360 3.956267 2.300617
v -0.544230 3.557361 2.542736
v -0.402211 3.935911 2.394079
v -0.474125 3.861361 2.456379
v -0.302202 3.989987 2.353411
v -0.489034 3.712387 2.603848
v -0.565086 3.462101 2.760605
v -0.480407 3.386060 2.764816
v -0.495070 3.372197 2.938710
v -0.427884 3.433784 3.113430
v -0.491976 3.404567 3.023343
v -0.494601 3.636584 2.818363
v -0.092686 3.580150 3.272822
v -0.169433 3.629348 3.255372
v -0.325956 3.863154 2.585759
v -0.358345 3.694027 2.832649
v -0.220175 3.616409 3.204063
v -0.060669 3.552878 3.299195
v -0.283657 3.604439 2.961411
v -0.172508 3.897186 2.524109
v -0.258507 3.729891 2.716510
v -0.086721 3.561639 3.111271
v -0.259461 3.638050 2.843105
v -0.179820 3.563771 3.028165
v -0.209829 3.581344 2.963840
v -0.229840 3.606614 2.896805
v -0.152716 3.564610 3.063219
v -0.170052 3.761679 2.664423
v -0.141905 3.766990 2.656045
v -0.115083 3.566140 3.096630
v -0.235927 3.745813 2.692847
v -1.631579 1.892064 -1.844938
v -1.573712 1.893467 -1.894115
v -1.626297 1.811534 -2.067947
v -1.595964 1.582922 -1.453519
v -1.578699 1.470361 -1.632826
v -1.438115 1.474293 -1.589822
v -1.392862 1.584118 -1.442245
v -1.290455 1.506176 -1.724947
v -1.281735 1.638581 -1.595640
v -1.269238 1.746781 -1.730263
v -1.167398 1.625597 -1.891315
v -1.247763 1.837549 -1.887863
v -0.442486 2.614548 -2.373880
v -1.255042 1.944473 -1.899321
v -1.280439 1.862339 -2.005050
v -1.194994 1.933553 -1.571269
v -1.245855 1.833108 -1.618134
v -1.288750 1.930062 -1.714345
v -1.206479 2.033901 -1.796380
v -1.370549 1.761695 -1.275308
v -1.264207 1.767667 -1.465063
v -1.193666 1.849479 -1.407879
v -1.512391 1.905805 -1.237824
v -1.542523 1.770469 -1.308063
v -1.588820 2.173388 -1.674775
v -1.493197 2.141698 -1.679738
v -1.570711 2.007519 -1.719722
v -1.648919 2.037967 -1.688492
v -1.557220 1.039083 -2.514699
v -1.529325 0.913188 -2.645304
v -1.520031 0.832458 -2.555034
v -1.278741 1.000914 -2.541056
v -1.361660 0.917637 -2.526691
v -1.312730 0.783038 -2.583294
v -1.216710 0.917970 -2.586867
v -1.312919 1.101313 -2.623276
v -1.315539 1.089089 -2.741948
v -1.251476 2.060986 -1.885010
v -1.221927 2.046899 -1.875888
v -1.601120 1.682350 -2.233380
v -1.393450 0.807609 -2.532290
v -1.669056 2.034631 -1.379352
v -1.738469 1.947259 -1.470784
v -1.695427 1.818507 -1.348867
v -1.674752 1.954062 -1.261694
v -1.806668 1.731413 -1.572429
v -1.728107 1.634543 -1.834057
v -1.708656 1.493780 -1.692030
v -1.732982 1.666938 -1.484879
v -1.263283 2.367521 -1.230843
v -1.486015 2.034662 -1.172741
v -1.366323 1.995156 -1.170123
v -1.004425 2.168483 -1.340501
v -1.147258 1.972804 -1.340548
v -1.329339 1.185707 -2.660650
v -0.924477 2.102427 -1.520819
v -1.128979 2.026680 -1.540221
v -1.104713 2.119246 -1.879460
v -1.488073 1.259838 -2.715392
v -1.416231 1.338218 -2.610767
v -1.435956 1.199950 -2.853640
v -1.316277 2.084504 -1.827566
v -1.429953 1.968482 -1.778996
v -1.420572 1.874081 -1.963736
v -1.450110 1.803429 -2.175622
v -1.340552 1.176334 -2.822098
v -1.305285 2.901217 -1.472016
v -1.212732 2.628452 -1.275720
v -1.712698 1.582780 -2.048214
v -1.732260 1.764751 -1.967178
v -1.709722 1.660485 -2.132315
v -1.709886 2.140721 -1.549964
v -1.678707 2.193850 -1.626574
v -1.718595 2.057944 -1.630506
v -1.749486 2.026819 -1.579444
v -1.735242 1.843383 -1.740203
v -1.690656 1.903513 -1.808753
v -1.253504 2.888350 -1.664900
v -1.142661 2.725596 -1.945671
v -1.184051 2.815306 -1.824742
v -1.059234 2.447117 -2.063550
v -1.070590 2.611777 -2.080242
v -1.282131 2.060756 -1.876646
v -1.301853 1.914805 -1.958230
v -0.970778 2.289093 -1.974952
v -1.106293 2.202811 -1.940443
v -0.959880 2.186435 -1.875267
v -1.384395 2.237361 -1.719216
v -1.210989 2.501863 -1.980761
v -1.132908 2.366902 -1.995225
v -1.498679 2.288389 -1.650159
v -1.622215 2.326815 -1.559949
v -1.309159 2.650209 -1.735000
v -1.287717 2.582416 -1.871709
v -1.640478 2.297838 -1.470835
v -1.674988 2.209768 -1.326091
v -1.396586 2.633184 -1.436771
v -1.392473 2.695658 -1.585046
v -1.585546 2.099416 -1.215205
v -1.361750 2.457786 -1.228816
v -0.791535 2.206677 -1.569279
v -0.818335 2.376993 -1.346536
v -1.124563 2.338908 -1.243391
v -1.148252 2.508634 -1.247055
v -1.534885 1.108501 -2.592252
v -1.691179 1.410811 -2.242874
v -1.651884 1.479171 -2.323529
v -1.548105 1.285067 -2.596220
v -1.326502 1.767331 -2.167044
v -1.175826 1.638858 -2.140952
v -1.210800 1.464596 -2.314852
v -1.453680 1.712583 -2.304799
v -1.563423 1.547766 -2.366215
v -1.146575 1.504295 -2.041031
v -1.199621 1.366603 -2.244547
v -1.693442 1.361210 -1.874525
v -1.578060 1.299627 -1.857590
v -1.662789 1.667768 -2.184556
v -1.504173 1.320533 -2.625877
v -1.277411 1.386479 -1.899583
v -1.265749 1.275198 -2.104193
v -1.466282 1.331922 -1.795629
v -1.446437 1.229957 -2.032974
v -1.731727 1.490458 -1.986121
v -0.870373 3.124414 -1.364762
v -0.796000 2.977166 -1.347700
v -0.923381 3.338894 -1.572611
v -0.671038 2.762231 -1.372491
v -0.607890 2.537673 -1.464470
v -0.588019 2.595493 -2.222563
v -0.718456 2.516271 -2.198049
v -0.736871 2.640515 -2.236429
v -0.906720 2.771291 -2.141289
v -0.731423 2.901104 -2.237093
v -0.570679 2.409627 -1.628321
v -0.804602 3.407685 -1.777110
v -0.825099 3.189005 -1.993475
v -0.892878 3.367636 -1.777651
v -0.371960 2.564313 -2.242321
v -0.479671 3.469701 -2.042715
v -0.499410 3.528668 -1.980564
v -0.388415 3.530455 -2.083824
v -0.314719 3.631501 -2.020205
v -0.314682 3.587219 -2.081746
v -0.161409 3.573365 -2.079912
v -0.183660 3.641548 -1.992425
v -0.051323 3.542066 -2.088905
v -0.808407 2.381268 -2.069244
v -1.422267 0.650651 -2.559968
v -1.510451 0.668047 -2.584000
v -1.511854 0.578312 -2.556510
v -1.420454 0.568473 -2.525160
v -1.526708 0.439794 -2.484645
v -1.433633 0.459096 -2.469698
v -1.729507 0.312480 -2.537374
v -1.744752 0.234887 -2.652229
v -1.758109 0.214314 -2.549684
v -1.684514 0.109839 -2.659401
v -1.708756 0.106274 -2.483917
v -1.556452 0.087825 -2.427663
v -1.553860 0.129620 -2.616085
v -1.436507 0.092194 -2.611393
v -1.447757 0.049760 -2.411903
v -1.321009 0.519444 -2.508334
v -1.277152 0.442220 -2.491336
v -1.214532 0.259245 -2.406683
v -1.212161 0.407259 -2.592781
v -1.213328 0.185350 -2.397343
v -1.284800 0.265098 -2.022614
v -1.325325 0.268339 -2.046207
v -1.291446 0.235001 -1.911889
v -1.341790 0.239578 -2.046241
v -1.304080 0.165887 -1.942962
v -1.281790 0.155051 -1.946692
v -1.230722 0.161925 -1.951497
v -1.243795 0.189079 -2.056312
v -1.307518 0.197356 -1.907266
v -1.265468 0.125946 -1.805594
v -1.283379 0.097023 -1.868701
v -1.250595 0.079249 -1.861687
v -1.210174 0.091249 -1.852143
v -1.215141 0.116339 -1.900844
v -1.230834 0.144527 -1.774355
v -1.214965 0.144998 -1.824170
v -1.247301 0.263207 -2.065175
v -1.262436 0.242737 -1.911113
v -1.208644 0.166122 -1.920989
v -1.234273 0.216317 -2.054301
v -1.203072 0.118328 -1.837369
v -1.217821 0.220485 -1.905488
v -1.250448 0.121280 -1.763479
v -1.223599 0.116577 -1.802666
v -1.249992 0.108339 -1.812549
v -1.235643 0.105591 -1.807662
v -1.322380 0.183802 -2.058080
v -1.269293 0.088420 -1.890848
v -1.230833 0.098128 -1.899043
v -1.213936 0.004249 -1.698780
v -1.203330 0.003249 -1.705028
v -1.209843 0.060601 -1.720137
v -1.232261 0.066184 -1.717424
v -1.225393 0.040224 -1.744346
v -1.239005 0.047276 -1.735205
v -1.307504 0.265566 -2.092276
v -1.332299 0.271512 -2.167734
v -1.356021 0.205433 -2.144392
v -1.341106 0.250185 -2.092259
v -1.354592 0.263475 -2.161673
v -1.346255 0.137094 -2.128301
v -1.322994 0.164621 -2.095100
v -1.299630 0.123380 -2.136217
v -1.286448 0.165306 -2.066744
v -1.243325 0.184345 -2.095987
v -1.241582 0.228701 -2.097450
v -1.253112 0.251944 -2.229599
v -1.260182 0.260569 -2.098425
v -1.294313 0.282708 -2.052102
v -1.449205 0.279891 -2.055356
v -1.431169 0.234647 -1.909953
v -1.395407 0.222821 -1.907064
v -1.479254 0.263920 -2.050387
v -1.489468 0.214851 -2.063078
v -1.479347 0.187535 -1.945973
v -1.417555 0.168857 -2.072928
v -1.453570 0.145709 -1.946783
v -1.397017 0.149195 -1.943065
v -1.464013 0.216269 -1.907807
v -1.459484 0.119055 -1.802387
v -1.470697 0.159849 -1.852558
v -1.488843 0.115790 -1.864853
v -1.474598 0.082070 -1.878322
v -1.444552 0.084771 -1.893150
v -1.403005 0.111150 -1.896284
v -1.403164 0.116095 -1.833413
v -1.378954 0.192749 -1.908780
v -1.387622 0.237616 -2.075274
v -1.446432 0.111904 -1.752982
v -1.409769 0.090883 -1.839202
v -1.427400 0.097447 -1.793352
v -1.417963 0.130704 -1.781628
v -1.438724 0.073565 -1.852870
v -1.454612 0.094414 -1.793366
v -1.458398 0.054755 -1.713740
v -1.469737 0.053768 -1.731276
v -1.460387 -0.004188 -1.694622
v -1.428399 0.072149 -1.732877
v -1.427448 0.255606 -2.102822
v -1.429760 0.255492 -2.180769
v -1.475708 0.256418 -2.166120
v -1.406777 0.267120 -2.063798
v -1.526807 0.239366 -2.164455
v -1.477270 0.263894 -2.098600
v -1.492787 0.208586 -2.107090
v -1.495615 0.152145 -2.146730
v -1.467429 0.169886 -2.065657
v -1.417435 0.144611 -2.129194
v -1.386051 0.201711 -2.145086
v -1.398255 0.188886 -2.086351
v -1.400844 0.224715 -2.181658
v -1.399079 0.235813 -2.107855
v -1.715317 0.267118 -2.053504
v -1.709197 0.218473 -1.912946
v -1.703250 0.132131 -1.824322
v -1.677217 0.221081 -1.896566
v -1.727053 0.238811 -2.053249
v -1.722461 0.156218 -1.948670
v -1.681435 0.133655 -1.954778
v -1.630436 0.162735 -1.935938
v -1.727313 0.183642 -1.917945
v -1.700523 0.084739 -1.817685
v -1.717715 0.121910 -1.867342
v -1.705008 0.076568 -1.879558
v -1.681492 0.059213 -1.897311
v -1.652396 0.074239 -1.901965
v -1.626744 0.116666 -1.891851
v -1.644684 0.112638 -1.829591
v -1.645997 0.204388 -1.894251
v -1.640445 0.273764 -2.054367
v -1.696085 0.053991 -1.753313
v -1.635731 0.088381 -1.839846
v -1.665301 0.077577 -1.801964
v -1.651174 0.060967 -1.864270
v -1.686699 0.063268 -1.807580
v -1.690773 0.009251 -1.754404
v -1.664416 -0.042691 -1.721465
v -1.663264 0.017346 -1.732551
v -1.675419 0.100360 -1.776287
v -1.667402 0.265516 -2.097912
v -1.655184 0.260658 -2.196716
v -1.675231 0.279838 -2.047004
v -1.712878 0.249976 -2.113922
v -1.697795 0.191727 -2.209461
v -1.708125 0.205757 -2.094067
v -1.652197 0.141437 -2.174037
v -1.678583 0.171247 -2.073716
v -1.608231 0.154770 -2.150160
v -1.625887 0.191323 -2.064728
v -1.617695 0.221949 -2.067811
v -1.607415 0.242218 -2.188564
v -1.849873 0.280720 -2.185278
v -1.878355 0.252359 -2.084934
v -1.935586 0.212369 -2.029954
v -1.881724 0.244852 -2.049200
v -1.991619 0.158310 -1.963175
v -1.900532 0.240192 -2.110476
v -1.854523 0.215401 -2.214178
v -1.913761 0.213103 -2.109477
v -1.903596 0.185637 -2.115724
v -1.857446 0.194096 -2.199995
v -1.866730 0.167743 -2.101821
v -1.858277 0.171198 -2.062505
v -1.919919 0.244158 -2.074952
v -1.976436 0.165903 -2.022392
v -1.968454 0.142675 -2.055494
v -1.944555 0.137077 -2.067177
v -1.935017 0.101057 -2.030835
v -1.920043 0.123350 -1.987874
v -1.911730 0.158845 -1.983167
v -1.858231 0.225528 -2.042356
v -1.792170 0.258340 -2.145367
v -1.913497 0.138302 -2.063738
v -1.965315 0.128546 -1.964817
v -1.986423 0.131079 -1.978097
v -1.965268 0.110136 -1.995606
v -1.960136 0.109341 -2.040323
v -2.035497 0.085122 -1.931850
v -2.051161 0.035191 -1.898437
v -2.016764 0.087013 -1.904898
v -2.029063 0.111619 -1.926142
v -1.963308 0.169764 -1.950368
v -1.757974 0.256667 -2.305270
v -1.794056 0.244452 -2.329374
v -1.814956 0.277835 -2.159620
v -1.824612 0.263932 -2.231657
v -1.819685 0.197865 -2.315974
v -1.823753 0.171372 -2.285946
v -1.759301 0.125654 -2.248434
v -1.770041 0.181959 -2.202142
v -1.728106 0.194539 -2.237879
v -1.771902 0.205402 -2.182645
v -1.731878 0.225628 -2.272052
v -1.770698 0.237505 -2.208467
v -1.488946 1.143262 -3.049610
v -1.453980 1.038051 -3.181058
v -1.432964 1.062273 -3.186478
v -1.433662 1.135268 -3.032893
v -1.373442 1.067292 -3.165242
v -1.375003 1.049825 -3.117485
v -1.405054 1.079668 -3.016691
v -1.389127 1.014881 -3.111583
v -1.445342 1.039070 -3.003695
v -1.308273 1.013708 -3.181743
v -1.299254 0.988574 -3.162771
v -1.328318 0.956730 -3.153305
v -1.309151 0.948812 -3.177607
v -1.334725 0.932357 -3.195649
v -1.419636 1.007808 -3.205349
v -1.453802 1.006222 -3.171630
v -1.519308 1.082108 -3.028518
v -1.319955 0.987694 -3.251834
v -1.405210 1.073332 -3.178047
v -1.482124 1.043883 -3.003232
v -1.377703 0.959550 -3.151875
v -1.361587 0.947037 -3.213821
v -1.413387 0.996413 -3.114233
v -1.341523 0.989826 -3.263579
v -1.315396 0.946678 -3.243628
v -1.341598 0.954134 -3.276064
v -1.314707 0.950084 -3.224893
v -1.309641 0.971064 -3.237024
v -1.259523 0.894788 -3.294711
v -1.257909 0.903372 -3.310350
v -1.206595 0.881453 -3.311903
v -1.235571 0.918970 -3.290540
v -1.242691 0.894842 -3.283070
v -1.263189 0.938095 -3.303822
v -1.333627 0.961353 -3.285372
v -1.495492 1.116080 -2.878191
v -1.461999 1.149293 -3.046319
v -1.457897 1.150121 -2.993351
v -1.467361 1.150425 -2.867649
v -1.429234 1.164652 -2.871833
v -1.408560 1.144881 -2.872113
v -1.438781 1.136817 -2.975865
v -1.396954 1.063105 -2.870200
v -1.400599 1.078575 -2.974738
v -1.458636 1.013061 -2.969473
v -1.516117 1.040725 -2.916476
v -1.474363 1.043150 -2.976846
v -1.510079 1.094482 -2.988960
v -1.513934 1.064790 -2.885576
v -1.510080 1.117927 -3.045113
v -1.314820 0.357871 3.162779
v -1.341339 0.326888 3.151681
v -1.322658 0.293098 3.197743
v -1.297308 0.324076 3.204143
v -1.335855 0.306134 2.925780
v -1.299777 0.282070 2.931825
v -1.309731 0.261883 3.136633
v -1.273298 0.285549 2.936485
v -1.245778 0.302096 2.936038
v -1.249304 0.277597 3.137003
v -1.241560 0.321080 3.147875
v -1.241277 0.338335 2.948478
v -1.332420 0.284369 3.145178
v -1.306544 0.233518 3.217963
v -1.285773 0.205304 3.214143
v -1.257973 0.220004 3.184350
v -1.222803 0.223109 3.232585
v -1.217734 0.257794 3.241736
v -1.250825 0.300869 3.228330
v -1.273259 0.361329 3.163404
v -1.267749 0.386026 2.931637
v -1.300569 0.253842 3.313313
v -1.230308 0.230139 3.283423
v -1.257197 0.258033 3.294834
v -1.294239 0.301644 3.279474
v -1.273372 0.222512 3.302144
v -1.250154 0.200667 3.258003
v -1.265383 0.196800 3.347791
v -1.235126 0.139709 3.423984
v -1.274974 0.243937 3.363704
v -1.285844 0.217445 3.365340
v -1.308151 0.364749 2.885558
v -1.252439 0.321442 2.606899
v -1.314151 0.277596 2.698616
v -1.319648 0.387884 2.924859
v -1.312801 0.287755 2.871251
v -1.355567 0.340680 2.924024
v -1.227448 0.163923 2.764405
v -1.269490 0.257490 2.886271
v -1.185130 0.185057 2.772930
v -1.169125 0.261550 2.754408
v -1.250965 0.356672 2.880571
v -1.057472 0.403507 3.122660
v -1.060306 0.393465 2.953633
v -1.109161 0.389233 2.905623
v -1.092649 0.395244 3.114426
v -1.091208 0.343496 3.227229
v -1.054940 0.362376 3.191647
v -1.115860 0.358622 2.918412
v -1.106532 0.311361 3.124171
v -1.032033 0.303298 2.926618
v -1.042435 0.292308 3.121843
v -1.012390 0.333664 3.134112
v -1.017324 0.337169 2.936467
v -1.109890 0.332006 3.156870
v -1.087747 0.308878 3.319443
v -1.108499 0.260540 3.198022
v -1.071070 0.251480 3.182364
v -1.044711 0.256475 3.176462
v -1.024895 0.267453 3.244405
v -1.032131 0.317942 3.231294
v -1.022244 0.388965 3.121662
v -1.021357 0.382548 2.915684
v -1.053895 0.299646 3.284197
v -1.057231 0.351632 3.264351
v -1.045631 0.253486 3.256878
v -1.074762 0.249449 3.252103
v -1.093980 0.257047 3.380143
v -1.078300 0.278976 3.300133
v -1.085427 0.207071 3.412580
v -1.064442 0.290696 3.360780
v -1.061496 0.407259 2.904659
v -1.067132 0.313690 2.624807
v -1.119141 0.297806 2.710798
v -1.112587 0.326764 2.866395
v -1.102038 0.307385 2.909933
v -1.076682 0.170714 2.759759
v -1.071227 0.294821 2.920990
v -0.993232 0.249973 2.705517
v -1.015119 0.293427 2.685163
v -0.806802 0.379509 3.114866
v -0.814984 0.383736 2.930458
v -0.868610 0.397198 2.889145
v -0.846445 0.384758 3.106125
v -0.857532 0.347057 3.168363
v -0.819813 0.342676 3.167749
v -0.887095 0.360123 2.896134
v -0.880683 0.309803 2.901067
v -0.882557 0.311332 3.106936
v -0.856542 0.290847 2.902205
v -0.824825 0.285099 2.902318
v -0.828058 0.276600 3.101116
v -0.791427 0.301084 3.114192
v -0.799245 0.305748 2.911390
v -0.879117 0.346333 3.118419
v -0.893308 0.301031 3.193682
v -0.906993 0.263969 3.178128
v -0.874883 0.244020 3.162022
v -0.849186 0.235417 3.171419
v -0.820779 0.245672 3.214346
v -0.810038 0.296952 3.190993
v -0.780773 0.350515 3.119207
v -0.864965 0.305513 3.295268
v -0.841482 0.233374 3.240683
v -0.837828 0.279889 3.264694
v -0.826545 0.331889 3.241948
v -0.872495 0.265741 3.276092
v -0.878394 0.233859 3.227564
v -0.886765 0.257773 3.358667
v -0.890736 0.238428 3.333038
v -0.901900 0.193982 3.399395
v -0.852995 0.280365 3.334541
v -0.878775 0.323922 2.607875
v -0.923601 0.313800 2.684324
v -0.805988 0.395527 2.886559
v -0.953588 0.255015 2.708749
v -0.892048 0.326044 2.842921
v -0.880014 0.358182 2.829154
v -0.933191 0.203624 2.728364
v -0.868785 0.241391 2.839145
v -0.893443 0.157016 2.704703
v -0.782808 0.352287 2.893220
v -0.821419 0.370299 2.850848
v -0.566355 0.264373 2.173459
v -0.559542 0.237051 2.150390
v -0.677079 0.361672 2.106010
v -0.717967 0.333277 2.125371
v -0.635683 0.269289 2.193473
v -0.649955 0.243251 2.193670
v -0.735868 0.286167 2.126566
v -0.735672 0.263236 2.098024
v -0.648572 0.209373 2.172760
v -0.630170 0.193449 2.151929
v -0.585042 0.268572 2.198761
v -0.564808 0.182090 2.280086
v -0.620266 0.199086 2.277011
v -0.641375 0.168992 2.274386
v -0.620078 0.156204 2.190544
v -0.554822 0.139228 2.235188
v -0.572362 0.201318 2.142346
v -0.677273 0.295912 2.034551
v -0.528787 0.143631 2.303881
v -0.587433 0.121561 2.240903
v -0.558404 0.122573 2.282824
v -0.632899 0.137177 2.260406
v -0.565458 0.144059 2.298105
v -0.555308 0.101138 2.353490
v -0.565217 0.043061 2.399639
v -0.543179 0.051932 2.401460
v -0.543164 0.038209 2.389535
v -0.519273 0.136757 2.275145
v -0.661656 0.361516 2.075619
v -0.760365 0.359192 2.036026
v -0.763885 0.388382 2.051836
v -0.659453 0.325032 2.045304
v -0.775221 0.389537 2.076343
v -0.711040 0.368053 2.086426
v -0.797525 0.395353 2.175286
v -0.774567 0.347703 2.107409
v -0.803189 0.329610 2.181883
v -0.782898 0.315439 2.118490
v -0.830288 0.283681 2.091043
v -0.845504 0.304041 2.004237
v -0.712696 0.266047 2.056743
v -0.845633 0.344201 1.985315
v -1.699196 0.235654 -2.229397
v -1.594752 0.206112 -2.153868
v -1.394177 0.086269 -2.154368
v -1.721812 0.260671 -2.306754
v -1.220410 0.208419 -2.170323
v -1.751085 0.084598 -2.263708
v -1.647939 0.099761 -2.188407
v -1.325342 0.313924 -2.264533
v -1.479507 0.284086 -2.222914
v -1.461400 0.082185 -2.175982
v -1.520942 0.261485 -2.217468
v -1.221456 0.104218 -2.195992
v -1.215576 0.150564 -2.183631
v -1.308347 0.078079 -2.166098
v -1.341799 0.292969 -2.208884
v -1.630028 0.287277 -2.230454
v -1.657509 0.271825 -2.345245
v -1.471738 0.298709 -2.329545
v -1.408818 0.288275 -2.296414
v -1.217111 0.242025 -2.296357
v -1.801742 0.241642 -2.384154
v -1.347565 0.316308 -2.298864
v -1.815267 0.185546 -2.451818
v -1.812293 0.147883 -2.385518
v -1.728351 0.054432 -2.299897
v -1.555079 0.062743 -2.285223
v -1.290203 0.040140 -2.270727
v -1.205684 0.071072 -2.271306
v -1.172470 0.147512 -2.282823
v -1.503444 0.774891 -2.554171
v -1.507578 1.008408 -2.747864
v -1.509192 1.143545 -2.827230
v -1.595456 0.767151 -2.817375
v -1.542109 0.996240 -2.851782
v -1.550232 0.729354 -2.642070
v -1.521172 0.833380 -2.626472
v -1.417060 0.743486 -2.536963
v -1.605420 0.887889 -2.981357
v -1.525150 0.894861 -3.034508
v -1.504179 0.988216 -2.981274
v -1.457186 0.977594 -3.004335
v -1.433123 0.887796 -3.039773
v -1.268245 0.916343 -2.966871
v -1.208699 0.892417 -2.625427
v -1.212929 0.877967 -2.663784
v -1.313496 0.662685 -2.586473
v -1.219707 0.743993 -2.683120
v -1.303402 0.582827 -2.566072
v -1.208199 0.626631 -2.687658
v -1.198820 0.890081 -2.861215
v -1.154396 0.767726 -2.890346
v -1.224969 0.911341 -2.918085
v -1.183355 0.785677 -2.954804
v -1.589095 0.489349 -2.561930
v -1.611940 0.394924 -2.492856
v -1.619888 0.554352 -2.655843
v -1.595336 0.613740 -2.630594
v -1.232166 0.548354 -2.596086
v -1.702739 0.303710 -2.380313
v -1.560592 0.363893 -2.387993
v -1.592356 0.301992 -2.279195
v -1.429940 0.328793 -2.340993
v -1.465638 0.349489 -2.396360
v -1.351062 0.346733 -2.356213
v -1.334786 0.391232 -2.386539
v -1.253226 0.288036 -2.337498
v -1.662097 0.364662 -2.536132
v -1.351321 0.081267 -2.598204
v -1.273085 0.108032 -2.598493
v -1.265064 0.087413 -2.406696
v -1.344675 0.034017 -2.279588
v -1.209121 0.205426 -2.561608
v -1.236242 0.141187 -2.402402
v -1.631065 0.579975 -2.769593
v -1.615075 0.666166 -2.742449
v -1.624026 0.608224 -2.879204
v -1.621847 0.712191 -2.895055
v -1.592721 0.646552 -2.970200
v -1.598758 0.777449 -3.004280
v -1.501896 0.649313 -3.003816
v -1.517650 0.778013 -3.038925
v -1.265910 0.640671 -2.955927
v -1.433297 0.783191 -3.037100
v -1.237684 0.803557 -2.998243
v -1.222042 0.620119 -2.916119
v -1.202129 0.576354 -2.700024
v -1.196422 0.605416 -2.791561
v -1.192088 0.611158 -2.860245
v -1.621075 0.424067 -2.678616
v -1.614264 0.348675 -2.743887
v -1.634967 0.267189 -2.744382
v -1.654044 0.154425 -2.724314
v -1.496139 0.159962 -2.662095
v -1.408948 0.116755 -2.702274
v -1.217762 0.460313 -2.602164
v -1.225060 0.314447 -2.623456
v -1.325209 0.134951 -2.713344
v -1.265113 0.151364 -2.689745
v -1.591384 0.472914 -2.770273
v -1.569901 0.502512 -2.861331
v -1.511149 0.507458 -2.891953
v -1.457542 0.396429 -2.817676
v -1.315063 0.508380 -2.894588
v -1.281290 0.497894 -2.780988
v -1.276047 0.511677 -2.872915
v -1.229152 0.479306 -2.708826
v -1.324572 0.994606 -2.913718
v -1.327345 1.033020 -2.805218
v -1.199473 0.830140 -2.748308
v -1.255744 0.391847 -2.690519
v -1.580467 0.368046 -2.772047
v -1.522744 0.384442 -2.799545
v -1.340695 0.324240 -2.759020
v -1.332211 0.406007 -2.817694
v -1.359979 0.341955 -2.802575
v -1.425089 0.331638 -2.800076
v -1.482311 0.317171 -2.802084
v -1.551968 0.288223 -2.760918
v -1.498478 0.235002 -2.770337
v -1.448938 0.223433 -2.746590
v -1.388782 0.219834 -2.745607
v -1.337651 0.205856 -2.740705
v -1.468778 0.921272 -2.415063
v -1.355300 1.005793 -2.403432
v -1.520730 1.220877 -2.723018
v -1.332380 1.275866 -2.563589
v -1.374623 1.312755 -2.593775
v -1.571653 1.000312 -2.339439
v -1.279057 1.102906 -2.377991
v -1.371515 1.017527 -2.892447
v -1.549581 1.035230 -2.863238
v -1.550902 1.006223 -2.918899
v -1.513541 1.119646 -2.860407
v -1.484287 1.185045 -2.851068
v -1.335342 1.072174 -2.777660
v -1.400619 1.514844 -2.399271
v -0.527353 2.612170 -2.299786
v -0.665326 2.439020 -2.104548
v -1.297049 1.977776 -1.909344
v -1.380353 1.811800 -2.165384
v -1.397265 1.699371 -2.295687
v -1.059382 2.316797 -1.991545
v -1.316619 1.870112 -2.018224
v -1.358677 1.255913 -2.724445
v -1.378512 1.195531 -2.846256
v -0.281478 2.573097 -2.275228
v -0.194929 2.602693 -2.274705
v -0.090388 2.639881 -2.248032
v 0.000026 2.716437 -2.215201
v -1.381820 1.159348 -2.854130
v -1.166931 1.783153 1.622176
v -1.258147 1.797112 1.514091
v -1.172266 1.622843 1.371234
v -0.937935 0.977132 1.823063
v -0.951572 1.092003 1.581840
v -0.946160 1.246169 1.430895
v -0.904103 1.584966 1.544366
v -1.086501 1.781095 1.668169
v -1.038951 2.021335 1.569860
v -0.967000 1.951992 1.577257
v -1.112203 2.043094 1.526002
v -1.228065 1.876977 0.956344
v -1.274499 1.903718 1.118841
v -1.231392 1.924930 1.261364
v -1.209240 1.907595 1.512517
v -1.056887 2.183411 0.924833
v -1.053021 1.963970 0.879405
v -1.040593 1.846511 0.902600
v -0.878073 1.908838 1.586536
v -0.775640 1.864468 1.628861
v -0.846083 1.928144 0.999515
v -0.861047 1.237127 1.435459
v -0.887063 1.049150 1.608681
v -0.862988 0.633979 1.824326
v -0.849744 1.021713 1.516342
v -0.896664 0.712405 1.962648
v -0.982576 1.754923 1.607343
v -0.737429 1.686892 1.379334
v -0.812442 1.636418 1.490269
v -0.860288 1.808106 0.995476
v -0.864331 0.581093 1.681784
v -0.846949 1.559678 1.052656
v -0.910047 0.974123 1.162956
v -0.770333 1.787275 1.093922
v -0.741118 1.791085 1.232565
v -0.717181 1.839932 1.442650
v -1.019689 1.758538 0.953344
v -0.794832 1.779639 1.523995
v -0.885228 1.858896 1.593146
v -1.178410 1.745351 1.017225
v -1.203512 1.786699 1.254906
v -1.283574 1.767494 1.127238
v -1.046083 1.881867 1.638080
v -1.115124 1.896306 1.609246
v -0.847475 0.566602 1.937498
v -0.874301 0.596831 2.029699
v -1.027024 0.473242 1.723326
v -1.194836 0.406904 1.622352
v -0.895128 0.621261 2.139674
v -0.984287 0.616921 2.210840
v -1.096537 0.578898 2.171946
v -1.265006 0.426739 1.682038
v -1.358677 0.527376 1.830093
v -0.094539 3.200058 -2.472435
v 0.000031 3.183878 -2.522270
v 0.000030 2.972936 -2.737938
v -0.058415 2.963686 -2.723736
v 0.000025 3.263389 -2.439594
v -0.150379 3.110262 -2.484248
v -0.136371 2.529419 -2.699284
v -0.075869 2.537419 -2.636475
v -0.137002 2.939651 -2.661813
v -0.153833 2.751792 -2.614678
v -0.084801 2.690318 -2.573483
v -0.128226 2.301643 -2.747667
v -0.109773 2.321771 -2.826261
v -0.099501 2.092263 -2.780650
v -0.119327 2.106426 -2.719181
v -0.062863 2.726687 -2.844388
v 0.000023 2.731554 -2.863647
v -0.057916 2.541937 -2.898996
v -0.138408 2.709156 -2.770517
v -0.038349 1.904188 -2.709842
v 0.012634 1.902728 -2.726068
v -0.031967 1.735333 -2.481878
v -0.072851 2.295346 -2.679359
v -0.075348 2.125456 -2.644323
v -0.046508 2.326550 -2.919067
v 0.000032 2.327582 -2.933545
v -0.044001 2.099201 -2.836608
v -0.077727 1.814011 -2.415018
v -0.079720 1.776788 -2.467354
v -0.026262 1.675581 -2.298952
v -0.034092 1.726083 -2.296858
v -0.112079 1.948848 -2.610278
v -0.095861 1.934080 -2.675468
v -0.066731 1.961045 -2.532725
v -0.012951 1.696966 -2.272581
v -0.009589 1.668656 -2.332173
v 0.008593 2.224081 -0.273887
v -1.364053 0.244194 2.675207
v -1.306316 0.232757 2.735252
v -1.131952 0.258908 2.743606
v -1.019588 0.197225 2.745791
v -1.392653 0.127804 2.727160
v -1.383502 0.072324 2.711537
v -1.153898 0.087065 2.733399
v -0.813946 0.201910 2.665802
v -0.813041 0.253976 2.622489
v -1.074077 0.078916 2.736686
v -0.897195 0.093989 2.700883
v -1.439385 0.130986 2.690694
v -1.444642 0.068772 2.614978
v -0.793292 0.167195 2.635146
v -1.459675 0.153665 2.656235
v -1.461335 0.119044 2.568597
v -1.061976 0.330351 2.580688
v -1.153041 0.289158 2.615730
v -1.424134 0.199872 2.507065
v -1.161075 0.324991 2.469770
v -0.884169 0.354911 2.458080
v -1.105127 0.441636 2.303622
v -0.894839 0.519481 2.094428
v -0.802386 0.421164 2.054404
v -0.853301 0.452870 2.142845
v -0.803602 0.489476 2.012924
v -0.982422 0.516807 2.237607
v -1.163324 0.472229 2.255843
v -0.907834 0.513921 2.146845
v -0.825091 0.333927 2.235663
v -0.858256 0.239543 2.133907
v -0.893824 0.393750 2.378691
v -0.858214 0.374405 2.313060
v -1.246981 0.354517 2.467059
v -1.240498 0.406698 2.359280
v -1.357443 0.294343 2.394882
v -1.402303 0.198536 2.392953
v -1.436418 0.112058 2.442066
v -0.860596 0.464306 1.880201
v -1.251225 0.540251 2.021406
v -1.249755 0.380387 1.739551
v -1.173898 0.357565 1.692417
v -1.003406 0.417457 1.809243
v -0.940229 0.284931 1.947613
v -1.072970 0.263530 1.908784
v -1.046963 0.329005 1.871593
v -1.168842 0.264956 1.924250
v -1.165952 0.333386 1.834530
v -1.278617 0.267630 1.916863
v -1.268374 0.337729 1.862657
v -1.310019 0.294225 2.118496
v -1.324833 0.364333 1.968678
v -1.269833 0.417984 2.087428
v -1.281739 0.367074 2.222403
v -1.342691 0.277556 2.292680
v -1.372617 0.176510 2.322662
v -1.327689 0.156130 2.261906
v -1.385737 0.084392 2.383387
v -1.315465 0.074738 2.345103
v -1.371400 0.021740 2.476776
v -1.296666 0.022872 2.422547
v -1.322636 0.007168 2.533798
v -0.814532 0.283832 2.411105
v -0.778038 0.164526 2.522584
v -0.838617 0.078378 2.450316
v -0.806907 0.089406 2.550792
v -0.920015 0.019525 2.540731
v -0.888456 0.046756 2.656291
v -1.077582 0.056019 2.567451
v -1.064818 0.052309 2.677229
v -1.203960 0.023934 2.487418
v -1.170535 0.057218 2.601057
v -1.228923 0.050561 2.675364
v -1.297565 0.208453 2.003425
v -1.179402 0.187745 1.940440
v -1.079066 0.191204 1.962563
v -0.951697 0.192053 2.023922
v -1.317442 0.117736 2.056415
v -1.216793 0.104694 1.976966
v -1.072586 0.123371 2.056237
v -0.823119 0.273597 2.315619
v -0.903248 0.083383 2.229465
v -0.839324 0.206236 2.311255
v -0.977330 0.058970 2.173601
v -1.082247 0.065540 2.166179
v -1.208881 0.038752 2.132047
v -1.290675 0.055949 2.120213
v -0.951651 0.054307 2.255422
v -0.883678 0.094187 2.380059
v -0.990408 0.072845 2.321859
v -0.950256 0.056733 2.462929
v -1.051672 0.064632 2.524405
v -1.097688 0.115004 2.377752
v -1.147370 0.096115 2.375155
v -1.259488 0.079535 2.325705
v -1.108231 0.062425 2.244301
v -1.032531 0.042833 2.252858
v -1.108707 0.083668 2.314541
v -1.370857 0.034739 2.654555
v -1.422259 0.040690 2.547299
v -1.233478 0.435389 2.212774
v -1.290427 1.247771 1.341959
v -1.388061 1.090979 1.389090
v -0.855471 2.974584 1.507806
v -0.029700 2.058289 2.205950
v 0.000032 1.825027 0.588328
v -0.000176 1.630663 0.810459
v -0.031502 3.545342 -0.372378
v 0.000003 3.471234 -0.185408
v 0.000033 2.662988 -2.571941
v 0.000903 2.511648 -2.627913
v 0.000033 2.288754 -2.661035
v 0.000054 2.122566 -2.623723
v 0.000038 1.967912 -2.518813
v -0.000135 2.722652 -2.497971
v 0.000032 3.769566 2.654018
v 0.000035 4.013170 2.145962
v -0.001650 2.688922 2.780538
v 0.000158 2.601940 2.635028
v 0.000041 2.539588 2.577199
v 0.000049 2.482889 2.496777
v 0.000289 3.781953 1.935070
v 0.000029 1.810228 1.937089
v 0.000033 1.642975 1.762252
v 0.000031 3.720541 -1.513360
v 0.000042 3.823228 -1.031486
v -0.000360 3.646234 -0.681456
v -0.074906 2.929208 -1.276694
v 0.000034 2.853290 -1.386945
v 0.030051 2.667046 -1.568053
v -0.149498 3.424891 -0.040832
v 0.000025 1.522597 1.384727
v 0.002249 1.553909 1.131002
v -0.000866 2.295388 3.330013
v -0.018448 2.355492 3.254987
v -0.016454 2.327566 3.554254
v -0.003482 2.282068 3.486029
v -1.115870 0.190869 2.756535
v -1.191482 0.305920 2.693326
v -0.476735 3.378805 3.075810
v -0.306910 2.766765 3.376323
v -0.356067 2.870085 3.313226
v -0.087824 1.573626 1.669351
v -0.003351 1.568384 1.532599
v 0.002024 1.585054 1.603057
v 0.029287 3.210001 4.011673
v 0.099401 3.129901 3.975770
v 0.134808 3.174224 3.955895
v 0.148973 3.070513 3.872527
v 0.033564 3.085197 4.007061
v 0.030407 3.063002 3.997468
v 0.065603 3.055618 3.978079
v 0.196433 3.047304 3.768092
v 0.286848 3.121810 3.521387
v 0.223389 3.087243 3.660359
v 0.300558 3.093750 3.327749
v 0.317879 3.065077 3.290614
v 0.307139 2.956183 3.314287
v 0.201558 2.677727 3.464112
v 0.229333 2.649420 3.445526
v 0.134165 2.508048 3.600937
v 0.085949 2.414269 3.625502
v 0.057124 2.434756 3.657985
v 0.213154 3.443944 3.542738
v 0.276529 3.429292 3.491558
v 0.269840 3.461400 3.357902
v 0.251105 3.537649 3.372443
v 0.418525 3.349897 3.278181
v 0.420852 3.394380 3.179227
v 0.346629 3.430571 3.285360
v 0.424984 3.250461 3.147398
v 0.461168 3.253397 3.044509
v 0.537852 3.079365 2.966653
v 0.440951 2.845810 3.083907
v 0.534708 3.043306 2.963614
v 0.026438 2.592128 3.107086
v 0.396601 2.783381 3.091274
v 0.229690 2.641309 3.121032
v 0.232275 2.816650 2.933877
v 0.410178 2.868135 2.948725
v 0.229143 3.128967 3.662521
v 0.217882 3.246861 3.712949
v 0.203824 3.195944 3.806369
v 0.213516 3.080845 3.778748
v 0.353219 3.205375 3.353970
v 0.389827 3.165458 3.247838
v 0.341922 2.737773 3.323061
v 0.379349 2.766255 3.288569
v 0.397917 2.893638 3.226212
v 0.182094 2.437948 3.478861
v 0.310900 2.639026 3.293444
v 0.080208 2.346117 3.543399
v 0.070343 2.295462 3.453484
v 0.446221 2.956696 3.102046
v 0.478221 2.965068 3.039041
v 0.451623 3.187214 3.135511
v 0.087239 3.297119 3.891881
v 0.089827 3.199601 3.993761
v 0.146748 3.304202 3.856441
v 0.329965 3.332259 3.470133
v 0.375546 3.266030 3.345970
v 0.287878 3.258756 3.592755
v 0.106778 3.536901 3.651502
v 0.147661 3.494505 3.648969
v 0.145003 3.568608 3.500346
v 0.065289 3.550787 3.494764
v 0.438421 2.894925 3.142816
v 0.194125 2.535112 3.240900
v 0.338266 2.690231 3.225683
v 0.095508 2.604528 3.111321
v 0.070954 2.706395 2.942461
v 0.103837 2.421193 3.256647
v 0.057413 2.387790 3.245358
v 0.058958 2.318430 3.325789
v 0.205921 2.482804 3.346447
v 0.416052 2.789799 3.228609
v 0.376312 3.381138 3.377553
v 0.411345 2.935019 3.151823
v 0.405388 3.226014 3.227849
v 0.042706 3.406798 3.750384
v 0.046044 3.477394 3.630929
v 0.149938 3.376418 3.629454
v 0.323282 3.371204 3.479358
v 1.520380 0.262599 3.072824
v 1.484976 0.307516 2.899676
v 1.490932 0.290900 3.090280
v 1.477644 0.256520 3.129079
v 1.504254 0.229038 3.123664
v 1.477422 0.233889 3.209285
v 1.488974 0.195647 3.236027
v 1.509385 0.211494 3.079944
v 1.485717 0.194012 3.062356
v 1.425647 0.210483 3.067914
v 1.479186 0.155180 3.103298
v 1.469803 0.136310 3.160757
v 1.436077 0.132405 3.185977
v 1.406611 0.159468 3.179463
v 1.413049 0.170877 3.209802
v 1.432979 0.235487 3.146016
v 1.455139 0.293784 3.091832
v 1.417853 0.239832 3.096143
v 1.413023 0.169604 3.114836
v 1.482373 0.165014 3.208378
v 1.434916 0.153190 3.114052
v 1.462321 0.159360 3.228994
v 1.471931 0.135869 3.305310
v 1.440084 0.086755 3.348375
v 1.434350 0.071720 3.349269
v 1.445764 0.192997 3.218887
v 1.465397 0.175810 3.288532
v 1.497170 0.258253 2.793750
v 1.434257 0.185249 2.518058
v 1.412225 0.245756 2.595438
v 1.434787 0.316028 2.869356
v 1.411452 0.270081 2.885907
v 1.411682 0.238087 2.868708
v 1.432808 0.221940 2.867177
v 1.466578 0.214206 2.865232
v 1.505109 0.238251 2.858479
v 1.520901 0.272230 2.846954
v 1.479876 0.222999 2.796529
v 1.449448 0.197228 2.813398
v 1.482571 0.322964 2.859825
v 0.554961 3.038320 2.104301
v 0.640019 2.969499 1.906666
v 0.583899 3.081495 1.793415
v 0.561508 3.143881 2.021056
v 0.502741 3.191550 1.725687
v 0.418961 3.298784 1.657560
v 0.416433 3.444340 1.914746
v 0.498132 3.291909 1.964501
v 0.133154 3.565236 1.564738
v 0.111434 2.407687 2.396386
v 0.137675 2.290034 2.307504
v 0.376345 2.592523 2.332803
v 0.254319 2.513490 2.308856
v 0.280489 2.322924 2.270602
v 0.418281 2.417128 2.229518
v 0.898299 2.960602 1.303807
v 0.966929 2.909319 1.065837
v 0.881238 2.992965 0.996499
v 0.927606 2.892960 0.765526
v 0.853668 2.976150 0.668263
v 0.851466 3.094874 0.931959
v 0.742979 2.651433 1.840863
v 0.815379 2.594140 1.824792
v 0.833827 2.857665 1.687823
v 0.593415 2.194424 1.883164
v 0.512678 1.949484 1.846616
v 0.571944 1.952142 1.830988
v 0.663375 2.176581 1.836256
v 0.756374 2.511669 0.662096
v 0.615775 2.349163 0.533663
v 0.710215 2.497061 0.564243
v 0.526210 2.076515 0.940522
v 0.527290 2.011209 0.792101
v 0.524573 1.908322 1.143277
v 0.453641 1.679891 1.394202
v 0.461022 1.834452 1.072845
v 0.463274 1.759469 1.566425
v 0.493972 1.775644 1.471767
v 0.511297 1.792991 1.475984
v 0.648613 2.427051 1.847485
v 0.745265 2.421806 1.845541
v 0.516559 1.837183 1.645448
v 0.553192 1.865548 1.537725
v 1.397910 1.038083 1.075002
v 1.358888 0.875472 1.419068
v 1.333563 0.840341 1.273503
v 1.344712 0.980695 1.081494
v 1.161964 0.966258 1.043649
v 1.012510 0.987825 1.077857
v 0.971605 1.164975 0.935485
v 1.116733 1.143254 0.919231
v 1.037525 1.272217 1.512687
v 1.146717 1.256232 1.444558
v 1.085132 1.635978 1.659832
v 0.989801 1.598250 1.601980
v 1.085332 1.541090 0.903950
v 0.907859 1.549390 0.946722
v 1.256466 1.103621 1.478077
v 1.153631 1.111333 1.556247
v 1.116668 1.020837 1.852454
v 1.197572 1.004097 1.766417
v 1.050840 1.104984 1.593417
v 1.203624 0.729969 1.991185
v 1.250252 0.679231 1.916446
v 1.318984 0.998347 1.557898
v 1.300275 1.538070 1.100219
v 1.384451 1.186400 0.990822
v 1.312389 1.139910 0.931688
v 1.213896 1.549738 0.965279
v 1.294471 1.570626 1.225946
v 1.364694 1.231033 1.250224
v 1.417444 1.069629 1.215826
v 0.859982 1.028921 1.272498
v 0.845749 1.072216 1.464222
v 0.817834 1.209038 1.328724
v 0.849487 1.186075 1.135626
v 0.786800 1.575904 1.335628
v 0.846967 1.563415 1.052936
v 1.161756 1.633526 1.592958
v 1.219898 1.255174 1.451399
v 1.310398 0.549737 1.619691
v 1.347967 0.606367 1.782700
v 1.206568 0.522147 1.558245
v 1.113880 0.796700 1.267115
v 0.934574 0.847678 1.401294
v 1.009539 0.830058 1.346002
v 1.048591 0.545511 1.621315
v 1.004339 0.721520 2.030049
v 1.095335 0.725173 2.035485
v 1.019730 1.018338 1.889738
v 0.740677 3.268231 1.131630
v 0.594219 3.354581 1.071589
v 0.544383 3.394236 1.287633
v 0.676900 3.262827 1.410348
v 0.795031 3.106913 0.611299
v 0.713466 3.240398 0.559860
v 0.652145 3.355489 0.844600
v 0.758054 3.228743 0.858244
v 0.833926 2.760721 0.485843
v 0.822355 2.919196 0.392863
v 1.205996 2.732243 1.306454
v 1.315569 2.391149 1.307560
v 1.303177 2.403793 1.140847
v 1.167337 2.756841 1.105982
v 1.062154 2.553333 0.885142
v 0.929217 2.795401 0.865716
v 0.903093 2.573401 0.778111
v 0.703035 2.133790 1.027431
v 0.614845 2.093420 1.061321
v 0.699205 2.407409 0.789598
v 0.807290 2.346578 0.854738
v 0.572365 1.975800 1.209974
v 0.624145 1.887974 1.521368
v 0.589993 1.842790 1.476670
v 0.650515 1.948267 1.387330
v 0.637836 1.963923 1.762255
v 0.745588 2.197704 1.688456
v 0.921400 2.465729 1.751130
v 0.859532 2.307884 1.801489
v 1.040023 2.658383 1.646582
v 1.108331 2.712930 1.540049
v 0.951779 2.889543 1.524856
v 1.214515 2.321931 1.606232
v 1.276849 2.361104 1.512745
v 0.940965 2.160318 1.728101
v 1.030699 2.265179 1.682119
v 0.843257 2.113991 1.668218
v 0.687268 1.909876 1.470391
v 0.706457 1.929200 1.686228
v 0.701153 1.918328 1.283910
v 0.734804 1.998385 1.133183
v 1.142031 2.327920 0.960682
v 1.088068 2.297176 0.937882
v 0.806282 2.090583 1.005797
v 0.923405 2.127900 0.903470
v 1.224481 2.064086 1.246843
v 1.186408 2.080734 1.434279
v 1.200263 2.003197 0.939902
v 1.261933 2.039342 1.107749
v 0.984460 3.265061 -1.761768
v 1.090316 3.020051 -1.725326
v 0.915757 3.093129 -1.950476
v 0.883467 2.784488 -1.344410
v 0.816074 2.660600 -1.348258
v 0.963519 2.541572 -1.244624
v 1.033087 2.649836 -1.262477
v 0.724482 2.428518 -1.409531
v 0.656375 2.308864 -1.605511
v 0.778508 2.218428 -1.574196
v 0.822219 2.376009 -1.343937
v 0.815801 2.263493 -1.909129
v 0.863274 2.567707 -2.194698
v 0.914687 2.774500 -2.133516
v 0.967316 2.490801 -2.160593
v 1.047060 2.981733 -1.912902
v 0.636582 3.399005 -1.803155
v 0.529628 3.498745 -1.866566
v 0.482824 3.509754 -1.667148
v 0.621019 3.403285 -1.614210
v 0.636723 3.230114 -1.445844
v 0.747963 3.137243 -1.396724
v 0.803779 3.364394 -1.600950
v 0.363227 2.696935 -1.525672
v 0.454896 2.625478 -1.515106
v 0.472057 2.883772 -1.462414
v 0.403998 2.960106 -1.431147
v 0.396409 2.521858 -1.966620
v 0.493529 2.447998 -1.970413
v 0.340429 2.558168 -1.697776
v 1.215765 2.169388 -1.907039
v 1.282743 2.058247 -1.877081
v 0.569657 3.134405 -2.196144
v 0.605786 3.309436 -2.029615
v 0.738872 3.323635 -2.022321
v 0.702980 3.082638 -2.150178
v -0.000176 3.446168 1.044366
v 0.166870 3.650253 -1.957126
v 0.276146 3.686014 -1.705024
v 0.131074 3.325822 -2.302099
v 0.130489 3.491466 -2.124927
v 0.105930 2.774429 -2.403434
v 0.101553 2.767249 -2.481825
v 0.178718 2.846159 -2.491268
v 0.207514 2.804709 -2.420916
v 0.027418 2.558623 -1.712073
v 0.079622 2.624546 -2.057879
v 0.450574 2.572608 -2.133220
v 0.543434 2.504161 -2.135488
v 0.593664 2.957440 -2.325507
v 0.710963 2.899878 -2.251519
v 0.628097 2.692753 -2.303058
v 0.538865 2.780461 -2.377680
v 0.109507 2.711978 -2.348711
v 0.178750 1.669999 1.612358
v 0.094548 1.570219 1.664500
v 0.084378 1.580653 1.518614
v 0.154338 1.659545 1.522488
v 0.344496 1.754501 1.086402
v 0.337127 1.664704 1.360760
v 0.514218 1.955557 0.630766
v 0.135099 1.977011 0.153500
v 0.136360 2.063963 -0.035619
v 0.370150 2.096726 0.224340
v 0.347861 1.930395 0.513236
v 0.221382 1.889355 0.525450
v 0.250553 2.021837 0.169364
v 0.228913 3.408317 0.442259
v 0.144689 3.406852 0.807892
v 0.573136 3.379773 0.556566
v 0.287422 3.383734 0.790231
v 0.511029 3.406830 0.792065
v 0.444300 3.366095 1.048429
v 0.253764 3.410012 1.020113
v 0.250761 3.506056 1.200567
v 0.404508 3.461855 1.241890
v 0.113466 1.842355 0.557709
v 0.267519 2.114124 0.001819
v 0.438392 2.244824 0.136152
v 0.125408 1.751958 0.713133
v 0.244143 1.801029 0.689422
v 0.250896 1.751843 0.855844
v 0.127847 1.640171 1.090293
v 0.237953 1.676223 1.115597
v 0.240056 1.624878 1.377610
v 0.093127 1.563896 1.397455
v 0.318975 1.652913 1.616806
v 0.241820 1.664235 1.628021
v 0.241431 1.683424 1.491028
v 0.338811 1.675039 1.489648
v 0.387465 1.806943 0.669706
v 0.409363 1.782702 0.814196
v 0.579528 2.419602 0.299734
v 0.164648 3.394940 0.240054
v 0.574578 3.319508 0.374391
v 0.557651 3.292714 0.203912
v 0.338063 3.358249 0.217608
v 0.362426 3.401127 0.460938
v 0.777901 2.897515 0.251859
v 0.777002 2.883448 0.099695
v 0.755287 3.139283 0.168198
v 0.742372 3.191606 0.359368
v 0.736581 2.691701 0.243360
v 0.677110 2.677363 0.103210
v 1.000510 2.207713 0.930357
v 0.872790 2.405895 0.869081
v 0.802858 2.492260 0.781051
v 0.746866 2.593132 0.455169
v 0.772521 2.708525 0.355322
v 0.860210 2.613281 0.674096
v 0.824846 2.638769 0.565309
v 0.822487 2.459385 -2.136526
v 0.913123 2.429704 -2.088848
v 0.227693 2.553494 -1.699919
v 0.161055 2.569762 -2.041600
v 0.230973 2.550536 -1.997696
v 0.308249 2.849386 -2.414980
v 0.229839 3.143506 -2.397459
v 0.319033 3.056900 -2.397422
v 0.333573 3.229064 -2.279402
v 0.245022 3.489643 -2.125056
v 0.337520 3.454784 -2.118019
v 0.464128 3.581060 -1.907192
v 0.341501 3.658085 -1.938788
v 0.391447 3.605635 -1.677040
v 0.168275 3.525379 -0.153530
v 0.147884 3.425169 -0.054341
v 0.289755 3.401935 -0.094071
v 0.310860 3.476551 -0.203389
v 0.534229 3.330083 -0.110108
v 0.659890 2.900496 -0.170014
v 0.625948 3.214572 -0.131048
v 0.596621 2.737854 -0.208467
v 0.432587 2.539077 -0.222709
v 0.545274 2.452154 0.103776
v 0.138038 2.199563 -0.284074
v 0.286229 2.375498 -0.388815
v 0.136740 3.731850 -1.516032
v 0.283099 3.730187 -1.370249
v 0.298335 3.695255 -1.648343
v 0.467555 3.294211 -1.367230
v 0.534086 3.290647 -1.437043
v 0.449052 3.517820 -1.502379
v 0.208523 2.731712 -1.554325
v 0.094706 2.573531 -1.719389
v 0.073376 2.889410 -1.362627
v 0.143829 2.933865 -1.345569
v 0.238444 2.982312 -1.361839
v 0.237407 2.986233 -1.273390
v 0.081650 2.932813 -1.268800
v 0.477416 3.181087 -1.295134
v 0.491769 3.226753 -1.363901
v 0.554431 3.131279 -1.348730
v 0.961046 3.271962 -1.615189
v 0.902662 2.963133 -1.406865
v 1.059474 2.793581 -1.336819
v 1.110715 3.009125 -1.542938
v 0.375360 3.631107 -1.061040
v 0.375200 3.476930 -1.040212
v 0.386298 3.527258 -1.348977
v 0.109601 2.827671 -0.939817
v 0.096044 2.927051 -1.166209
v 0.359969 2.428198 -0.323724
v 0.494502 2.806129 -0.338758
v 0.459890 2.615047 -0.360763
v 0.567637 2.977565 -0.321586
v 0.550610 3.253415 -0.281043
v 0.412688 3.246072 -1.017934
v 0.464559 3.473326 -0.734599
v 0.431318 3.186038 -0.745046
v 0.408821 3.046884 -1.014781
v 0.482993 3.032454 -0.743076
v 0.414288 2.870749 -0.743424
v 0.336845 2.988336 -0.959096
v 0.327629 2.808701 -0.723893
v 0.261570 2.732054 -0.723348
v 0.258871 2.865282 -0.894314
v 0.146310 2.315180 -0.426605
v 0.132314 2.664602 -0.724040
v 0.458484 3.484027 -0.406683
v 0.496474 3.315947 -0.428432
v 0.371959 3.572827 -0.721621
v 0.151929 3.820263 -1.009846
v 0.137990 3.681287 -0.685176
v 0.270745 3.662246 -0.708279
v 0.291855 3.775975 -1.037640
v 0.460134 3.400410 -0.243622
v 0.538621 3.046621 -0.465024
v 0.490986 2.847368 -0.481809
v 0.481445 2.693344 -0.500349
v 0.390322 2.581229 -0.503500
v 0.290707 2.477426 -0.503561
v 0.149090 3.576167 -0.370874
v 0.293238 3.554421 -0.400766
v 0.268775 2.998981 -1.163856
v 0.190510 2.952230 -1.146127
v 0.413725 3.212790 -1.233535
v 0.329568 3.068000 -1.179650
v 0.349634 3.395586 1.632441
v 0.230712 3.486063 1.593039
v 0.303129 3.557047 1.819048
v 0.765497 2.950031 1.718704
v 0.772469 3.085654 1.507120
v 0.496299 2.887294 2.144056
v 0.431431 2.738561 2.237764
v 0.498528 2.575076 2.145672
v 0.624357 2.839185 2.021044
v 0.553087 2.425009 1.943277
v 0.656094 2.712718 1.881258
v 0.404456 2.236513 2.040108
v 0.135443 2.066030 2.189726
v 0.271691 2.098077 2.172218
v 0.386778 2.075147 1.985458
v 0.482429 2.204083 1.919873
v 0.135825 1.943967 2.081985
v 0.253864 1.862405 1.886718
v 0.270682 1.987938 2.077230
v 0.336038 1.937098 1.814000
v 0.337525 1.763413 1.742181
v 0.408362 1.800824 1.733573
v 0.426851 1.969703 1.821684
v 0.122069 1.682543 1.773650
v 0.242021 1.721513 1.742088
v 0.104307 3.782834 1.919870
v 0.104448 3.903686 2.054816
v 0.201458 3.842220 2.054113
v 0.175497 3.723446 1.936252
v 0.250860 3.669190 1.990273
v 0.481195 3.394313 2.074448
v 0.499921 3.150019 2.217508
v 0.518612 3.250245 2.156843
v 0.107947 4.042811 2.163195
v 0.184024 4.021416 2.242311
v 0.279297 3.777797 2.201706
v 0.186979 4.002677 2.184438
v 0.377797 3.574394 2.320954
v 0.320791 3.628473 2.118415
v 0.428151 2.894096 2.364855
v 0.439836 3.012606 2.280266
v 0.332931 2.734915 2.397538
v 0.132030 2.552641 2.514956
v 0.223215 2.628756 2.444902
v 0.440820 3.269922 2.339074
v 0.393332 3.432611 2.416816
v 0.387911 2.990135 2.584047
v 0.393645 2.930449 2.447681
v 0.414818 3.101243 2.388713
v 0.393761 3.196618 2.510901
v 0.358641 2.851249 2.595756
v 0.329863 2.814101 2.480950
v 0.145418 2.665020 2.634690
v 0.263829 2.734779 2.543002
v 0.472178 3.248330 2.795516
v 0.514749 3.063017 2.848627
v 0.446813 3.033601 2.723864
v 0.400741 3.280047 2.623811
v 0.550342 3.113146 2.907404
v 0.528753 3.160196 2.907831
v 0.022055 2.708067 2.888799
v 0.100790 2.727459 2.880599
v 0.158791 2.717119 2.719365
v 0.195632 2.795167 2.848475
v 0.398588 2.894030 2.831182
v 0.396479 2.886557 2.711013
v 0.323607 3.059677 -1.280269
v 0.329905 3.037788 -1.379539
v 0.277794 2.738381 -1.516492
v 0.456133 3.208953 -2.259399
v 0.467810 3.387183 -2.074134
v 0.420779 2.796518 -2.410391
v 0.451727 3.016672 -2.368546
v 0.303219 2.551881 -1.962685
v 0.322940 2.661392 -2.371047
v 0.239297 2.663381 -2.387083
v 0.390974 1.680358 1.608675
v 0.432279 1.691187 1.487134
v 0.519178 2.321297 0.187979
v 0.481851 2.193499 0.277959
v 0.556106 2.191966 0.462093
v 0.244663 3.606576 3.287689
v 0.057163 3.032406 3.846697
v 0.174504 2.737648 3.357094
v 0.057363 2.543013 3.488502
v 0.094979 3.052972 3.737035
v 0.114233 3.044212 3.855448
v 0.274539 2.967514 3.309129
v 0.282154 3.050811 3.296166
v 0.220768 3.055939 3.273536
v -0.010032 2.515348 3.501815
v 0.254744 3.080822 3.536166
v 0.224715 3.131042 3.397494
v 0.245771 3.096979 3.315911
v 0.299608 3.109651 3.382020
v 0.181028 3.022036 3.725999
v 0.113401 3.168707 3.575418
v 0.191012 3.150355 3.507493
v 0.083602 2.484541 3.629373
v 0.122386 2.860975 3.259303
v 0.016201 2.748089 3.295982
v 0.084471 3.153708 3.359087
v 0.180234 2.964859 3.249906
v 0.159683 3.175469 3.457501
v 0.022874 3.160441 3.368340
v 0.063005 3.156246 3.637432
v 0.193513 3.087920 3.295850
v 0.128597 3.026594 3.259309
v 0.119884 3.013689 3.255507
v 0.103362 3.058285 3.277666
v 0.112310 3.052833 3.273531
v 0.026588 2.943828 3.255680
v 0.028689 3.057942 3.287435
v 0.063789 3.062296 3.285806
v 0.113325 2.986322 3.249457
v 0.128775 3.032737 3.260893
v 0.085055 3.055054 3.279116
v 0.070978 2.952989 3.249467
v 0.376927 3.797519 2.320147
v 0.315812 3.949162 2.315768
v 0.430396 3.451848 2.571276
v 0.470635 3.519774 2.542671
v 0.459268 3.664502 2.386374
v 0.146345 3.588008 3.410711
v 0.658585 2.526018 0.390678
v 0.793775 3.062902 1.211269
v 0.281632 3.378387 3.530523
v 0.190929 3.309457 3.714340
v 0.069826 3.146492 4.011946
v 0.047148 3.114186 3.978632
v 0.083192 3.098351 3.950169
v 0.153175 3.122959 3.908694
v 0.066062 3.096261 3.965633
v 0.417489 3.569916 3.062280
v 0.348190 3.607142 3.104831
v 0.472103 3.571809 2.963991
v 0.477756 3.711551 2.766558
v 0.443363 3.740771 2.840014
v 0.399072 3.691483 2.987146
v 0.234608 3.995579 2.352522
v 0.110746 4.001859 2.443038
v 0.227810 3.959576 2.447861
v 0.005098 4.075432 2.333090
v 0.399032 3.868470 2.427719
v 0.375542 3.872136 2.543462
v 0.398513 3.782514 2.676885
v 0.000819 4.087994 2.262433
v 0.483006 3.379850 2.777790
v 0.493396 3.322279 2.957866
v 0.468773 3.233860 2.972868
v 0.497332 3.331456 3.051750
v 0.415170 3.932623 2.362976
v 0.426784 3.908265 2.335622
v 0.350825 3.983632 2.334227
v 0.350590 3.916761 2.344545
v 0.509212 3.855063 2.466016
v 0.544072 3.767520 2.439993
v 0.572010 3.754010 2.580739
v 0.599291 3.676225 2.552133
v 0.570028 3.595139 2.787964
v 0.598233 3.500157 2.803855
v 0.495181 3.408597 3.019509
v 0.303187 3.510295 3.274929
v 0.390831 3.556123 3.150637
v 0.288634 3.601017 3.237389
v 0.505317 3.681786 2.406574
v 0.544289 3.557368 2.542743
v 0.402277 3.893460 2.392050
v 0.469086 3.825941 2.444256
v 0.302117 3.966661 2.352287
v 0.489099 3.727734 2.604581
v 0.565146 3.462105 2.760607
v 0.531261 3.420222 2.947886
v 0.495109 3.372211 2.938708
v 0.452408 3.425941 3.072402
v 0.504518 3.631988 2.783477
v 0.425443 3.436303 3.119896
v 0.040123 3.911193 2.513949
v 0.179336 3.896991 2.524654
v 0.289903 3.609164 2.949985
v 0.169501 3.629265 3.255383
v 0.284124 3.603306 3.213254
v 0.358467 3.706432 2.833203
v 0.220252 3.616468 3.204046
v 0.345097 3.830679 2.611593
v 0.032748 3.543087 3.228667
v 0.257914 3.732304 2.718465
v 0.261810 3.688843 2.778231
v -0.000539 3.546702 3.100224
v 0.259528 3.638046 2.843103
v 0.179848 3.565280 3.027883
v 0.210384 3.581259 2.962893
v 0.229823 3.605377 2.897212
v 0.152781 3.564604 3.063219
v 0.142139 3.754353 2.655331
v 0.170118 3.749259 2.663836
v 0.115153 3.566121 3.096635
v 0.071079 3.755940 2.654473
v 0.235992 3.733376 2.692252
v 0.086816 3.562426 3.110988
v 1.631506 1.892206 -1.844808
v 1.621170 1.812147 -2.073027
v 1.573771 1.893452 -1.894117
v 1.596029 1.582922 -1.453519
v 1.392920 1.584085 -1.442216
v 1.438174 1.474286 -1.589818
v 1.578787 1.470343 -1.632810
v 1.281800 1.638581 -1.595640
v 1.290524 1.506179 -1.724948
v 1.269296 1.746782 -1.730263
v 1.247816 1.837550 -1.887863
v 1.207849 1.744964 -2.061348
v 1.167449 1.625600 -1.891307
v 0.442551 2.614555 -2.373874
v 1.323540 1.867588 -2.022158
v 1.280513 1.862329 -2.005043
v 1.269821 1.903781 -1.944639
v 1.195159 1.933577 -1.571452
v 1.206554 2.033880 -1.796350
v 1.288832 1.930058 -1.714343
v 1.259590 1.765211 -1.484210
v 1.193048 1.849865 -1.407509
v 1.377131 1.749252 -1.280410
v 1.477189 2.035516 -1.171073
v 1.542589 1.770469 -1.308063
v 1.588803 2.173614 -1.674785
v 1.649008 2.037952 -1.688483
v 1.570775 2.007517 -1.719720
v 1.493496 2.140565 -1.680301
v 1.572984 1.005164 -2.330782
v 1.518708 0.838026 -2.556244
v 1.278702 1.008163 -2.526598
v 1.216763 0.917972 -2.586860
v 1.311904 1.105995 -2.610906
v 1.247964 1.953216 -1.893777
v 1.652559 1.667676 -2.197444
v 1.601187 1.682351 -2.233381
v 1.452675 0.893104 -2.445592
v 1.393024 0.807407 -2.532712
v 1.669101 2.034623 -1.379344
v 1.674817 1.954062 -1.261695
v 1.695499 1.818504 -1.348864
v 1.738531 1.947261 -1.470785
v 1.806688 1.731426 -1.572433
v 1.733048 1.666938 -1.484877
v 1.708730 1.493775 -1.692025
v 1.728181 1.634545 -1.834059
v 1.263352 2.367522 -1.230872
v 1.160376 2.283067 -1.240686
v 1.366389 1.995158 -1.170128
v 1.004488 2.168481 -1.340499
v 1.147327 1.972808 -1.340553
v 1.329169 1.185986 -2.659350
v 1.317207 1.093591 -2.741286
v 0.924539 2.102408 -1.520826
v 1.129040 2.026679 -1.540221
v 0.955717 2.189654 -1.877836
v 1.104769 2.119228 -1.879464
v 1.425367 1.268351 -2.731151
v 1.430017 1.968471 -1.778989
v 1.316326 2.084499 -1.827599
v 1.450169 1.803412 -2.175616
v 1.420636 1.874074 -1.963731
v 1.348366 1.253136 -2.713154
v 1.342595 1.177476 -2.825767
v 1.276848 2.850457 -1.474443
v 1.212803 2.628447 -1.275714
v 1.712778 1.582780 -2.048215
v 1.709786 1.660484 -2.132314
v 1.732123 1.765039 -1.967371
v 1.710476 2.131736 -1.571028
v 1.718678 2.057949 -1.630520
v 1.678771 2.193849 -1.626574
v 1.735310 1.843384 -1.740203
v 1.690723 1.903515 -1.808754
v 1.225045 2.837584 -1.667321
v 1.142728 2.725597 -1.945674
v 1.184116 2.815305 -1.824742
v 1.059287 2.447148 -2.063536
v 1.107419 2.607246 -2.061061
v 1.199340 2.056432 -1.868077
v 1.373485 1.811114 -2.162054
v 1.298962 1.980313 -1.907499
v 1.329988 1.918237 -1.952307
v 1.245675 2.063709 -1.884487
v 0.967213 2.301046 -1.985472
v 1.132971 2.366902 -1.995221
v 1.211054 2.501863 -1.980762
v 1.384451 2.237360 -1.719206
v 1.498787 2.288362 -1.650190
v 1.288206 2.581831 -1.871083
v 1.309224 2.650209 -1.735000
v 1.622270 2.326802 -1.559949
v 1.640548 2.297839 -1.470835
v 1.392555 2.695667 -1.585058
v 1.396649 2.633183 -1.436772
v 1.675040 2.209764 -1.326092
v 1.361813 2.457784 -1.228824
v 1.585611 2.099416 -1.215207
v 1.148315 2.508634 -1.247048
v 1.551350 1.298336 -2.578231
v 1.651946 1.479169 -2.323527
v 1.357894 1.677921 -2.260978
v 1.210867 1.464596 -2.314851
v 1.176911 1.633258 -2.146819
v 1.563478 1.547790 -2.366215
v 1.397006 1.517806 -2.395711
v 1.453745 1.712581 -2.304798
v 1.199696 1.366606 -2.244545
v 1.146644 1.504297 -2.041030
v 1.576086 1.291759 -1.866336
v 1.655863 1.262180 -1.989891
v 1.505937 1.317636 -2.627297
v 1.265782 1.275188 -2.104188
v 1.277483 1.386485 -1.899587
v 1.446502 1.229954 -2.032971
v 1.466352 1.331917 -1.795610
v 1.687568 1.413830 -2.237957
v 1.737698 1.491092 -1.978983
v 0.796041 2.977166 -1.347730
v 0.870440 3.108258 -1.359388
v 0.923444 3.352233 -1.571972
v 0.607956 2.537675 -1.464472
v 0.671104 2.762231 -1.372491
v 0.588085 2.595500 -2.222549
v 0.736936 2.640516 -2.236433
v 0.718520 2.516262 -2.198062
v 0.792751 3.023423 -2.108574
v 0.689858 2.326197 -1.931696
v 0.545586 2.430398 -1.638942
v 0.804666 3.452294 -1.774977
v 0.929252 3.357165 -1.778154
v 0.825175 3.247964 -1.990676
v 0.372021 2.564346 -2.242320
v 1.561158 1.055242 -2.498699
v 0.310761 3.588138 -2.078119
v 0.461855 3.568109 -1.991268
v 0.487323 3.516644 -2.006522
v 0.314788 3.631515 -2.020212
v 0.044691 3.541300 -2.097629
v 0.183955 3.615283 -2.034893
v 1.422334 0.650629 -2.559958
v 1.420518 0.568472 -2.525161
v 1.511912 0.578303 -2.556537
v 1.511246 0.669257 -2.584567
v 1.347723 0.460971 -2.449964
v 1.526767 0.439791 -2.484645
v 1.744043 0.292585 -2.494352
v 1.758166 0.214314 -2.549681
v 1.744824 0.234888 -2.652231
v 1.650633 0.383800 -2.643646
v 1.708822 0.106272 -2.483917
v 1.684581 0.109834 -2.659402
v 1.447822 0.049760 -2.411903
v 1.436581 0.092179 -2.611395
v 1.553923 0.129618 -2.616085
v 1.333351 0.383509 -2.379849
v 1.256793 0.440479 -2.514021
v 1.214597 0.259245 -2.406683
v 1.261418 0.298457 -2.346980
v 1.207434 0.209421 -2.558619
v 1.213393 0.185349 -2.397342
v 1.288572 0.241867 -1.919938
v 1.313604 0.257978 -2.017807
v 1.303316 0.202254 -1.896983
v 1.281856 0.155046 -1.946694
v 1.226034 0.163921 -1.948436
v 1.283882 0.097257 -1.868053
v 1.269686 0.128068 -1.817562
v 1.206135 0.095089 -1.850643
v 1.229172 0.098632 -1.900204
v 1.205909 0.124071 -1.888267
v 1.250485 0.078971 -1.862199
v 1.268921 0.088507 -1.891080
v 1.208229 0.173570 -1.887521
v 1.213908 0.136221 -1.814072
v 1.248509 0.233973 -1.895756
v 1.222161 0.224378 -1.903189
v 1.259002 0.260857 -2.024170
v 1.234425 0.216141 -2.054889
v 1.218460 0.201869 -1.958908
v 1.223151 0.117240 -1.805579
v 1.231760 0.145819 -1.776319
v 1.237194 0.104765 -1.808576
v 1.304718 0.166522 -1.943232
v 1.249358 0.106971 -1.810898
v 1.228492 0.024190 -1.724961
v 1.210301 0.003549 -1.699289
v 1.214516 0.048620 -1.750952
v 1.214625 0.070976 -1.720999
v 1.250450 0.129554 -1.769756
v 1.236998 0.047049 -1.720287
v 1.329594 0.270781 -2.165520
v 1.309681 0.264894 -2.093744
v 1.247330 0.262873 -2.066477
v 1.298020 0.282352 -2.051857
v 1.285959 0.165288 -2.067393
v 1.323195 0.184374 -2.057154
v 1.341634 0.239450 -2.045594
v 1.356086 0.205433 -2.144393
v 1.330903 0.265176 -2.055945
v 1.343437 0.235414 -2.086373
v 1.339011 0.138528 -2.126777
v 1.322560 0.164651 -2.096599
v 1.296963 0.124459 -2.136459
v 1.231074 0.153913 -2.167271
v 1.244435 0.192301 -2.073405
v 1.217412 0.196955 -2.176150
v 1.223817 0.219836 -2.191480
v 1.242076 0.229313 -2.099057
v 1.435531 0.234118 -1.907315
v 1.443107 0.265640 -2.025830
v 1.406744 0.267052 -2.063650
v 1.392686 0.218726 -1.901872
v 1.418584 0.128818 -1.779359
v 1.443533 0.131599 -1.776353
v 1.464509 0.213888 -1.904599
v 1.463250 0.159542 -1.948031
v 1.432914 0.143057 -1.944843
v 1.481796 0.185547 -1.935213
v 1.484993 0.110130 -1.858163
v 1.464923 0.132465 -1.819261
v 1.449175 0.070800 -1.856053
v 1.411472 0.085438 -1.858329
v 1.402691 0.116553 -1.845719
v 1.378878 0.191167 -1.907697
v 1.393477 0.150467 -1.935278
v 1.441481 0.084623 -1.894934
v 1.448679 0.094226 -1.814298
v 1.475521 0.093017 -1.890602
v 1.454539 0.093973 -1.793416
v 1.455220 0.067531 -1.719884
v 1.461244 -0.003563 -1.694739
v 1.466796 0.057983 -1.733297
v 1.428275 0.095580 -1.797233
v 1.434223 0.052490 -1.721345
v 1.475771 0.256431 -2.166118
v 1.427517 0.255618 -2.102831
v 1.388194 0.238234 -2.074499
v 1.395587 0.192469 -2.064975
v 1.421387 0.168700 -2.070592
v 1.467735 0.169878 -2.065937
v 1.489458 0.215254 -2.059369
v 1.478879 0.263709 -2.048851
v 1.453923 0.281461 -2.055368
v 1.482633 0.257677 -2.090499
v 1.492792 0.208623 -2.107121
v 1.526772 0.239438 -2.164484
v 1.495934 0.152104 -2.146431
v 1.417456 0.144666 -2.128957
v 1.402327 0.188801 -2.106332
v 1.399139 0.235812 -2.107857
v 1.387068 0.207113 -2.148931
v 1.714111 0.213484 -1.911392
v 1.674687 0.279818 -2.046734
v 1.673191 0.217774 -1.890151
v 1.676091 0.106353 -1.782276
v 1.695722 0.085129 -1.774714
v 1.727612 0.180488 -1.916043
v 1.694644 0.141464 -1.956451
v 1.661261 0.140169 -1.947862
v 1.723186 0.154810 -1.946200
v 1.704442 0.075241 -1.878023
v 1.707134 0.096333 -1.833959
v 1.657014 0.055460 -1.868722
v 1.629573 0.085752 -1.860307
v 1.641588 0.114418 -1.841261
v 1.645529 0.203273 -1.893046
v 1.630206 0.166763 -1.929650
v 1.648868 0.075912 -1.903196
v 1.678117 0.069687 -1.827257
v 1.685288 0.070863 -1.909313
v 1.686724 0.063280 -1.807551
v 1.688469 0.011438 -1.735060
v 1.665685 -0.042361 -1.721632
v 1.692573 0.017885 -1.757836
v 1.664094 0.076915 -1.805522
v 1.662764 0.019775 -1.733148
v 1.656950 0.260387 -2.194811
v 1.641395 0.273907 -2.054099
v 1.622176 0.223983 -2.046112
v 1.629854 0.189788 -2.064094
v 1.677395 0.170596 -2.071839
v 1.711634 0.201244 -2.070956
v 1.728034 0.247052 -2.064105
v 1.717896 0.263761 -2.053561
v 1.668505 0.265472 -2.098157
v 1.814554 0.277447 -2.159080
v 1.882316 0.240316 -2.042102
v 1.909135 0.246028 -2.069211
v 1.965769 0.167734 -1.949139
v 1.990220 0.157894 -1.960383
v 1.920840 0.231451 -2.084532
v 1.907077 0.209488 -2.116309
v 1.815689 0.178444 -2.154830
v 1.851703 0.177784 -2.074644
v 1.968078 0.145457 -2.056718
v 1.977058 0.162652 -2.022509
v 1.950369 0.099936 -2.017190
v 1.919231 0.113944 -2.042936
v 1.954847 0.110943 -2.048398
v 1.920108 0.123351 -1.987875
v 1.909975 0.153281 -1.988111
v 1.861091 0.221776 -2.036829
v 1.888793 0.138330 -2.026499
v 1.911264 0.140939 -2.066732
v 1.962671 0.125424 -1.967857
v 1.920410 0.173756 -2.094723
v 1.986812 0.130295 -1.978957
v 2.035066 0.100294 -1.921619
v 2.053209 0.037397 -1.898347
v 1.991311 0.096146 -1.942150
v 2.029157 0.096084 -1.937846
v 2.014129 0.091076 -1.906923
v 1.764838 0.255368 -2.309817
v 1.820116 0.261116 -2.240747
v 1.792413 0.260128 -2.147943
v 1.782550 0.212493 -2.156075
v 1.773396 0.182381 -2.195967
v 1.855366 0.196748 -2.204641
v 1.855200 0.218987 -2.211471
v 1.859517 0.269925 -2.189463
v 1.844672 0.283784 -2.176648
v 1.795302 0.242722 -2.327142
v 1.817762 0.199768 -2.313468
v 1.819583 0.163117 -2.292112
v 1.759220 0.125718 -2.248564
v 1.760338 0.227415 -2.210468
v 1.728177 0.194545 -2.237874
v 1.731943 0.225629 -2.272051
v 1.429434 1.062369 -3.189079
v 1.337967 0.957383 -3.283783
v 1.339448 0.984372 -3.268592
v 1.388008 1.071146 -3.175883
v 1.373025 1.058667 -3.123839
v 1.386235 1.016308 -3.113877
v 1.432963 1.034272 -3.026649
v 1.308123 1.013684 -3.183048
v 1.301101 0.958911 -3.176670
v 1.346815 0.949868 -3.248720
v 1.420412 1.004440 -3.204406
v 1.456428 1.034632 -3.180467
v 1.509753 1.117973 -3.045123
v 1.447471 1.130872 -3.068250
v 1.419614 0.996362 -3.116268
v 1.451710 1.003362 -3.169253
v 1.333045 0.933023 -3.192602
v 1.369962 0.954822 -3.157006
v 1.330106 0.959008 -3.149319
v 1.322389 0.992627 -3.242496
v 1.319049 0.947876 -3.241404
v 1.309201 0.999461 -3.154948
v 1.281865 0.951116 -3.295300
v 1.306593 0.963727 -3.233911
v 1.227705 0.912500 -3.294439
v 1.206196 0.881620 -3.311671
v 1.258253 0.902292 -3.309962
v 1.241352 0.893988 -3.281129
v 1.278548 0.931463 -3.262542
v 1.255641 0.892734 -3.295594
v 1.245317 0.925234 -3.306051
v 1.468223 1.150625 -2.869773
v 1.491302 1.119496 -2.878992
v 1.476020 1.045079 -2.976380
v 1.408052 1.082706 -3.005837
v 1.449121 1.036274 -2.996364
v 1.423416 1.121546 -3.030696
v 1.458187 1.150737 -3.046191
v 1.489679 1.142851 -3.050762
v 1.445140 1.144081 -2.982538
v 1.408625 1.144881 -2.872113
v 1.397034 1.063112 -2.870197
v 1.458914 1.012972 -2.969550
v 1.511739 1.090201 -2.988852
v 1.521510 1.043473 -2.898697
v 1.519849 1.085272 -3.029221
v 1.342255 0.325756 3.150805
v 1.318708 0.387832 2.924456
v 1.313024 0.357289 3.168015
v 1.297389 0.324076 3.204144
v 1.291824 0.301329 3.285803
v 1.322282 0.285447 3.211089
v 1.328714 0.278098 3.154041
v 1.306076 0.262791 3.138048
v 1.249404 0.275482 3.139321
v 1.253495 0.294132 2.969740
v 1.243571 0.323675 3.129483
v 1.295898 0.223097 3.177134
v 1.290369 0.207434 3.231166
v 1.251210 0.199972 3.256604
v 1.222931 0.224030 3.249224
v 1.217645 0.255961 3.238528
v 1.247292 0.302383 3.220147
v 1.274727 0.361702 3.164950
v 1.233851 0.235059 3.187045
v 1.282281 0.218076 3.285476
v 1.231290 0.229883 3.285409
v 1.257310 0.221020 3.183544
v 1.274812 0.227178 3.305943
v 1.277253 0.198150 3.381160
v 1.237361 0.139780 3.423223
v 1.256540 0.256919 3.293370
v 1.274271 0.240834 3.366092
v 1.299995 0.256289 3.314175
v 1.312419 0.279119 2.698392
v 1.266819 0.386163 2.931515
v 1.240920 0.335511 2.945498
v 1.241362 0.299356 2.926246
v 1.268773 0.280054 2.920067
v 1.301114 0.281878 2.932250
v 1.335017 0.304816 2.925486
v 1.352942 0.338174 2.918665
v 1.317632 0.292697 2.872265
v 1.285955 0.263920 2.875486
v 1.256145 0.362674 2.886670
v 1.307150 0.368398 2.890703
v 1.056941 0.404858 3.119729
v 1.093486 0.394565 3.115665
v 1.060439 0.393531 2.953940
v 1.053978 0.369089 3.181800
v 1.056217 0.352010 3.264378
v 1.092720 0.343125 3.226021
v 1.112353 0.353941 3.125812
v 1.106559 0.312033 3.124132
v 1.039640 0.288492 3.125664
v 1.110700 0.273818 3.175277
v 1.099788 0.259321 3.230208
v 1.109829 0.293379 3.212473
v 1.073711 0.245479 3.235467
v 1.043522 0.253303 3.253206
v 1.027898 0.266458 3.247749
v 1.028179 0.315545 3.217468
v 1.021014 0.387327 3.127081
v 1.012362 0.337099 3.125240
v 1.044754 0.256149 3.177495
v 1.087096 0.313216 3.307385
v 1.071407 0.251940 3.181626
v 1.076375 0.276783 3.295631
v 1.092646 0.282367 3.359242
v 1.085590 0.207106 3.412583
v 1.084780 0.240244 3.358709
v 1.053397 0.299309 3.284117
v 1.065577 0.288418 3.362850
v 1.117246 0.298886 2.709123
v 1.067198 0.313686 2.624806
v 1.021076 0.382324 2.914652
v 1.018243 0.338970 2.940862
v 1.032735 0.303808 2.927825
v 1.073228 0.294462 2.920307
v 1.104739 0.313327 2.927402
v 1.116414 0.358375 2.913798
v 1.111523 0.387221 2.902592
v 1.109405 0.300648 2.878939
v 1.060709 0.407274 2.903929
v 0.845246 0.386493 3.093865
v 0.814946 0.383713 2.930546
v 0.805566 0.376760 3.121159
v 0.819916 0.342663 3.167514
v 0.857830 0.348644 3.166598
v 0.825818 0.331579 3.242793
v 0.859654 0.311274 3.284869
v 0.882035 0.338104 3.129581
v 0.882593 0.311232 3.106984
v 0.829849 0.273975 3.105445
v 0.903089 0.279741 3.152868
v 0.901631 0.260359 3.211165
v 0.879572 0.233913 3.226248
v 0.843749 0.228136 3.222874
v 0.833848 0.239323 3.243670
v 0.807207 0.295198 3.180992
v 0.781145 0.351177 3.121538
v 0.800949 0.284941 3.133816
v 0.847427 0.238647 3.156480
v 0.881022 0.289471 3.257526
v 0.874446 0.244176 3.161460
v 0.871377 0.265670 3.275930
v 0.886830 0.257770 3.358665
v 0.902243 0.194986 3.399120
v 0.888852 0.243005 3.327169
v 0.837477 0.278829 3.262671
v 0.855534 0.276993 3.338886
v 0.924493 0.314294 2.684012
v 0.878467 0.321060 2.605428
v 0.783115 0.352431 2.891865
v 0.806053 0.395527 2.886560
v 0.803229 0.301371 2.907574
v 0.825349 0.285338 2.902597
v 0.858077 0.292472 2.904439
v 0.881492 0.306795 2.891925
v 0.887365 0.358968 2.897742
v 0.870773 0.393020 2.883769
v 0.875311 0.370226 2.838657
v 0.892677 0.329045 2.844218
v 0.821400 0.370359 2.850865
v 0.659732 0.325880 2.045681
v 0.556158 0.228983 2.152509
v 0.566634 0.265074 2.174476
v 0.519645 0.135584 2.276217
v 0.533190 0.158493 2.286478
v 0.585062 0.263913 2.204131
v 0.635748 0.269289 2.193473
v 0.650013 0.243253 2.193664
v 0.647386 0.204236 2.175212
v 0.629875 0.193792 2.151464
v 0.619439 0.199910 2.277049
v 0.571530 0.187938 2.277416
v 0.626045 0.135612 2.265208
v 0.585695 0.121433 2.240619
v 0.566815 0.138975 2.228977
v 0.571926 0.200074 2.142977
v 0.617236 0.148697 2.200666
v 0.643693 0.154794 2.237953
v 0.641317 0.169246 2.274753
v 0.566039 0.144507 2.297625
v 0.530434 0.100815 2.353564
v 0.546587 0.043220 2.397115
v 0.566409 0.039945 2.398141
v 0.555365 0.101070 2.353543
v 0.558425 0.122924 2.282835
v 0.530061 0.073964 2.344519
v 0.763771 0.388303 2.051830
v 0.756458 0.353753 2.034223
v 0.677386 0.296282 2.034744
v 0.709178 0.266633 2.056977
v 0.734320 0.261480 2.095534
v 0.733804 0.285722 2.127060
v 0.714826 0.333370 2.126440
v 0.677940 0.361168 2.104563
v 0.660967 0.361651 2.076522
v 0.775328 0.389570 2.076355
v 0.774636 0.347693 2.107388
v 0.797597 0.395351 2.175284
v 0.782964 0.315439 2.118490
v 0.803268 0.329609 2.181877
v 0.830353 0.283681 2.091043
v 0.845567 0.304040 2.004236
v 0.778135 0.327856 2.009239
v 1.693819 0.189722 -2.205125
v 1.696708 0.235808 -2.220485
v 1.649901 0.139958 -2.172890
v 1.611834 0.152617 -2.150681
v 1.595928 0.204521 -2.155159
v 1.606773 0.240634 -2.186814
v 1.392296 0.085279 -2.154780
v 1.632557 0.284573 -2.226154
v 1.521296 0.261462 -2.217577
v 1.700594 0.245921 -2.274019
v 1.751128 0.084618 -2.263727
v 1.812333 0.147740 -2.384377
v 1.822229 0.200439 -2.374621
v 1.350551 0.274699 -2.176253
v 1.436333 0.258467 -2.220080
v 1.440131 0.079611 -2.173721
v 1.649364 0.098297 -2.189793
v 1.198737 0.145075 -2.212899
v 1.221522 0.104218 -2.195992
v 1.254136 0.253164 -2.230669
v 1.392047 0.251137 -2.231417
v 1.312769 0.079068 -2.164262
v 1.594909 0.301246 -2.278346
v 1.481262 0.281021 -2.216462
v 1.409831 0.291773 -2.301425
v 1.343730 0.317155 -2.294351
v 1.317024 0.301161 -2.226837
v 1.217803 0.243896 -2.288657
v 1.710562 0.298685 -2.375673
v 1.803434 0.241115 -2.380816
v 1.815308 0.185551 -2.451797
v 1.734501 0.054208 -2.304878
v 1.540074 0.057837 -2.302529
v 1.205752 0.071075 -2.271306
v 1.280243 0.042619 -2.275913
v 1.350261 0.033864 -2.283955
v 1.170825 0.151594 -2.283250
v 1.526089 0.892317 -2.676401
v 1.541719 0.997975 -2.851416
v 1.506397 1.105199 -2.793930
v 1.520737 0.938021 -2.744099
v 1.595673 0.806566 -2.859986
v 1.550348 0.729101 -2.642000
v 1.505754 0.780234 -2.554615
v 1.418045 0.748321 -2.535769
v 1.605442 0.887870 -2.981344
v 1.553048 1.002990 -2.922537
v 1.524563 0.894957 -3.034556
v 1.433155 0.887797 -3.039759
v 1.268310 0.916343 -2.966871
v 1.324732 0.994654 -2.913706
v 1.312913 0.785025 -2.581460
v 1.308850 0.667387 -2.592610
v 1.208725 0.892322 -2.625366
v 1.209987 0.868840 -2.670579
v 1.219766 0.743964 -2.683125
v 1.303466 0.582829 -2.566069
v 1.194903 0.829567 -2.765482
v 1.207510 0.607903 -2.684429
v 1.198871 0.890091 -2.861214
v 1.154479 0.767726 -2.890342
v 1.225035 0.911362 -2.918030
v 1.183448 0.785708 -2.954827
v 1.605732 0.404720 -2.498067
v 1.584822 0.516935 -2.572098
v 1.619958 0.554352 -2.655840
v 1.232238 0.548351 -2.596093
v 1.681922 0.349935 -2.539217
v 1.615797 0.372277 -2.445468
v 1.560650 0.363872 -2.388016
v 1.657786 0.272347 -2.347644
v 1.476069 0.300690 -2.332290
v 1.465702 0.349489 -2.396360
v 1.433935 0.330252 -2.343159
v 1.361937 0.340007 -2.349301
v 1.613066 0.447453 -2.609141
v 1.351386 0.081265 -2.598204
v 1.344012 0.051373 -2.415360
v 1.263690 0.090101 -2.405069
v 1.273141 0.108015 -2.598492
v 1.631127 0.579976 -2.769593
v 1.613417 0.561176 -2.625382
v 1.621900 0.712190 -2.895054
v 1.592780 0.646554 -2.970194
v 1.598805 0.777453 -3.004264
v 1.518333 0.777765 -3.038805
v 1.265981 0.640677 -2.955916
v 1.237755 0.803556 -2.998232
v 1.433361 0.783190 -3.037105
v 1.222122 0.620126 -2.916132
v 1.202305 0.576340 -2.699987
v 1.189232 0.617735 -2.861129
v 1.607442 0.448263 -2.716548
v 1.614328 0.348674 -2.743886
v 1.635052 0.267188 -2.744410
v 1.654109 0.154425 -2.724314
v 1.496202 0.159967 -2.662091
v 1.409013 0.116755 -2.702273
v 1.217814 0.460313 -2.602156
v 1.211741 0.407764 -2.595189
v 1.263632 0.151077 -2.687910
v 1.325275 0.134950 -2.713345
v 1.591499 0.472891 -2.770280
v 1.621364 0.619392 -2.906125
v 1.511215 0.507462 -2.891950
v 1.504522 0.655287 -3.006283
v 1.331314 0.502421 -2.893944
v 1.294304 0.490332 -2.869558
v 1.281354 0.497894 -2.780988
v 1.229195 0.479294 -2.708846
v 1.226975 0.336811 -2.629648
v 1.580492 0.368052 -2.772011
v 1.522805 0.384436 -2.799506
v 1.467937 0.396771 -2.817141
v 1.332132 0.406193 -2.817798
v 1.363195 0.339910 -2.802891
v 1.352051 0.294092 -2.755465
v 1.287615 0.288443 -2.685012
v 1.293296 0.199746 -2.720283
v 1.554290 0.285004 -2.759549
v 1.484177 0.310537 -2.798154
v 1.449030 0.223532 -2.746567
v 1.388848 0.219835 -2.745611
v 1.337720 0.205857 -2.740697
v 1.502277 1.031835 -2.740848
v 1.356549 0.913415 -2.529108
v 1.474862 0.980276 -2.344419
v 1.508606 1.241391 -2.722826
v 1.513990 1.180481 -2.771665
v 1.374682 1.312760 -2.593777
v 1.336462 1.269950 -2.577112
v 1.418453 1.336455 -2.615331
v 1.278154 1.081551 -2.409244
v 1.371514 1.017494 -2.892482
v 1.455975 0.967596 -3.012827
v 1.502787 0.979669 -2.991158
v 1.550022 1.035082 -2.865575
v 1.513291 1.120497 -2.859827
v 1.486348 1.184430 -2.849718
v 1.431733 1.202131 -2.851710
v 1.053792 2.316619 -1.992322
v 0.527419 2.612170 -2.299786
v 0.665394 2.439036 -2.104539
v 0.807167 2.378488 -2.064952
v 1.299975 1.921586 -1.950424
v 1.397454 1.699360 -2.295782
v 1.379677 1.198205 -2.845162
v 0.281542 2.573094 -2.275230
v 0.114150 2.632782 -2.262245
v 1.427810 1.165682 -2.869207
v 1.337787 1.074874 -2.778748
v 1.327451 1.032976 -2.805205
v 1.166990 1.784279 1.599210
v 1.172390 1.622840 1.371266
v 1.223616 1.797112 1.514091
v 0.921257 0.708813 1.992393
v 0.938002 1.001564 1.831869
v 0.951639 1.092000 1.581921
v 0.946225 1.246169 1.430895
v 0.904163 1.584960 1.544350
v 0.972038 1.744630 1.597002
v 1.086575 1.782195 1.645203
v 0.967284 1.952065 1.577359
v 1.039016 2.021335 1.569860
v 1.112270 2.043092 1.526001
v 1.228127 1.876978 0.956346
v 1.283030 1.839710 1.131772
v 1.231453 1.924932 1.261359
v 1.209305 1.907595 1.512517
v 1.053088 1.963966 0.879358
v 1.070711 2.112903 0.913020
v 1.040658 1.846511 0.902600
v 0.878156 1.908834 1.586520
v 0.721229 1.831637 1.442163
v 0.775729 1.864526 1.628812
v 0.744752 1.776997 1.235964
v 0.773213 1.767371 1.095178
v 0.846146 1.928143 0.999511
v 0.861115 1.237127 1.435454
v 0.824160 1.567096 1.462160
v 0.882410 1.078055 1.569582
v 0.881478 0.689841 1.954148
v 0.913578 0.934652 1.748398
v 0.860804 0.640207 1.846875
v 0.730480 1.720116 1.401102
v 0.806063 1.648299 1.488752
v 0.865160 0.871382 1.462352
v 0.864398 0.581094 1.681785
v 0.868527 1.171311 1.027282
v 0.910644 0.973775 1.162837
v 0.865097 1.812753 0.992497
v 1.019754 1.758538 0.953344
v 0.794905 1.779643 1.523985
v 0.883480 1.833326 1.588974
v 1.178442 1.745349 1.017239
v 1.285890 1.786689 1.254893
v 1.046149 1.881875 1.638100
v 1.115035 1.896443 1.609075
v 0.847555 0.566586 1.937493
v 0.860747 0.464260 1.880301
v 0.874369 0.596832 2.029699
v 1.027092 0.473257 1.723332
v 0.895016 0.600954 2.111902
v 0.984351 0.596606 2.183483
v 1.096602 0.578898 2.171946
v 0.932121 0.513657 1.697418
v 1.265066 0.426743 1.682042
v 1.358746 0.527376 1.830094
v 1.312305 0.548690 1.919808
v 0.078377 3.136724 -2.510818
v 0.058477 2.963686 -2.723736
v 0.120338 3.232449 -2.433784
v 0.150450 3.110267 -2.484254
v 0.076126 2.532930 -2.638152
v 0.133885 2.529350 -2.699129
v 0.153886 2.751792 -2.614679
v 0.140474 2.933254 -2.657354
v 0.084880 2.690338 -2.573481
v 0.128321 2.301643 -2.747661
v 0.119695 2.106410 -2.719196
v 0.103401 2.100041 -2.777087
v 0.114348 2.307912 -2.816552
v 0.062926 2.726686 -2.844390
v 0.002684 2.537470 -2.918641
v 0.140011 2.661488 -2.748209
v 0.014450 1.726722 -2.483288
v 0.072913 2.295349 -2.679358
v 0.075053 2.126126 -2.644537
v 0.046243 2.324739 -2.880036
v 0.015506 2.098673 -2.853329
v 0.077470 1.813871 -2.415223
v 0.032589 1.726622 -2.292287
v 0.063133 1.753594 -2.470284
v 0.112499 1.948823 -2.610271
v 0.091598 1.915388 -2.663702
v 0.067264 1.976654 -2.544586
v 0.013212 1.674354 -2.287537
v 0.001763 1.727252 -2.274657
v 0.033581 1.680271 -2.331652
v 0.018625 1.695936 -2.275873
v 1.364118 0.244194 2.675207
v 1.305964 0.231394 2.736584
v 1.347545 0.212028 2.723485
v 1.356178 0.168646 2.733684
v 1.173948 0.293145 2.703276
v 1.130046 0.252127 2.745343
v 1.185058 0.184462 2.772259
v 1.167613 0.261106 2.752774
v 1.012323 0.292607 2.686686
v 0.957034 0.255132 2.708296
v 0.993039 0.248183 2.707858
v 0.937441 0.204134 2.726945
v 1.019650 0.197224 2.745792
v 1.139260 0.287760 2.631612
v 1.225364 0.163977 2.764157
v 1.392708 0.127802 2.727137
v 0.904227 0.159202 2.710006
v 1.080894 0.169712 2.760312
v 1.241263 0.079262 2.727082
v 1.383565 0.072330 2.711532
v 0.809366 0.246145 2.614881
v 0.786769 0.170332 2.609151
v 0.814031 0.201911 2.665792
v 0.897257 0.093987 2.700888
v 1.074145 0.078884 2.736704
v 1.439431 0.130981 2.690669
v 0.872148 0.165346 2.696660
v 1.462278 0.119499 2.570458
v 1.459740 0.153665 2.656235
v 1.178448 0.294451 2.588066
v 1.062038 0.330344 2.580689
v 1.252270 0.321502 2.607980
v 1.158752 0.331919 2.456892
v 0.864870 0.330081 2.528239
v 0.976585 0.495962 2.258812
v 1.190227 0.515003 2.179081
v 0.912808 0.516769 2.149532
v 0.800881 0.472466 2.021701
v 0.894919 0.519470 2.094420
v 0.853379 0.452855 2.142842
v 0.805543 0.422138 2.059119
v 0.870806 0.358269 1.969213
v 0.923518 0.279088 1.959416
v 1.162962 0.472225 2.255922
v 0.863251 0.389345 2.273697
v 0.825166 0.333925 2.235662
v 0.858321 0.239543 2.133908
v 0.893975 0.393734 2.378671
v 1.092546 0.386183 2.376689
v 1.111681 0.453523 2.289989
v 1.374923 0.275626 2.452572
v 1.354044 0.299960 2.376164
v 1.240563 0.406698 2.359280
v 1.247025 0.354450 2.467026
v 1.402370 0.198537 2.392952
v 1.439526 0.110270 2.458209
v 0.804480 0.264362 2.513062
v 0.775732 0.166814 2.522834
v 0.819671 0.107658 2.631617
v 0.886126 0.048894 2.654638
v 1.066532 0.051054 2.670890
v 1.368596 0.032511 2.650927
v 1.231900 0.048189 2.671291
v 1.445729 0.068994 2.613831
v 0.950739 0.436004 1.828374
v 1.290404 0.468566 2.003911
v 1.237145 0.489505 2.101823
v 1.249820 0.380386 1.739551
v 1.329194 0.385216 1.944547
v 1.188172 0.392155 1.638465
v 1.041133 0.418454 1.784539
v 0.953408 0.359961 1.905349
v 1.088725 0.302072 1.877316
v 1.166018 0.333393 1.834532
v 1.168900 0.264964 1.924285
v 1.268439 0.337725 1.862652
v 1.278720 0.267585 1.916790
v 1.270316 0.399684 2.119020
v 1.342762 0.277555 2.292668
v 1.309767 0.296015 2.114141
v 1.372672 0.176504 2.322674
v 1.327759 0.156129 2.261903
v 1.385987 0.084595 2.383379
v 1.315538 0.074698 2.345075
v 1.371456 0.021730 2.476788
v 1.323006 0.007280 2.533838
v 1.300479 0.022186 2.426934
v 0.816665 0.279448 2.385113
v 0.837167 0.190954 2.345692
v 0.838265 0.078776 2.450213
v 0.809928 0.086644 2.534367
v 0.919058 0.019733 2.539850
v 1.198894 0.026608 2.486664
v 1.132989 0.043189 2.498134
v 1.158355 0.085190 2.727811
v 1.179468 0.187743 1.940435
v 1.079129 0.191195 1.962552
v 0.950544 0.193603 2.023207
v 1.310238 0.117774 2.037760
v 1.216858 0.104688 1.976959
v 1.072652 0.123371 2.056237
v 0.979081 0.113918 2.085220
v 0.903189 0.083929 2.226483
v 0.825761 0.263806 2.284162
v 0.978658 0.055822 2.185774
v 1.208951 0.038771 2.132061
v 1.082312 0.065546 2.166181
v 1.290732 0.055959 2.120214
v 0.951719 0.054317 2.255421
v 0.883743 0.094186 2.380057
v 0.990473 0.072843 2.321859
v 0.950321 0.056695 2.462898
v 1.072361 0.054242 2.556916
v 1.251662 0.080196 2.327622
v 1.101470 0.112928 2.377286
v 1.108295 0.062450 2.244301
v 1.108688 0.083314 2.313723
v 1.032856 0.042665 2.251315
v 1.422325 0.040689 2.547299
v 1.233501 0.435344 2.212779
v 1.290476 1.247767 1.341949
v 1.351599 1.090980 1.389090
v 0.855542 2.974586 1.507807
v 0.075912 4.064739 2.203582
v 1.118287 0.194592 2.757141
v 1.208281 0.317293 2.690609
v 0.476708 3.378766 3.075767
v 0.350518 2.976581 3.272199
v 0.477159 3.329684 3.107507
v 0.372615 3.094935 3.243758
v 0.059259 3.085186 3.990664
v 0.276337 3.181653 3.580902
v 0.153106 2.482036 3.542445
v 0.353383 2.868810 3.315668
v 0.023427 3.108447 4.026257
v -0.361924 3.149898 3.314073
v -0.032647 2.391594 3.596575
v -0.034735 3.116588 4.017282
v -0.062164 3.099829 3.967294
v -0.093663 3.090962 3.936906
v -0.086271 2.412854 3.582760
v -0.160097 2.494542 3.540971
v -0.352714 3.197984 3.347696
v -0.215061 3.107194 3.790374
v -0.148007 3.125318 3.914690
v -0.258459 3.146864 3.594886
v -0.229662 2.649620 3.444950
v 0.344840 3.153899 3.375001
v 0.364544 3.139680 3.296470
v 0.305346 2.771940 3.377631
v 0.154749 2.484405 3.573654
v 0.082840 2.412142 3.585113
v 0.015794 2.388578 3.599230
v -0.034303 3.084324 4.007153
v -0.007123 2.274024 3.408654
v 0.109363 2.359281 3.331342
v 0.061202 2.294091 3.394012
v -0.006378 3.145627 3.674757
v -0.005316 3.067055 3.982771
v -0.003074 3.041060 3.883728
v -0.106863 3.413405 3.772530
v -0.000439 3.519683 3.490200
v -0.029913 3.281092 3.914494
v 0.109360 3.428122 3.756105
v 0.015494 3.308707 3.864349
v 0.130133 3.349193 3.037487
v 0.064506 3.331004 3.159469
v -0.040371 3.344695 3.056422
v 0.161192 3.418874 2.825008
v -0.013387 3.443534 3.428430
v -0.054646 3.518190 3.460477
v -0.140712 3.593764 3.352719
v -0.102361 3.438323 3.291606
v 0.096438 3.490716 3.491622
v 0.147788 3.588337 3.421726
v 0.055832 3.517078 3.529689
v -0.224579 4.050351 2.496161
v -0.033338 4.070799 2.338887
v -0.142618 4.021810 2.367508
v -0.126766 4.123425 2.552840
v -0.265936 3.974630 2.444789
v -0.132669 3.640702 2.372106
v -0.015568 3.708902 2.308818
v 0.045803 3.630398 2.383635
v -0.063526 3.568651 2.445018
v -0.200149 3.562132 2.487769
v 0.106502 3.637808 3.393563
v 0.128193 3.898432 2.270563
v 0.238341 3.942923 2.327365
v 0.200006 3.851632 2.299759
v 0.109560 3.774374 2.291484
v 0.045751 3.862034 2.257421
v 0.008196 3.945622 2.266281
v 0.181086 4.141806 2.652261
v 0.279393 4.070793 2.703606
v 0.235227 4.109330 2.566466
v 0.101696 4.163366 2.574204
v 0.051395 4.163774 2.740426
v -0.082767 4.150217 2.726339
v -0.111265 4.127800 2.899925
v 0.036577 4.138049 2.906380
v 0.175561 4.092450 2.891537
v 0.036019 4.025852 3.035722
v 0.179598 4.017270 3.045485
v 0.295205 3.942092 3.001561
v 0.295470 4.021332 2.857419
v 0.367735 3.834601 2.939348
v 0.371061 3.912462 2.800003
v 0.357617 3.983271 2.652345
v 0.298339 4.042214 2.510223
v 0.401209 3.884232 2.593936
v 0.331069 3.960180 2.459126
v 0.248069 4.032459 2.351334
v 0.191359 4.100734 2.402374
v 0.383827 3.782216 2.538285
v 0.328443 3.869082 2.409832
v 0.330040 3.687997 2.494442
v 0.275268 3.772669 2.374941
v 0.173104 3.690303 2.368302
v 0.358461 3.608514 2.634792
v 0.241415 3.583527 2.527200
v 0.087812 3.536301 2.522046
v 0.031402 3.361601 2.951500
v -0.050250 3.475028 2.621600
v -0.151621 3.400163 2.881066
v -0.209585 3.491373 2.631230
v -0.295918 3.473978 2.812007
v -0.325067 3.543808 2.644577
v -0.301661 3.625726 2.480429
v -0.210048 3.717027 2.344454
v -0.400468 3.619595 2.669129
v -0.366885 3.711686 2.494802
v -0.262808 3.806355 2.350183
v -0.078620 3.799287 2.272156
v -0.391265 3.803488 2.541021
v -0.255042 3.896080 2.387966
v -0.126806 3.901887 2.281199
v 0.139189 4.004068 2.300240
v -0.432622 3.713432 2.708071
v -0.403065 3.814421 2.754362
v -0.334539 3.935088 2.810234
v -0.301787 4.007163 2.648824
v -0.243434 4.043857 2.866516
v -0.208707 4.091700 2.697032
v -0.300185 3.888534 2.962685
v -0.228133 3.991546 3.028799
v -0.203261 3.842484 3.134219
v -0.093829 3.927817 3.148638
v -0.079368 3.767071 3.255419
v 0.139483 3.769687 3.257477
v 0.164697 3.957391 3.159164
v 0.226703 3.672448 3.270612
v 0.276990 3.832530 3.126048
v 0.311659 3.645289 3.202196
v 0.351020 3.741520 3.072286
v 0.330413 3.560575 3.165100
v 0.380223 3.642612 3.021497
v 0.411508 3.755043 2.822960
v 0.378574 3.549746 2.980061
v 0.405653 3.622659 2.829083
v 0.406882 3.698617 2.681270
v 0.362544 3.537120 2.785660
v 0.338826 3.472461 2.942841
v 0.275265 3.448030 2.835505
v 0.288573 3.412862 3.104989
v 0.221704 3.369359 3.073842
v 0.206075 3.383087 3.255438
v 0.147431 3.347832 3.219549
v 0.103139 3.364985 3.349175
v -0.009336 3.343323 3.233678
v 0.008099 3.384662 3.360546
v -0.184496 3.407979 3.164847
v -0.122679 3.360702 3.114140
v -0.227692 3.410972 2.972492
v -0.299716 3.459311 3.017409
v -0.372435 3.534354 2.846223
v -0.224307 3.483206 3.202495
v -0.407869 3.539056 3.054001
v -0.402694 3.621059 2.883073
v -0.339603 3.635370 3.072048
v -0.377609 3.719688 2.915443
v -0.244291 3.741847 3.095516
v -0.240396 3.573875 3.225797
v -0.220664 3.668497 3.239465
v -0.162702 3.745905 3.255332
v -0.102112 3.654037 3.379861
v -0.043712 3.651066 3.412858
v -0.039568 3.555465 3.499765
v 0.005426 3.591873 3.498568
v 0.022332 3.477963 3.520613
v 0.052852 3.402694 3.425057
v 0.086277 3.431778 3.459778
v 0.159290 3.418754 3.394213
v 0.242556 3.435886 3.280652
v 0.192774 3.468896 3.390963
v 0.187471 3.526832 3.398890
v 0.326507 3.480428 3.135550
v -0.098834 2.773487 3.112883
v -0.101049 2.693178 3.163200
v -0.156823 2.723418 3.165078
v -0.202993 2.706200 3.239888
v -0.117110 2.902858 3.312852
v -0.052604 2.856856 3.264559
v -0.056794 2.440210 3.534369
v -0.058972 2.475747 3.430504
v 0.000038 2.466599 3.591494
v 0.045341 2.465128 3.444872
v 0.046198 2.514430 3.367871
v -0.002892 2.695917 3.144120
v 0.000033 2.775749 3.090920
v -0.115190 2.840787 3.112480
v 0.000033 2.849325 3.088889
v -0.122263 2.920989 3.148609
v 0.000035 2.938337 3.122827
v -0.110057 2.952322 3.195605
v -0.066673 2.941948 3.264499
v 0.000029 2.969063 3.171048
v 0.001262 2.936162 3.241012
v -0.070226 2.781821 3.326545
v -0.000392 2.788929 3.306742
v -0.055989 2.733861 3.384525
v -0.052891 2.668187 3.429782
v -0.037530 2.582278 3.525045
v -0.001835 2.680547 3.409051
v 0.025163 2.595837 3.509235
v 0.001990 2.552723 3.543862
v 0.000033 2.546305 3.575495
v -0.073368 2.592405 3.588707
v -0.086302 2.576895 3.620793
v -0.006752 2.554130 3.637037
v -0.098586 2.534801 3.619293
v 0.000033 2.534348 3.655552
v -0.097917 2.481029 3.579161
v 0.000665 2.482158 3.644631
v -0.165518 2.582137 3.513143
v -0.132911 2.488142 3.494184
v -0.195898 2.623067 3.349874
v -0.150314 2.603293 3.309693
v -0.223832 2.674740 3.358640
v -0.236912 2.748911 3.269037
v -0.253381 2.820798 3.332877
v -0.207826 2.831973 3.185679
v -0.206370 2.896680 3.243143
v -0.225295 2.838264 3.357854
v -0.199552 2.926070 3.270951
v -0.173474 2.839581 3.390450
v -0.161591 2.937675 3.306406
v -0.135210 2.840252 3.375566
v -0.117916 2.809194 3.351521
v -0.092945 2.755786 3.413906
v -0.115849 2.776710 3.445573
v -0.104144 2.667771 3.439567
v -0.167844 2.783771 3.454522
v -0.130246 2.681847 3.480222
v -0.136356 2.672220 3.486448
v -0.077926 2.599453 3.539102
v -0.122055 2.633880 3.556588
v -0.185839 2.652971 3.481853
v -0.151387 2.613318 3.558370
v -0.201919 2.629936 3.450699
v -0.228048 2.726117 3.410277
v -0.205495 2.754213 3.435906
v -0.077414 2.610145 3.489141
v 0.098899 2.773487 3.112882
v 0.156320 2.723612 3.164476
v 0.092553 2.695579 3.158949
v 0.226147 2.729618 3.252501
v 0.052965 2.854110 3.267095
v 0.132749 2.487785 3.493284
v 0.063617 2.442603 3.539465
v 0.115255 2.840788 3.112480
v 0.124386 2.923554 3.151597
v 0.110158 2.953951 3.202401
v 0.067097 2.943156 3.263721
v 0.070280 2.781833 3.326554
v 0.043307 2.705728 3.397916
v 0.066257 2.586533 3.590195
v 0.119764 2.594383 3.594430
v 0.095762 2.549857 3.619565
v 0.106342 2.519750 3.606575
v 0.097694 2.481698 3.581009
v 0.170239 2.571565 3.476836
v 0.148021 2.591046 3.329395
v 0.196487 2.624023 3.349218
v 0.223892 2.674741 3.358639
v 0.229586 2.723896 3.406938
v 0.206823 2.829491 3.184482
v 0.206436 2.896680 3.243143
v 0.253429 2.814323 3.333913
v 0.199616 2.926068 3.270951
v 0.158100 2.935703 3.310641
v 0.226759 2.838012 3.356183
v 0.166923 2.851796 3.379027
v 0.115029 2.906196 3.309796
v 0.135277 2.840251 3.375566
v 0.117981 2.809191 3.351521
v 0.093012 2.755785 3.413906
v 0.115914 2.776710 3.445573
v 0.104201 2.667777 3.439571
v 0.130826 2.682618 3.479954
v 0.075651 2.607915 3.494837
v 0.123843 2.651228 3.526869
v 0.161390 2.777389 3.461606
v 0.159313 2.676022 3.479247
v 0.157498 2.594227 3.556530
v 0.203517 2.649593 3.459361
v 0.205538 2.754215 3.435897
v 0.000299 3.030274 3.637094
v -0.121694 2.953385 3.687673
v -0.150631 2.918693 3.646847
v -0.039594 3.005507 3.700908
v -0.093203 2.957306 3.815720
v -0.032718 3.038895 3.377739
v -0.000544 3.023728 3.326118
v -0.000067 3.058108 3.383047
v -0.000920 3.068673 3.461044
v -0.104228 3.060510 3.397319
v -0.078867 3.017931 3.417285
v -0.132515 2.999640 3.454964
v -0.182237 3.026310 3.454825
v -0.170593 3.054438 3.428328
v -0.048326 3.022621 3.346363
v -0.067794 3.041792 3.302840
v -0.128015 2.948091 3.567553
v -0.072998 2.980525 3.598515
v 0.000673 2.996654 3.892980
v -0.138504 3.055027 3.857944
v -0.176296 3.013370 3.749874
v -0.123831 3.136779 3.821415
v -0.072322 3.289786 3.332911
v -0.076600 3.242463 3.261535
v -0.082834 3.178226 3.233329
v -0.143241 3.216483 3.352239
v -0.129899 3.260113 3.405417
v -0.155497 3.226861 3.585667
v -0.080872 3.305715 3.444444
v -0.000032 3.318505 3.561250
v 0.000005 3.327250 3.446109
v -0.000587 3.306559 3.319971
v -0.000277 3.253628 3.234264
v -0.000092 3.185978 3.199061
v 0.000163 3.121846 3.203136
v 0.000368 3.075719 3.226151
v -0.082665 3.120941 3.236888
v -0.077739 3.079281 3.256329
v -0.151577 3.075067 3.327705
v -0.146933 3.121294 3.303818
v -0.196944 3.083487 3.388065
v -0.222666 3.056824 3.463402
v -0.226681 3.101325 3.480431
v -0.228086 3.030814 3.577003
v -0.200577 3.106431 3.597821
v -0.175875 3.114686 3.712346
v -0.140991 3.182378 3.737693
v -0.092057 3.285424 3.604060
v 0.000189 3.250162 3.766148
v 0.000010 3.292761 3.664920
v -0.074209 3.163366 3.858111
v -0.015772 3.025334 3.994630
v 0.000034 2.993762 3.976247
v 0.013356 2.972186 3.997252
v 0.004389 2.938060 3.947770
v 0.002326 2.945836 3.924434
v -0.047728 2.934476 3.941335
v -0.032940 2.985890 3.902913
v -0.091867 2.936388 3.876950
v -0.057600 2.927341 3.951723
v -0.109643 2.922642 3.905148
v -0.143553 2.917336 3.832031
v -0.121778 2.979701 3.741773
v -0.138074 2.962146 3.931755
v -0.182365 2.957741 3.850502
v -0.147210 2.979288 3.745960
v -0.185312 2.928296 3.655009
v -0.168693 2.991917 3.748872
v -0.224436 3.001990 3.554835
v -0.200633 3.009133 3.689970
v -0.190021 2.995327 3.856651
v -0.069559 2.989360 3.982777
v -0.071175 3.020814 3.988276
v -0.068461 2.957117 3.986906
v -0.186553 2.975539 3.557224
v -0.159330 2.972899 3.560178
v -0.065285 3.080617 3.924158
v -0.083331 3.228003 3.759949
v 0.000719 3.045142 3.263744
v -0.083642 3.009171 3.500286
v 0.088963 2.984694 3.723509
v -0.001527 2.997084 3.823212
v 0.038251 3.007306 3.615605
v 0.099046 2.958565 3.596512
v 0.128397 2.978182 3.742868
v 0.118208 2.928950 3.829957
v 0.057607 2.972155 3.827604
v 0.030396 3.043230 3.383123
v 0.068805 3.024709 3.420063
v 0.050868 3.047493 3.440826
v 0.104283 3.060513 3.397313
v 0.122419 3.004786 3.447113
v 0.177865 3.012019 3.456679
v 0.177324 3.059318 3.422157
v 0.049217 3.023279 3.342198
v 0.079301 3.051694 3.292300
v 0.134255 2.950131 3.556688
v 0.218760 3.051815 3.459837
v 0.037215 2.972008 3.915489
v 0.042139 2.985530 3.894040
v 0.134415 3.060366 3.858839
v 0.189774 2.983144 3.855792
v 0.162873 3.033967 3.765670
v 0.124916 3.131751 3.825776
v 0.130297 3.259891 3.405936
v 0.132444 3.198184 3.309571
v 0.076962 3.241037 3.260529
v 0.073188 3.289556 3.333150
v 0.081955 3.180129 3.232742
v 0.226318 3.101489 3.472393
v 0.156622 3.230098 3.552689
v 0.080937 3.305715 3.444444
v 0.092169 3.285516 3.603814
v 0.088597 3.093466 3.249899
v 0.161694 3.083292 3.330524
v 0.195080 3.084054 3.386529
v 0.227210 3.029285 3.578103
v 0.180350 3.120621 3.695647
v 0.146847 3.197281 3.703687
v 0.082894 3.228401 3.759570
v -0.000266 3.179645 3.867290
v 0.059932 3.092509 3.918061
v 0.073422 3.162787 3.859303
v 0.069293 3.019397 3.993089
v 0.068916 2.991588 3.982924
v 0.078935 2.960064 3.981359
v 0.042884 2.935154 3.944464
v 0.088425 2.934479 3.885222
v 0.073726 2.924758 3.948220
v 0.151299 2.918604 3.830770
v 0.147471 2.979482 3.746812
v 0.186702 2.928645 3.657774
v 0.178455 3.009042 3.764282
v 0.178384 2.972423 3.704308
v 0.216077 2.982034 3.570950
v 0.201106 3.012311 3.688257
v 0.140015 2.961925 3.929757
v 0.185487 2.960365 3.597425
v 0.152622 2.918888 3.647036
v 0.084235 3.008043 3.500778
v -0.050231 3.049501 3.440030
v -0.000012 3.325864 2.919739
v -0.062583 3.304705 2.908884
v -0.083539 3.268620 3.014078
v 0.000616 3.291993 3.026518
v -0.082837 3.266636 3.165068
v 0.000618 3.288835 3.178092
v -0.113336 3.194005 3.233743
v -0.000015 3.200626 3.226190
v -0.064094 3.095459 3.276999
v -0.000015 3.111076 3.291590
v -0.085168 3.028077 3.352687
v 0.000034 3.038987 3.363645
v -0.074454 2.899714 3.426410
v 0.000039 2.930782 3.423404
v -0.051326 2.790287 3.737385
v 0.000009 2.817295 3.723046
v -0.042260 2.675450 3.957306
v 0.000383 2.739292 3.887765
v -0.025297 2.444113 4.353219
v 0.000025 2.500438 4.278214
v -0.004695 2.241406 4.734274
v 0.011141 2.235648 4.734869
v -0.017865 2.221645 4.732091
v -0.004978 2.200937 4.723589
v -0.000186 2.198211 4.776132
v -0.020300 2.236312 4.657478
v -0.035597 2.504603 4.058195
v 0.000604 2.281908 4.510590
v -0.000036 2.451759 4.133963
v -0.050473 2.610641 3.817005
v -0.000819 2.587104 3.805443
v -0.057256 2.646230 3.562413
v 0.000033 2.584440 3.651147
v 0.000029 2.645776 3.518263
v -0.068149 2.699982 3.426332
v 0.000033 2.676651 3.405403
v -0.084367 2.762311 3.328084
v 0.000033 2.742818 3.312760
v -0.075907 2.835839 3.243531
v 0.000033 2.822205 3.240803
v -0.083560 2.941754 3.072092
v 0.000616 2.855381 3.158952
v 0.000616 2.942404 3.061576
v -0.100036 3.019046 2.949134
v 0.000616 2.986073 2.942341
v -0.062001 3.089436 2.861599
v -0.000016 3.068363 2.850677
v -0.062190 3.144196 2.753991
v -0.000017 3.123043 2.743167
v -0.096657 3.261078 2.886609
v -0.096558 3.210136 2.860651
v -0.096461 3.155318 2.968659
v -0.129520 3.220145 2.988551
v -0.129119 3.075410 2.983800
v -0.129089 3.219597 3.138248
v -0.143076 3.060729 3.147890
v -0.137346 2.992280 3.220273
v -0.105180 3.058953 3.249668
v -0.117753 2.882725 3.269934
v -0.121192 2.987370 3.324269
v -0.148886 2.810184 3.357271
v -0.103086 2.747502 3.466506
v -0.130344 2.838508 3.390869
v -0.082422 2.687309 3.725554
v -0.088784 2.778524 3.616508
v -0.075655 2.612222 3.916022
v -0.073150 2.673669 3.885679
v -0.054139 2.525747 4.083985
v -0.055532 2.571198 4.069372
v 0.084773 3.268621 3.014078
v 0.084940 3.330725 2.891684
v 0.084449 3.265572 3.164259
v 0.064058 3.095451 3.276993
v 0.085233 3.028076 3.352686
v 0.074429 2.899822 3.426354
v 0.053246 2.798183 3.713591
v 0.044309 2.719474 3.884102
v 0.027819 2.488105 4.276058
v 0.017982 2.222144 4.732003
v 0.035008 2.497547 4.071612
v 0.050930 2.620021 3.789899
v 0.071485 2.694517 3.440767
v 0.084433 2.762311 3.328084
v 0.075972 2.835840 3.243530
v 0.092286 2.879411 3.171163
v 0.083495 2.944694 3.067843
v 0.101270 3.019045 2.949133
v 0.061967 3.089440 2.861602
v 0.062160 3.144194 2.753990
v 0.130869 3.281782 2.866695
v 0.130754 3.220144 2.988551
v 0.130603 3.163121 2.958752
v 0.096529 3.210135 2.860651
v 0.130320 3.156692 3.109694
v 0.130354 3.075409 2.983799
v 0.130019 3.126169 3.161394
v 0.145009 3.069090 3.127771
v 0.105150 3.058952 3.249668
v 0.102395 3.001271 3.201383
v 0.121255 2.987368 3.324269
v 0.117818 2.882726 3.269934
v 0.116475 2.863175 3.394886
v 0.148950 2.810184 3.357271
v 0.093146 2.779104 3.597648
v 0.103152 2.747501 3.466508
v 0.055625 2.640565 3.588525
v 0.080225 2.689607 3.677217
v 0.070076 2.670585 3.898900
v 0.054095 2.559750 4.090787
v 0.078150 2.629715 3.883228
v 0.053765 2.522874 4.090477
v 0.016232 2.206018 4.726846
v -0.137495 2.748058 3.432147
v -0.152522 2.732509 3.427183
v -0.159326 2.716378 3.442811
v -0.134476 2.719683 3.430521
v -0.137984 2.715679 3.454055
v -0.123700 2.733376 3.445088
v -0.175955 2.801500 3.530830
v -0.166294 2.794773 3.531720
v -0.168101 2.806405 3.523704
v -0.160945 2.773865 3.506047
v -0.182896 2.776107 3.514079
v -0.161169 2.732501 3.482265
v -0.190346 2.774601 3.488075
v -0.179712 2.734277 3.467678
v -0.174238 2.794087 3.486016
v -0.176367 2.755855 3.449461
v -0.153593 2.782660 3.482048
v -0.185038 2.799703 3.518376
v -0.164649 2.758449 3.385218
v -0.148704 2.769823 3.389825
v -0.183773 2.764203 3.396188
v -0.154785 2.859818 3.451423
v -0.165750 2.857104 3.470512
v -0.142970 2.855224 3.468565
v -0.149638 2.862425 3.473868
v -0.152356 2.851517 3.477214
v -0.150070 2.767413 3.414179
v -0.173329 2.787241 3.441999
v -0.192183 2.797386 3.439327
v -0.169113 2.754358 3.410423
v -0.181010 2.838547 3.434812
v -0.188632 2.795769 3.400523
v -0.168055 2.794701 3.389757
v -0.149343 2.830414 3.446616
v -0.104531 2.648445 3.509761
v -0.102338 2.631768 3.516899
v -0.128474 2.716239 3.600659
v -0.142285 2.717999 3.587752
v -0.123618 2.615275 3.503098
v -0.119471 2.626888 3.539577
v -0.142842 2.641058 3.505115
v -0.111026 2.627975 3.494823
v -0.144525 2.672455 3.524227
v -0.132039 2.686042 3.546176
v -0.126959 2.685284 3.567421
v -0.133573 2.678544 3.582819
v -0.145599 2.646696 3.568063
v -0.151950 2.705011 3.592063
v -0.161876 2.656792 3.547847
v -0.143027 2.620910 3.525450
v -0.142335 2.705738 3.605780
v -0.116920 2.653258 3.678400
v -0.125030 2.590606 3.549078
v -0.106706 2.598986 3.546139
v -0.101585 2.587516 3.557931
v -0.127337 2.642580 3.678513
v -0.121822 2.610742 3.553435
v -0.114112 2.621214 3.648393
v -0.100713 2.611703 3.564840
v -0.127475 2.591336 3.639008
v -0.102545 2.589581 3.596320
v -0.129911 2.574713 3.594616
v -0.120617 2.577220 3.562806
v -0.142315 2.590594 3.587059
v -0.110862 2.647054 3.673185
v -0.128001 2.628704 3.641210
v -0.117372 2.632925 3.679207
v -0.141546 2.608138 3.649784
v 0.127528 2.743424 3.442967
v 0.135112 2.722674 3.427494
v 0.159846 2.724532 3.433382
v 0.147988 2.712154 3.449761
v 0.138682 2.722002 3.463266
v 0.124195 2.728605 3.448077
v 0.166244 2.794782 3.531836
v 0.182106 2.791767 3.526968
v 0.174182 2.802990 3.530038
v 0.185915 2.796246 3.500797
v 0.161611 2.775725 3.507911
v 0.171157 2.729537 3.476546
v 0.182557 2.744042 3.458141
v 0.188920 2.766319 3.496017
v 0.156302 2.755766 3.436150
v 0.167159 2.796740 3.491409
v 0.166986 2.805365 3.520427
v 0.164775 2.753406 3.392367
v 0.148724 2.769965 3.390144
v 0.167665 2.777521 3.381369
v 0.183502 2.763817 3.395728
v 0.161529 2.861452 3.459339
v 0.164503 2.855474 3.472680
v 0.145019 2.859464 3.475181
v 0.147779 2.859963 3.459220
v 0.173543 2.764195 3.425884
v 0.150271 2.766689 3.413797
v 0.152919 2.851322 3.477099
v 0.192246 2.797017 3.439099
v 0.188714 2.794824 3.399870
v 0.181028 2.838493 3.434581
v 0.157980 2.837055 3.426854
v 0.148820 2.834788 3.453582
v 0.100972 2.631151 3.512719
v 0.104380 2.647908 3.509192
v 0.128231 2.688752 3.571363
v 0.133638 2.704570 3.603620
v 0.120924 2.627927 3.492913
v 0.115529 2.616581 3.505427
v 0.154145 2.697011 3.591236
v 0.127144 2.630942 3.549793
v 0.142879 2.620807 3.525229
v 0.142908 2.640967 3.505023
v 0.130904 2.670336 3.520511
v 0.139125 2.708933 3.606864
v 0.156619 2.645941 3.557197
v 0.158561 2.669513 3.539723
v 0.142358 2.718103 3.588069
v 0.129033 2.717190 3.598712
v 0.128498 2.601591 3.551489
v 0.117504 2.633330 3.679486
v 0.115483 2.583331 3.549529
v 0.115333 2.604412 3.546844
v 0.111122 2.648316 3.674787
v 0.126350 2.643458 3.679146
v 0.098664 2.586781 3.574480
v 0.118014 2.653314 3.678270
v 0.098245 2.605344 3.558372
v 0.108782 2.615346 3.562394
v 0.114244 2.621340 3.648264
v 0.129993 2.574657 3.594429
v 0.120902 2.592860 3.636433
v 0.142391 2.590533 3.587426
v 0.140143 2.594214 3.634774
v 0.128118 2.628397 3.640708
v 0.139697 2.617416 3.657715
v -0.026071 2.579228 3.654642
v -0.035567 2.561621 3.645143
v -0.017494 2.533708 3.615921
v -0.029774 2.526365 3.652455
v -0.011626 2.534214 3.677621
v -0.015469 2.552095 3.687389
v -0.013146 2.545194 3.618738
v -0.037169 2.552325 3.677763
v -0.009627 2.566862 3.663613
v -0.005594 2.525841 3.627643
v -0.062318 2.586356 3.651288
v -0.039434 2.573788 3.655566
v -0.053200 2.551353 3.674604
v -0.050248 2.569716 3.668098
v -0.051199 2.556456 3.602625
v -0.067700 2.566162 3.668660
v -0.062514 2.539604 3.613784
v -0.074843 2.551924 3.652487
v -0.057871 2.554876 3.600757
v -0.063050 2.540269 3.655483
v -0.047261 2.545832 3.654189
v -0.043636 2.590772 3.649680
v -0.063925 2.568544 3.610814
v -0.052678 2.609474 3.623312
v -0.065587 2.619667 3.622584
v -0.083425 2.586487 3.651894
v -0.065192 2.590997 3.646321
v -0.076027 2.592051 3.590380
v -0.089794 2.576558 3.597024
v -0.064583 2.573342 3.586404
v -0.087047 2.609724 3.635149
v -0.094379 2.586506 3.634425
v -0.068888 2.579259 3.579497
v -0.077646 2.562785 3.596019
v 0.016065 2.558346 3.682726
v 0.028542 2.579347 3.657058
v 0.008995 2.565568 3.662759
v 0.035979 2.561270 3.645811
v 0.026759 2.526835 3.634493
v 0.007890 2.524936 3.624509
v 0.017920 2.539972 3.615761
v 0.034165 2.541573 3.679810
v 0.007151 2.541326 3.622969
v 0.007320 2.542450 3.674355
v 0.016937 2.537688 3.686616
v 0.061285 2.588717 3.653491
v 0.045437 2.590920 3.651600
v 0.054855 2.551525 3.675983
v 0.042348 2.557335 3.664132
v 0.057006 2.537883 3.627577
v 0.054214 2.554559 3.600122
v 0.072370 2.566410 3.664385
v 0.069967 2.562031 3.616436
v 0.066545 2.545887 3.663988
v 0.070252 2.542264 3.624117
v 0.039389 2.576351 3.651776
v 0.053295 2.568228 3.609078
v 0.060446 2.618891 3.624246
v 0.052850 2.609691 3.623213
v 0.082287 2.588660 3.654309
v 0.081619 2.585368 3.588181
v 0.069397 2.578972 3.579590
v 0.062236 2.577046 3.591753
v 0.073676 2.564214 3.588800
v 0.084287 2.613294 3.629251
v 0.094423 2.586184 3.634944
v 0.064858 2.588813 3.643504
v 0.090246 2.570086 3.607661
v -0.101211 2.964125 3.972021
v -0.083352 2.966198 3.988669
v -0.078103 2.981132 3.968307
v -0.068578 2.899371 3.997572
v -0.063339 2.910018 4.005439
v -0.095843 2.960798 3.953335
v -0.075842 2.965738 3.955122
v -0.073943 2.925861 4.008592
v -0.084327 2.921142 4.006701
v -0.088396 2.917327 3.980229
v -0.023009 2.929568 4.022341
v -0.036669 2.934026 4.027795
v -0.027363 2.922565 4.017093
v -0.028407 2.980278 3.971365
v -0.018262 2.979738 3.989912
v -0.043912 2.932886 4.013572
v -0.044526 3.001071 3.968761
v -0.028738 3.005637 3.980486
v -0.048665 2.993583 3.997776
v -0.028201 2.972456 4.018010
v -0.050802 2.963379 3.982447
v -0.135091 2.974986 3.820911
v -0.147831 2.992874 3.820840
v -0.178643 2.859371 3.888978
v -0.137286 3.002499 3.841257
v -0.163753 2.994225 3.834456
v -0.132529 3.000722 3.830673
v -0.163157 2.966120 3.822464
v -0.183722 2.918183 3.847825
v -0.167812 2.912315 3.845795
v -0.145751 2.924360 3.861085
v -0.172873 2.889003 3.888456
v -0.154045 2.937814 3.881978
v -0.186210 2.867681 3.899314
v -0.196744 2.919921 3.876840
v -0.192132 2.869866 3.882274
v -0.180643 2.932026 3.890486
v -0.148041 2.996072 3.856454
v -0.127546 2.961782 3.847436
v -0.132056 2.951032 3.699281
v -0.168905 2.968631 3.691733
v -0.153586 2.974663 3.673768
v -0.172825 2.851105 3.740600
v -0.130895 2.945587 3.679847
v -0.150163 2.944117 3.667274
v -0.180055 2.847741 3.728450
v -0.167689 2.846292 3.734553
v -0.145322 2.962252 3.705814
v -0.171314 2.906132 3.726543
v -0.192956 2.901666 3.717026
v -0.188253 2.893902 3.694702
v -0.161880 2.887792 3.689757
v -0.172400 2.948789 3.672837
v -0.183773 2.875578 3.575349
v -0.193513 2.872338 3.589680
v -0.166625 2.982925 3.640308
v -0.175177 2.990366 3.619401
v -0.174241 2.868086 3.580755
v -0.158140 2.992712 3.621908
v -0.149790 2.954649 3.630999
v -0.175940 2.949811 3.644213
v -0.176518 2.879957 3.608736
v -0.192511 2.963276 3.631073
v -0.194346 2.963236 3.610841
v -0.203782 2.904542 3.613080
v -0.176910 2.896795 3.585090
v -0.146273 2.976348 3.622368
v -0.163098 2.969918 3.601663
v -0.125122 2.965920 3.910659
v -0.111165 2.974514 3.918717
v -0.100348 2.947083 3.906312
v -0.109057 2.969164 3.901672
v -0.095026 2.953868 3.922440
v -0.101591 2.902371 3.955563
v -0.111233 2.937207 3.949501
v -0.117218 2.896775 3.940699
v -0.101020 2.892174 3.947874
v -0.118738 2.902327 3.952723
v -0.127592 2.945825 3.937776
v -0.121214 2.924138 3.916233
v -0.212754 2.908231 3.492238
v -0.201607 2.903203 3.495300
v -0.207938 2.896045 3.503778
v -0.175872 3.011485 3.554341
v -0.196943 3.006603 3.566035
v -0.176144 3.007816 3.569182
v -0.194219 3.008106 3.545007
v -0.175131 2.995785 3.539788
v -0.166791 2.994576 3.556034
v -0.184295 2.937078 3.541163
v -0.197157 2.921064 3.513312
v -0.204018 2.924743 3.545507
v -0.222450 2.938272 3.548979
v -0.224714 2.909180 3.517761
v -0.227594 2.952050 3.531252
v -0.208235 2.933769 3.509141
v -0.216060 2.982938 3.558966
v -0.197453 2.981580 3.574009
v -0.177699 2.977250 3.569949
v -0.231079 2.945567 3.437914
v -0.225934 2.938756 3.445554
v -0.157731 3.021889 3.519579
v -0.170031 3.014351 3.527661
v -0.173296 3.033802 3.521463
v -0.163989 3.033405 3.507777
v -0.166163 3.015912 3.491623
v -0.206872 3.027380 3.482233
v -0.210577 2.970799 3.468332
v -0.232209 2.947412 3.462743
v -0.195232 2.998397 3.519385
v -0.233337 2.978777 3.491980
v -0.233905 3.003635 3.490386
v -0.244123 2.955658 3.458384
v -0.236115 2.971252 3.451038
v -0.204626 3.027345 3.513313
v -0.162863 3.003334 3.510036
v 0.099520 2.965085 3.978182
v 0.076278 2.981070 3.969507
v 0.099351 2.963237 3.957470
v 0.081737 2.919691 4.008674
v 0.063333 2.909295 4.004760
v 0.068257 2.899519 3.998516
v 0.075490 2.967814 3.956519
v 0.084812 2.954799 3.952554
v 0.077897 2.959619 3.993331
v 0.088598 2.917812 3.979458
v 0.029691 2.921255 4.019199
v 0.025030 2.929511 4.024862
v 0.037461 2.966071 3.974586
v 0.019979 2.968641 3.995393
v 0.022461 2.965502 4.016877
v 0.044310 2.936094 4.004959
v 0.039058 2.941509 4.026355
v 0.036817 2.999688 3.966216
v 0.033241 3.008130 3.981801
v 0.056310 2.986506 3.983319
v 0.035644 2.987841 4.008292
v 0.132616 2.990406 3.824441
v 0.133899 3.001724 3.834146
v 0.172137 2.891292 3.890626
v 0.144308 3.000396 3.850354
v 0.190699 2.874076 3.877413
v 0.191962 2.869247 3.894296
v 0.183344 2.866085 3.898946
v 0.179062 2.859571 3.887445
v 0.158180 2.997883 3.832907
v 0.148393 2.992796 3.820875
v 0.171672 2.972376 3.830860
v 0.151764 2.960227 3.820196
v 0.183996 2.917896 3.848241
v 0.172703 2.906507 3.849728
v 0.146219 2.925697 3.846314
v 0.176841 2.938057 3.888628
v 0.196011 2.922304 3.877450
v 0.169706 2.983660 3.855489
v 0.143578 2.958978 3.873853
v 0.128025 2.960337 3.835137
v 0.132035 2.945235 3.698881
v 0.145136 2.973868 3.687927
v 0.131078 2.944387 3.679970
v 0.156082 2.969776 3.670811
v 0.168845 2.847055 3.738537
v 0.150210 2.944379 3.667320
v 0.172474 2.948978 3.672868
v 0.169534 2.848464 3.725324
v 0.183917 2.853105 3.727273
v 0.168578 2.969084 3.691818
v 0.147555 2.951393 3.710552
v 0.178816 2.866015 3.737801
v 0.193065 2.901397 3.717029
v 0.188425 2.893496 3.694959
v 0.162000 2.887835 3.689694
v 0.175519 2.867398 3.579355
v 0.183994 2.876008 3.575457
v 0.159497 2.991760 3.629314
v 0.178729 2.881807 3.611197
v 0.193305 2.872080 3.589282
v 0.179097 2.987182 3.626467
v 0.164531 2.989172 3.611528
v 0.170717 2.876106 3.589372
v 0.163541 2.969734 3.601609
v 0.154890 2.974688 3.638562
v 0.164298 2.939103 3.638480
v 0.172820 2.977363 3.640677
v 0.193829 2.945288 3.634468
v 0.203831 2.904555 3.613210
v 0.177063 2.897611 3.585279
v 0.146437 2.970813 3.620286
v 0.197070 2.950857 3.607904
v 0.125234 2.965893 3.910832
v 0.106990 2.974502 3.907124
v 0.094947 2.952762 3.922541
v 0.115424 2.959455 3.938051
v 0.102736 2.904263 3.956496
v 0.114742 2.895438 3.939528
v 0.100879 2.892232 3.947544
v 0.118475 2.901972 3.953129
v 0.130777 2.937795 3.923198
v 0.106468 2.946315 3.903320
v 0.215397 2.910938 3.496942
v 0.202969 2.903476 3.493606
v 0.223561 2.904863 3.511747
v 0.209803 2.896714 3.509526
v 0.166821 2.994469 3.556020
v 0.175189 2.983598 3.570704
v 0.196848 3.006765 3.565996
v 0.177777 3.008900 3.568912
v 0.190422 3.009347 3.545582
v 0.175703 3.011361 3.554257
v 0.175154 2.995620 3.539762
v 0.199590 2.915468 3.520813
v 0.189514 2.931754 3.546144
v 0.222702 2.938588 3.548758
v 0.227703 2.951009 3.530818
v 0.198419 2.928391 3.510846
v 0.214375 2.989749 3.546947
v 0.204214 2.982163 3.572525
v 0.233470 2.942525 3.440771
v 0.226080 2.943112 3.439865
v 0.244783 2.964647 3.463979
v 0.159359 3.023046 3.522749
v 0.176876 3.034237 3.520194
v 0.163022 3.003373 3.509741
v 0.176156 3.009370 3.527700
v 0.163596 3.033605 3.508564
v 0.166601 3.016217 3.491358
v 0.206618 3.027557 3.482368
v 0.237933 2.966382 3.448914
v 0.210260 2.971120 3.468639
v 0.230918 2.943757 3.458180
v 0.228869 2.974290 3.492631
v 0.234014 3.003745 3.490309
v 0.204591 3.027354 3.513291
v 0.062820 3.341601 3.370652
v 0.088220 3.345290 3.328355
v 0.059691 3.433016 3.344671
v 0.091038 3.264891 3.385068
v 0.017043 3.497101 3.340569
v -0.028182 3.377139 3.359769
v 0.037858 3.293262 3.399978
v -0.111938 3.502928 3.232133
v -0.100758 3.477835 3.267920
v -0.101190 3.558394 3.302270
v -0.066120 3.589282 3.258003
v -0.156074 3.804345 3.096089
v -0.138542 3.823323 3.126001
v -0.097154 3.749523 3.046949
v 0.077868 3.683655 3.075724
v 0.121239 3.679678 3.024138
v 0.074006 3.723899 3.067756
v 0.008991 3.248872 3.350480
v -0.056491 3.277236 3.392256
v -0.058077 3.212951 3.359830
v -0.148553 3.174352 2.861174
v -0.209018 3.188315 2.777319
v -0.078732 3.129062 2.778553
v -0.249339 3.239772 2.849454
v -0.062946 3.108158 2.875114
v -0.140833 3.119262 2.944793
v -0.202699 3.217501 2.916879
v 0.110546 3.824256 3.142753
v 0.170970 3.809576 3.075787
v -0.094025 3.565888 3.214179
v -0.086969 3.692385 3.040587
v -0.136684 3.674649 3.031537
v -0.174270 3.659346 3.055782
v -0.036666 3.508647 3.296165
v -0.079560 3.475222 3.298890
v -0.066242 3.545062 3.331916
v -0.052309 3.450734 3.335479
v 0.114508 3.524835 3.282948
v 0.131655 3.514554 3.205127
v 0.074177 3.508678 3.295844
v 0.106594 3.430491 3.289926
v 0.109193 3.438157 3.244826
v -0.078950 3.751595 3.120699
v 0.069978 3.577422 3.345259
v 0.036299 3.509383 3.311341
v -0.075355 3.041858 3.307740
v -0.096723 3.082603 3.323983
v -0.005337 3.061292 3.349186
v -0.112846 3.086569 2.542221
v -0.089007 3.080323 2.631000
v -0.189027 3.122854 2.626672
v -0.184450 3.139180 2.470061
v -0.190703 3.116738 2.561846
v 0.022673 3.856192 3.166336
v 0.098752 3.987009 3.049388
v -0.028910 3.948317 3.110852
v 0.136631 3.719096 3.012025
v 0.187511 3.724970 3.019150
v 0.247705 3.795012 3.037632
v 0.113990 3.745040 3.026539
v -0.370086 3.508047 2.911511
v -0.384129 3.581326 2.797119
v -0.391321 3.522123 2.785374
v -0.381377 3.454469 2.755966
v -0.355034 3.420642 2.876003
v -0.317671 3.440145 3.014477
v -0.291678 3.544662 3.082624
v -0.363505 3.616465 2.952032
v -0.295444 3.325766 2.955047
v 0.206021 3.551651 2.223539
v 0.152899 3.573302 2.197260
v 0.069789 3.526551 2.176663
v -0.070465 3.673166 3.159954
v -0.060319 3.720608 3.115723
v -0.052011 3.633806 3.221047
v -0.079409 3.682442 3.098790
v 0.128987 3.161993 2.855136
v 0.090110 3.122110 2.861586
v 0.092867 3.136787 2.789164
v 0.213701 3.185060 2.746068
v 0.262489 3.251353 2.879934
v 0.394738 3.481060 2.603021
v 0.380867 3.617180 2.566692
v 0.347239 3.630087 2.433691
v 0.317689 3.383913 2.541255
v 0.306117 3.354781 2.413371
v 0.359056 3.427927 2.491873
v 0.290112 3.300864 2.547643
v -0.003793 2.963339 3.138580
v 0.044499 2.968523 3.169914
v 0.010850 2.967083 3.218318
v 0.072992 2.988331 3.212745
v 0.292386 3.308028 2.642834
v 0.248341 3.256155 2.686239
v -0.213840 4.033766 2.876036
v -0.240075 4.036505 2.726685
v -0.302731 3.946017 2.786326
v -0.118381 4.110573 2.797190
v -0.153796 4.100032 2.684346
v -0.117495 4.037826 2.979606
v -0.054929 4.094937 2.907523
v -0.295072 3.776546 2.365773
v -0.303528 3.904003 2.527611
v -0.236898 3.764935 2.295724
v -0.237973 3.866706 2.362146
v -0.161367 3.999168 2.437541
v -0.087541 3.891160 2.290857
v -0.091185 3.754966 2.213540
v -0.165589 3.751283 2.236562
v 0.039327 3.871875 2.268268
v -0.085597 3.630730 2.180100
v 0.095732 3.678674 2.188507
v 0.196834 3.704244 2.236657
v 0.251671 3.611965 2.259700
v 0.291562 3.550337 2.321714
v 0.244733 3.464671 2.262141
v 0.171214 3.363446 2.253510
v 0.084056 3.347787 2.223616
v -0.000160 3.330849 2.219040
v -0.103104 3.493701 2.189586
v -0.017261 3.493324 2.174340
v -0.250917 3.521157 2.257939
v -0.177933 3.622864 2.214739
v -0.253773 3.617738 2.260623
v -0.302042 3.634649 2.346188
v -0.363874 3.711674 2.520355
v -0.342275 3.809888 2.530546
v -0.355640 3.824039 2.678578
v -0.314775 3.933118 2.641116
v -0.248763 4.004150 2.559375
v -0.165177 4.073329 2.572793
v -0.057474 4.121029 2.588643
v -0.060512 4.005865 2.389714
v 0.061194 4.088933 2.520256
v 0.044819 4.001124 2.383038
v 0.151868 3.983484 2.415268
v 0.129666 3.826700 2.259329
v 0.252201 3.913224 2.428588
v 0.232090 3.821735 2.321532
v 0.302960 3.749222 2.365463
v 0.318371 3.438112 2.400083
v 0.279332 3.301342 2.363698
v 0.215418 3.246966 2.342624
v 0.133753 3.222705 2.329250
v 0.033357 3.189893 2.337003
v -0.063481 3.182821 2.349416
v -0.085099 3.275393 2.269906
v -0.245958 3.270585 2.339128
v -0.101906 3.357630 2.226001
v -0.251928 3.367179 2.296036
v -0.345928 3.553504 2.441033
v -0.388580 3.448505 2.572003
v -0.379109 3.570129 2.550506
v -0.359543 3.548991 2.673168
v -0.389221 3.628280 2.673647
v -0.351929 3.717044 2.836834
v -0.303258 3.806271 2.975700
v -0.285443 3.903384 2.937696
v -0.231199 3.925163 3.017622
v -0.165766 3.931207 3.074704
v -0.060507 3.898791 3.147940
v 0.048132 4.055193 2.979002
v 0.028891 4.117811 2.856179
v -0.015854 4.141756 2.743527
v 0.151265 4.037084 2.959235
v 0.120196 4.107032 2.837527
v 0.090575 4.128377 2.722821
v 0.071939 4.122674 2.617246
v 0.193616 4.072399 2.787591
v 0.179330 4.064093 2.565050
v 0.272145 4.001307 2.756884
v 0.267175 3.995717 2.595283
v 0.331426 3.901839 2.666794
v 0.328876 3.867504 2.546263
v 0.370229 3.767040 2.594247
v 0.379149 3.693091 2.655446
v 0.369435 3.407155 2.760093
v 0.348313 3.335571 2.852242
v 0.376586 3.363441 2.730972
v 0.294620 3.301335 2.919181
v 0.249112 3.253968 2.974886
v 0.214755 3.135743 3.103903
v 0.191636 3.092083 3.064159
v 0.145945 3.058989 3.027704
v 0.075971 3.065960 2.974195
v 0.092245 3.000044 3.100297
v 0.004287 2.986852 3.061137
v 0.008555 3.104069 2.851137
v -0.152713 3.055925 3.046788
v -0.063671 2.982521 3.114096
v -0.064042 2.986417 3.213819
v -0.137036 3.068594 3.260596
v -0.186120 3.151040 3.251608
v -0.207427 3.201056 3.137308
v -0.185029 3.122795 3.156965
v -0.159300 3.150238 3.299833
v -0.137560 3.248319 3.321899
v -0.117924 3.315554 3.344018
v -0.047159 3.126568 3.363104
v 0.063806 3.039185 3.317738
v 0.049765 3.114494 3.360690
v 0.044762 3.187504 3.366535
v 0.168084 3.124425 3.288255
v 0.155452 3.178787 3.307859
v 0.197942 3.154330 3.173298
v 0.193702 3.208156 3.248529
v 0.144290 3.255965 3.308464
v 0.195184 3.233350 3.171554
v 0.162765 3.289212 3.204398
v 0.144698 3.359739 3.238894
v 0.212159 3.323626 3.105062
v 0.171721 3.390859 3.174222
v 0.215009 3.392409 3.111944
v 0.299141 3.453176 3.045309
v 0.214592 3.516898 3.151383
v 0.165696 3.590108 3.159702
v 0.116100 3.565606 3.198670
v 0.118702 3.647332 3.141705
v 0.077454 3.634978 3.183627
v 0.049517 3.646710 3.227088
v 0.082656 3.597015 3.306144
v 0.005237 3.693529 3.294867
v 0.053153 3.589795 3.372473
v 0.017565 3.600381 3.392239
v 0.021080 3.544524 3.383047
v -0.029329 3.593425 3.381225
v -0.001345 3.499820 3.349253
v -0.050805 3.585589 3.364772
v -0.015552 3.536998 3.380784
v -0.022414 3.508091 3.332469
v -0.045575 3.620783 3.312540
v -0.023571 3.674802 3.303225
v -0.036953 3.768106 3.202597
v -0.025712 3.831008 3.174615
v -0.058720 3.802954 3.165908
v -0.150936 3.871331 3.121254
v -0.253507 3.844403 3.036422
v -0.204784 3.818871 3.065027
v -0.247741 3.732925 3.020528
v -0.173777 3.754124 3.027611
v -0.145957 3.707716 3.016935
v -0.231970 3.665665 3.039737
v -0.297779 3.666452 2.999097
v -0.327519 3.711822 2.956923
v -0.326129 3.650145 2.987391
v -0.230225 3.590335 3.105636
v -0.194766 3.602760 3.129748
v -0.249919 3.391054 3.070670
v -0.206088 3.514468 3.152486
v -0.147528 3.367510 3.196100
v -0.115024 3.397277 3.296526
v -0.176976 3.217498 3.259621
v -0.214699 3.324875 3.098458
v -0.227822 3.244673 3.053626
v -0.216710 3.147902 3.085649
v -0.190089 3.089213 3.067728
v -0.239130 3.244767 2.970907
v -0.377202 3.365290 2.799030
v -0.321253 3.309336 2.851089
v -0.368577 3.344246 2.746501
v -0.336473 3.410329 2.520413
v -0.293197 3.313234 2.411022
v -0.301366 3.314705 2.652203
v -0.313061 3.406913 2.397443
v -0.233289 3.220205 2.378147
v -0.266335 3.196055 2.485427
v -0.229951 3.229921 2.669731
v -0.275170 3.272274 2.600123
v 0.038185 3.074942 2.527112
v 0.027703 3.065802 2.622068
v -0.075684 3.118330 2.438914
v 0.100155 3.128609 2.434368
v 0.160779 3.114408 2.506782
v 0.220555 3.148327 2.506407
v 0.221993 3.187197 2.418581
v 0.272015 3.215895 2.477935
v 0.154426 3.104319 2.620651
v 0.012924 3.119829 2.783502
v 0.349544 3.380408 2.629622
v 0.004291 3.785780 3.204515
v 0.032575 3.746268 3.207584
v 0.046266 3.722576 3.178483
v 0.053327 3.805784 3.159057
v 0.063569 3.766388 3.134166
v 0.094324 3.878537 3.148153
v 0.173833 3.930585 3.068161
v 0.225863 3.908380 3.037341
v 0.242182 3.984324 2.918789
v 0.303464 3.870971 2.920772
v 0.333712 3.787332 2.828116
v 0.330553 3.888366 2.760159
v 0.354880 3.617409 2.959689
v 0.392160 3.514241 2.807631
v 0.357622 3.464620 2.947337
v 0.259892 3.331583 3.026622
v 0.352025 3.412837 2.891855
v 0.245038 3.262256 3.037343
v 0.159952 3.085002 3.240966
v 0.133582 3.038955 3.199560
v 0.106449 3.041404 3.281015
v -0.024704 3.005831 3.295923
v 0.332401 3.540119 3.026865
v 0.308184 3.590314 3.049416
v 0.226760 3.605406 3.095187
v 0.058415 3.710676 3.149689
v 0.109183 3.784086 3.125239
v 0.089913 3.709378 3.039529
v 0.208438 3.813860 3.056179
v 0.193577 3.876363 3.086947
v 0.232761 3.711040 3.012040
v 0.291185 3.787062 3.009364
v 0.318083 3.785646 2.964817
v 0.291469 3.674098 2.995110
v 0.313790 3.796252 2.916441
v 0.323117 3.677581 2.970926
v 0.174229 3.675164 3.040509
vn -0.6822 0.1979 0.7039
vn -0.6271 -0.5423 0.5592
vn -0.5406 -0.6905 0.4806
vn -0.3184 -0.4173 0.8512
vn -0.0278 -0.7659 0.6424
vn 0.0033 -0.6245 0.7811
vn -0.7300 -0.4491 0.5151
vn -0.7440 -0.6182 0.2535
vn -0.3694 -0.6988 0.6126
vn -0.9202 -0.2499 0.3014
vn -0.9197 -0.2416 0.3096
vn -0.9169 -0.3615 0.1689
vn -0.8931 -0.0700 0.4445
vn -0.9124 -0.4078 0.0348
vn -0.9100 -0.4140 -0.0224
vn -0.2781 -0.6959 -0.6621
vn -0.1024 -0.9172 -0.3851
vn 0.0950 -0.7067 -0.7011
vn -0.9251 -0.1724 0.3382
vn -0.9241 -0.0831 0.3729
vn -0.9223 -0.1840 0.3399
vn -0.8559 0.2131 0.4712
vn -0.9047 -0.2393 0.3526
vn -0.8314 -0.1985 0.5190
vn -0.5971 -0.6277 0.4995
vn -0.5587 -0.8214 0.1146
vn -0.0975 -0.7545 0.6491
vn -0.9067 -0.1671 0.3872
vn -0.9332 -0.0804 0.3501
vn -0.8520 0.3774 0.3629
vn -0.8548 0.2171 0.4714
vn -0.5217 -0.5852 -0.6207
vn -0.1222 -0.6809 -0.7221
vn -0.7350 -0.6493 -0.1955
vn -0.6016 -0.6378 -0.4809
vn -0.8165 -0.5651 -0.1185
vn -0.8986 -0.0032 0.4388
vn -0.8605 0.1392 0.4901
vn -0.0800 0.8357 0.5433
vn -0.0731 0.8891 0.4518
vn 0.2003 0.8519 0.4838
vn -0.9576 -0.1503 0.2456
vn -0.8965 -0.4419 -0.0330
vn -0.2867 -0.8851 -0.3666
vn -0.3466 -0.8985 -0.2694
vn 0.4442 -0.7363 -0.5105
vn 0.2237 -0.9474 0.2289
vn -0.4864 -0.7769 0.3998
vn -0.9530 0.0497 0.2989
vn -0.9103 -0.4107 0.0522
vn 0.5389 0.7309 0.4187
vn -0.1984 0.8684 0.4544
vn 0.7098 0.4968 0.4995
vn -0.1428 -0.9719 0.1872
vn 0.6915 -0.1667 0.7029
vn -0.9343 -0.0947 0.3437
vn -0.3170 -0.1660 0.9338
vn 0.0594 0.7338 0.6768
vn 0.4569 -0.8321 0.3146
vn 0.8279 -0.5019 -0.2503
vn 0.8850 -0.4615 -0.0612
vn 0.2667 0.5047 0.8210
vn 0.6187 0.7834 -0.0589
vn 0.9502 0.2758 0.1453
vn 0.3784 -0.8930 0.2438
vn -0.2379 -0.9698 0.0545
vn -0.5137 -0.8000 0.3101
vn -0.0133 -0.4766 0.8790
vn 0.0266 -0.5563 0.8306
vn -0.4188 -0.4730 0.7752
vn -0.5425 0.4299 0.7217
vn -0.5161 0.1236 0.8476
vn -0.5847 0.4783 0.6553
vn -0.3253 -0.0724 0.9429
vn -0.3765 -0.0629 0.9243
vn 0.3475 -0.9285 -0.1309
vn 0.3856 -0.8424 0.3764
vn 0.5345 -0.8168 -0.2171
vn -0.5433 0.2639 -0.7970
vn -0.4713 -0.1251 -0.8730
vn 0.0443 -0.4654 -0.8840
vn -0.0714 -0.8902 -0.4500
vn -0.0027 -0.9042 -0.4270
vn -0.0468 -0.9211 -0.3864
vn -0.0563 0.9970 -0.0527
vn 0.0023 0.9969 -0.0781
vn -0.0322 0.9994 -0.0153
vn -0.8258 -0.4537 -0.3350
vn -0.5987 -0.7016 -0.3864
vn -0.4981 -0.7886 -0.3606
vn -0.6854 -0.2848 -0.6702
vn -0.5707 -0.5712 -0.5899
vn -0.2651 -0.3221 -0.9088
vn -0.0516 -0.6178 -0.7846
vn -0.3378 -0.3045 -0.8906
vn -0.2785 -0.1579 -0.9474
vn 0.2195 -0.9715 -0.0900
vn 0.0839 -0.9451 0.3158
vn 0.1779 -0.9051 0.3862
vn 0.0307 -0.6491 0.7601
vn -0.2496 -0.7164 0.6515
vn -0.0371 -0.9609 0.2743
vn -0.8250 0.3217 0.4646
vn -0.6812 0.1446 0.7177
vn -0.8882 -0.3151 0.3344
vn -0.5901 -0.6545 -0.4726
vn -0.7968 -0.5138 -0.3181
vn -0.7862 -0.5447 -0.2920
vn -0.1719 -0.7113 -0.6816
vn 0.0075 -0.7102 -0.7039
vn -0.1486 -0.7293 -0.6678
vn -0.3730 -0.8873 -0.2714
vn -0.4793 -0.7393 -0.4730
vn -0.6049 -0.7709 -0.1995
vn -0.6841 -0.3047 0.6626
vn -0.7309 -0.2273 0.6435
vn -0.7696 -0.3718 0.5191
vn -0.3759 -0.9254 0.0491
vn 0.0052 -0.9548 0.2973
vn 0.0723 -0.9972 -0.0204
vn -0.8270 -0.5603 0.0463
vn -0.8728 -0.4435 0.2039
vn -0.7416 -0.5838 0.3305
vn -0.8265 0.3016 -0.4753
vn -0.6881 0.5051 -0.5210
vn -0.8514 0.4814 -0.2081
vn -0.5897 0.8045 -0.0711
vn -0.9039 0.4276 -0.0114
vn -0.5607 0.8252 0.0685
vn 0.0379 -0.5502 0.8342
vn -0.8303 0.5023 0.2414
vn -0.6894 0.7243 -0.0018
vn -0.6740 0.7127 0.1943
vn -0.8442 0.5213 -0.1248
vn -0.4730 0.8764 -0.0904
vn -0.9000 0.4118 -0.1432
vn -0.3517 -0.9161 -0.1926
vn -0.3180 -0.9479 -0.0174
vn -0.5295 -0.8282 -0.1837
vn -0.6654 -0.2739 0.6945
vn -0.8429 -0.0827 0.5317
vn 0.3359 0.3131 0.8883
vn 0.2452 -0.3294 0.9118
vn 0.1244 -0.1873 0.9744
vn -0.2088 -0.9634 -0.1682
vn 0.4838 -0.7545 -0.4434
vn 0.1100 -0.9886 -0.1030
vn -0.0880 0.6027 0.7931
vn 0.0901 0.8349 0.5429
vn 0.4312 0.6909 0.5803
vn 0.2011 -0.9770 0.0711
vn -0.0314 -0.8721 0.4883
vn 0.2273 -0.9422 -0.2462
vn 0.0718 0.5530 0.8301
vn 0.0382 0.2409 0.9698
vn -0.0294 0.2486 0.9682
vn -0.0579 -0.9338 0.3530
vn -0.0795 -0.6419 0.7626
vn -0.0373 -0.6344 0.7721
vn -0.0350 -0.6490 0.7600
vn -0.1296 -0.6331 0.7632
vn -0.7796 -0.5119 -0.3609
vn -0.6298 -0.6459 -0.4315
vn -0.9985 -0.0494 -0.0232
vn -0.9477 0.1279 -0.2923
vn -0.9463 0.1566 0.2827
vn -0.7669 0.3827 0.5151
vn -0.7000 0.5701 0.4300
vn -0.4130 -0.0896 0.9063
vn -0.7610 -0.3197 0.5644
vn -0.7477 0.0886 0.6581
vn -0.7741 -0.2659 0.5745
vn -0.7115 -0.1800 0.6793
vn -0.7320 0.0707 0.6777
vn -0.7921 -0.3104 0.5256
vn -0.7658 0.4940 0.4116
vn -0.1837 0.9447 0.2718
vn -0.7809 0.4563 0.4265
vn -0.6539 0.5897 -0.4740
vn -0.5524 0.8037 -0.2212
vn -0.6024 0.2870 -0.7448
vn -0.8188 0.3781 0.4320
vn -0.9421 -0.1931 0.2740
vn -0.8396 0.2721 0.4702
vn -0.5862 0.5846 -0.5609
vn -0.5800 0.0278 -0.8141
vn -0.7488 0.5137 0.4188
vn -0.5229 0.7569 0.3920
vn -0.6454 0.6720 0.3632
vn -0.4676 0.8105 0.3529
vn -0.7694 0.5194 0.3718
vn -0.4704 0.8363 0.2818
vn -0.3606 0.9286 0.0877
vn -0.8062 -0.0620 -0.5884
vn -0.6703 -0.5672 -0.4785
vn -0.9723 -0.0723 -0.2223
vn -0.1241 0.8114 0.5712
vn 0.4372 0.8696 0.2296
vn -0.3063 0.9365 0.1709
vn 0.1615 0.9843 -0.0717
vn -0.3408 0.8156 0.4675
vn 0.0043 0.8133 0.5818
vn -0.4109 0.8566 0.3121
vn -0.2781 0.8380 0.4695
vn -0.0289 0.7155 0.6981
vn -0.1817 0.7721 0.6090
vn 0.2465 0.7749 0.5821
vn -0.1653 0.8836 -0.4380
vn -0.4184 0.7864 -0.4544
vn -0.3417 0.7885 -0.5113
vn -0.6550 0.5020 -0.5647
vn -0.4773 0.5853 -0.6555
vn 0.1124 -0.7730 0.6243
vn -0.8499 -0.4307 0.3037
vn 0.2997 -0.3115 0.9018
vn 0.9588 0.2791 -0.0533
vn 0.9346 0.1946 -0.2977
vn 0.9601 0.2533 -0.1181
vn -0.9903 0.0135 -0.1381
vn -0.8733 0.3910 -0.2906
vn -0.8864 0.2825 -0.3668
vn -0.6614 0.5954 -0.4561
vn -0.9560 0.2072 -0.2077
vn -0.7614 0.4347 -0.4809
vn -0.7042 0.4305 -0.5645
vn -0.7200 0.3640 -0.5908
vn -0.6078 0.1549 -0.7789
vn -0.4344 -0.3641 -0.8238
vn 0.5597 -0.3238 0.7628
vn 0.2411 -0.0928 0.9660
vn 0.5683 -0.4993 0.6540
vn 0.0294 0.1312 0.9909
vn -0.0127 0.1458 0.9892
vn -0.3171 0.6140 -0.7228
vn 0.8991 0.1546 -0.4095
vn 0.0636 0.7976 -0.5999
vn -0.1118 0.5266 -0.8428
vn -0.6482 0.2812 -0.7077
vn -0.1901 -0.8353 0.5159
vn 0.4019 -0.7693 0.4966
vn 0.1912 -0.8359 0.5146
vn -0.7906 -0.4667 -0.3964
vn -0.8970 -0.3400 -0.2825
vn -0.8514 -0.4389 -0.2872
vn -0.5523 0.2323 -0.8006
vn -0.5920 0.1908 -0.7830
vn -0.9932 -0.0983 -0.0626
vn -0.9686 -0.0892 -0.2322
vn 0.6183 -0.7670 0.1715
vn 0.3425 -0.8187 -0.4609
vn 0.3413 -0.8483 -0.4048
vn -0.9281 0.1238 0.3511
vn -0.8364 -0.5436 -0.0707
vn -0.8070 -0.5689 0.1583
vn 0.7295 0.6230 0.2825
vn 0.0632 0.9113 0.4069
vn 0.8717 0.3500 0.3430
vn 0.9520 -0.1451 0.2693
vn 0.4507 0.6682 0.5920
vn 0.9557 -0.2830 0.0813
vn -0.5398 -0.8104 0.2277
vn -0.8887 -0.2760 0.3661
vn -0.3243 -0.8486 -0.4180
vn -0.7633 0.2978 0.5733
vn -0.8866 -0.4602 -0.0470
vn -0.4046 -0.5893 0.6994
vn -0.4332 0.3047 0.8482
vn -0.0905 -0.7263 -0.6814
vn 0.4509 -0.8119 0.3709
vn 0.2954 -0.9432 -0.1517
vn 0.5678 -0.6818 -0.4612
vn 0.9720 -0.0690 -0.2246
vn 0.8022 -0.4178 -0.4266
vn -0.5484 0.7036 0.4519
vn -0.8734 0.4605 0.1585
vn -0.5994 0.7000 0.3882
vn -0.6556 0.1823 0.7327
vn 0.2356 -0.6549 0.7181
vn 0.0354 -0.9776 0.2073
vn -0.6650 -0.5530 0.5021
vn 0.9213 0.3267 0.2110
vn 0.9610 0.2749 -0.0297
vn 0.8400 -0.4851 0.2430
vn -0.8023 -0.5859 0.1139
vn 0.9885 -0.0408 -0.1458
vn 0.5128 0.8391 -0.1816
vn 0.6850 0.7189 -0.1182
vn -0.6881 0.6026 0.4043
vn -0.9986 -0.0532 0.0077
vn -0.9806 -0.1712 0.0958
vn -0.8095 0.4456 0.3822
vn -0.9287 0.1218 0.3502
vn -0.6060 -0.7737 -0.1847
vn 0.1062 -0.8431 -0.5271
vn 0.0297 -0.9963 0.0802
vn 0.9666 0.1368 0.2168
vn 0.5924 0.7045 0.3909
vn 0.9602 -0.1588 0.2297
vn 0.7231 -0.6773 0.1357
vn 0.7055 -0.7066 0.0546
vn 0.7403 0.3858 0.5506
vn -0.4170 -0.7783 -0.4693
vn -0.7600 -0.6438 -0.0889
vn -0.3547 0.6577 0.6645
vn -0.9879 -0.0764 -0.1347
vn -0.1224 -0.8551 0.5038
vn -0.2896 0.4094 0.8652
vn 0.8612 0.0595 0.5047
vn 0.7341 -0.6089 -0.3005
vn 0.7200 -0.6075 -0.3355
vn -0.0806 0.8886 0.4516
vn -0.5345 0.8450 -0.0128
vn -0.1128 0.9815 0.1549
vn -0.4003 0.6731 0.6218
vn -0.9409 -0.0895 0.3267
vn -0.5744 -0.8106 0.1138
vn -0.9942 -0.0839 0.0674
vn -0.7528 0.3945 0.5269
vn 0.3225 0.5397 0.7776
vn -0.0080 0.8193 0.5733
vn -0.9824 -0.0510 0.1796
vn -0.8010 -0.5956 -0.0607
vn -0.9140 -0.4056 -0.0060
vn -0.2134 -0.9021 -0.3752
vn 0.5745 -0.6341 -0.5176
vn 0.4478 -0.8937 0.0293
vn 0.6544 0.5667 0.5005
vn 0.8289 0.2711 0.4894
vn 0.9046 -0.2935 0.3090
vn 0.8989 -0.3982 0.1825
vn -0.8552 -0.4477 -0.2612
vn 0.0717 -0.7913 -0.6073
vn -0.2805 -0.8854 -0.3707
vn -0.7805 0.2122 0.5881
vn -0.7998 -0.5226 -0.2953
vn 0.1641 -0.7338 0.6592
vn 0.5312 0.2690 0.8034
vn 0.9842 -0.1413 -0.1068
vn 0.9750 -0.1558 -0.1587
vn 0.9866 0.0360 0.1594
vn 0.6820 -0.7269 0.0803
vn 0.2118 -0.5246 0.8246
vn -0.0747 0.9769 -0.2003
vn 0.5934 0.8001 0.0881
vn 0.2437 0.8369 0.4901
vn -0.8300 0.5184 -0.2058
vn -0.8884 -0.4379 -0.1378
vn -0.9917 0.1141 -0.0596
vn 0.7743 -0.5636 0.2879
vn 0.1652 -0.9606 -0.2233
vn 0.8433 -0.1261 0.5224
vn 0.5522 -0.6074 0.5712
vn 0.2289 -0.9603 -0.1593
vn -0.8041 -0.1409 -0.5775
vn -0.2528 -0.5410 -0.8021
vn -0.4981 -0.7428 -0.4474
vn 0.6438 0.3674 0.6713
vn 0.1618 0.8668 0.4717
vn 0.6599 -0.0139 0.7512
vn -0.4338 0.8581 -0.2745
vn -0.7147 0.6272 -0.3096
vn -0.0339 0.9753 0.2183
vn 0.2367 -0.7695 -0.5932
vn 0.1258 0.5190 0.8455
vn 0.4507 -0.7545 0.4771
vn -0.7906 -0.4903 -0.3670
vn -0.8355 0.1390 -0.5317
vn -0.5787 -0.5249 -0.6242
vn -0.7150 -0.1719 -0.6776
vn -0.4604 -0.6550 0.5991
vn -0.7939 0.5666 0.2205
vn 0.2962 0.0974 0.9501
vn -0.5679 0.7805 0.2614
vn -0.6088 0.7907 -0.0638
vn -0.9151 0.3301 -0.2315
vn -0.2994 0.8912 -0.3407
vn -0.0932 0.9698 0.2254
vn -0.6570 0.7515 -0.0602
vn 0.3049 0.9438 0.1274
vn 0.7625 0.5034 0.4064
vn 0.7258 0.6489 0.2283
vn 0.3386 -0.7513 0.5665
vn -0.8989 0.1109 -0.4238
vn -0.9689 0.1730 -0.1771
vn -0.8751 -0.4826 0.0354
vn -0.6565 -0.6752 -0.3362
vn 0.9062 0.0660 0.4177
vn 0.3172 -0.5976 0.7364
vn 0.7284 -0.6347 0.2580
vn 0.0614 -0.9966 0.0554
vn -0.1723 -0.8692 0.4635
vn -0.3035 -0.8661 0.3971
vn 0.7846 0.5116 0.3503
vn 0.8048 -0.5004 -0.3192
vn 0.3289 0.6471 -0.6878
vn 0.1975 -0.6161 0.7625
vn 0.1803 -0.9172 0.3553
vn -0.3809 0.1864 -0.9056
vn -0.3112 -0.3547 -0.8817
vn 0.5365 -0.4290 0.7267
vn -0.7891 -0.5296 -0.3113
vn -0.3827 0.5639 -0.7318
vn 0.1376 0.8177 -0.5589
vn 0.5426 0.7699 -0.3358
vn -0.9956 0.0600 0.0726
vn -0.7950 0.5053 -0.3356
vn -0.5438 0.7936 -0.2728
vn -0.7366 -0.6127 -0.2864
vn -0.5305 -0.8246 0.1966
vn 0.3512 -0.9333 0.0747
vn -0.8473 0.3314 -0.4150
vn -0.8904 0.4246 -0.1643
vn 0.0838 0.9645 -0.2505
vn 0.1518 0.9874 -0.0452
vn 0.9824 -0.1426 -0.1208
vn 0.9864 -0.0134 0.1636
vn -0.3766 -0.9135 -0.1540
vn 0.3171 -0.7814 -0.5374
vn 0.2218 -0.9589 0.1769
vn 0.5782 0.7226 0.3790
vn -0.2367 0.8435 0.4821
vn 0.7532 0.4574 0.4726
vn -0.1349 -0.9789 0.1532
vn -0.3731 -0.8819 -0.2881
vn 0.7749 -0.5374 -0.3326
vn -0.2135 -0.8220 -0.5280
vn 0.3043 -0.7069 0.6385
vn -0.9119 -0.1522 0.3811
vn 0.7640 -0.1807 0.6194
vn 0.0182 0.7073 0.7067
vn 0.8405 -0.5201 -0.1519
vn 0.6786 0.4421 0.5865
vn 0.5711 0.8137 -0.1085
vn 0.9584 0.2699 0.0931
vn -0.7969 -0.5999 -0.0706
vn -0.9774 0.1646 -0.1330
vn -0.7139 -0.6941 0.0929
vn 0.8153 -0.5058 0.2819
vn 0.3308 -0.9226 0.1986
vn -0.1910 -0.8605 0.4722
vn -0.6924 0.6820 0.2355
vn 0.3111 0.8608 0.4027
vn 0.1998 0.8793 0.4323
vn -0.9858 0.1479 0.0797
vn -0.8126 -0.5602 -0.1610
vn -0.7865 -0.6107 -0.0924
vn -0.1093 -0.9392 -0.3254
vn -0.2978 -0.9135 0.2772
vn -0.8130 0.4697 0.3441
vn 0.8885 -0.3640 0.2796
vn 0.8906 0.3392 0.3029
vn 0.9280 -0.0750 0.3649
vn 0.4008 -0.8726 -0.2793
vn 0.4771 -0.8257 -0.3009
vn 0.4523 -0.7934 0.4074
vn -0.4926 -0.8702 -0.0035
vn -0.0711 -0.7343 0.6751
vn -0.8519 0.2511 0.4597
vn 0.5354 0.5396 0.6498
vn 0.9930 -0.1143 0.0303
vn 0.6335 -0.7409 0.2230
vn -0.1534 -0.9357 0.3178
vn 0.0985 -0.4599 0.8825
vn 0.4520 0.8702 0.1963
vn 0.0820 0.9944 -0.0672
vn 0.7811 0.6216 -0.0583
vn -0.9993 0.0373 -0.0091
vn -0.7193 0.6866 -0.1057
vn -0.9936 -0.0595 0.0964
vn -0.8110 -0.5416 0.2213
vn -0.8935 0.4375 0.1016
vn -0.9164 -0.3241 -0.2347
vn -0.9380 -0.3213 -0.1301
vn -0.3712 -0.8256 -0.4250
vn -0.5385 -0.8146 0.2154
vn 0.6094 0.6979 0.3763
vn 0.8780 -0.3217 0.3544
vn 0.9559 0.0210 0.2929
vn -0.7477 -0.6229 0.2302
vn -0.7955 -0.3960 -0.4586
vn -0.2825 -0.6684 0.6881
vn -0.5342 0.6096 0.5857
vn 0.4094 -0.8124 0.4151
vn 0.6617 0.3941 0.6378
vn -0.5117 0.7747 0.3714
vn 0.1156 -0.9570 -0.2659
vn 0.2051 -0.9432 -0.2615
vn 0.3300 0.9438 0.0193
vn -0.4456 0.8732 0.1973
vn -0.6123 0.7766 -0.1482
vn -0.9626 0.2236 0.1532
vn -0.4683 0.3874 0.7941
vn -0.3204 -0.2435 0.9155
vn 0.8376 -0.5450 0.0367
vn 0.2702 -0.9288 0.2535
vn 0.3584 -0.4308 0.8282
vn -0.4128 -0.8511 0.3243
vn -0.2556 -0.7771 0.5752
vn 0.3728 0.7502 0.5461
vn -0.3193 0.5737 0.7543
vn -0.3022 0.5103 0.8052
vn -0.6809 -0.6890 0.2483
vn -0.3653 -0.7764 -0.5135
vn -0.0278 -0.9778 -0.2075
vn 0.5519 -0.5105 -0.6595
vn 0.9009 0.1247 -0.4158
vn 0.4664 -0.7177 -0.5170
vn -0.8321 -0.5544 0.0136
vn -0.2278 -0.9571 -0.1789
vn 0.9069 -0.3215 -0.2722
vn -0.4906 0.0462 0.8702
vn 0.2310 0.6220 0.7482
vn -0.7907 -0.0742 0.6077
vn 0.6679 0.5174 0.5350
vn 0.4553 0.1606 0.8757
vn -0.7228 -0.4355 0.5366
vn 0.4683 -0.8822 0.0499
vn -0.5363 0.6343 0.5568
vn -0.3113 -0.7902 -0.5278
vn 0.7988 0.5978 0.0670
vn 0.4675 0.4324 -0.7710
vn 0.6336 0.7712 0.0618
vn 0.5282 0.8068 -0.2649
vn 0.3340 -0.9426 0.0016
vn 0.2810 -0.4482 0.8486
vn 0.8650 -0.2466 0.4371
vn 0.5298 -0.3076 -0.7904
vn 0.3222 -0.2377 -0.9163
vn 0.1747 0.8769 0.4478
vn 0.1826 0.8919 0.4137
vn -0.4767 -0.8564 0.1983
vn -0.5578 -0.2383 0.7950
vn 0.5651 0.3361 0.7535
vn -0.0959 0.8349 0.5420
vn -0.7313 0.6413 0.2320
vn -0.0734 0.8623 0.5010
vn -0.8177 -0.5467 -0.1800
vn 0.5065 0.8558 -0.1048
vn -0.0736 0.9577 0.2782
vn -0.1339 0.9122 0.3873
vn 0.0032 0.9629 0.2698
vn 0.5684 0.8009 0.1885
vn 0.2137 0.9676 0.1344
vn -0.4966 -0.5661 0.6580
vn -0.2550 -0.6736 0.6937
vn 0.1663 0.9074 0.3858
vn -0.2287 0.9055 0.3574
vn -0.2899 0.8891 0.3543
vn -0.1297 0.9414 0.3113
vn -0.0262 0.8744 0.4844
vn -0.1611 0.8728 0.4606
vn -0.6095 -0.6663 0.4295
vn -0.3554 -0.9331 0.0544
vn -0.0822 -0.7154 0.6939
vn -0.1503 -0.7832 0.6033
vn 0.0256 -0.9964 0.0803
vn 0.2819 -0.9577 0.0581
vn -0.0908 -0.9923 0.0847
vn -0.9452 0.1708 0.2782
vn -0.9924 0.1070 0.0606
vn -0.9372 0.2742 -0.2156
vn -0.9494 0.2498 0.1903
vn -0.9677 0.0690 0.2424
vn 0.5766 -0.1946 0.7935
vn 0.9949 0.0666 0.0761
vn 0.9833 -0.1392 0.1168
vn 0.8473 0.0161 0.5308
vn 0.8891 0.1578 0.4296
vn 0.9594 0.2229 0.1730
vn -0.2590 0.7435 0.6165
vn -0.0843 0.7351 0.6727
vn -0.5521 0.6897 0.4685
vn -0.7052 0.6930 0.1496
vn -0.3712 0.8651 0.3375
vn 0.7273 0.4406 0.5261
vn 0.1496 0.6630 0.7335
vn 0.6143 0.6666 0.4222
vn -0.7301 0.4349 0.5270
vn 0.3777 0.5378 0.7538
vn 0.5601 -0.8043 -0.1986
vn 0.8180 0.5614 0.1258
vn -0.1913 0.8955 0.4018
vn 0.0026 0.9200 0.3918
vn 0.1954 -0.7615 0.6180
vn 0.8265 -0.2829 0.4867
vn 0.9971 -0.0747 -0.0135
vn 0.3472 -0.7473 -0.5665
vn 0.7642 0.3708 0.5278
vn -0.1015 -0.9897 0.1014
vn 0.9638 -0.2262 -0.1412
vn 0.9802 -0.1370 -0.1427
vn 0.8156 -0.5326 -0.2260
vn -0.9574 0.1060 0.2685
vn -0.9523 0.2277 -0.2031
vn 0.9967 0.0784 0.0196
vn 0.8867 -0.0510 -0.4596
vn 0.6958 -0.4463 -0.5627
vn -0.2878 -0.5907 -0.7538
vn -0.0939 -0.4223 -0.9016
vn -0.0779 -0.4159 -0.9061
vn 0.6354 -0.4226 -0.6463
vn 0.2782 -0.5707 -0.7726
vn 0.3525 -0.3875 -0.8518
vn 0.8769 0.4803 0.0188
vn 0.7535 0.6025 -0.2631
vn 0.6945 -0.5839 -0.4204
vn 0.5605 -0.5331 -0.6337
vn 0.6717 -0.2702 -0.6898
vn 0.8266 -0.2356 -0.5111
vn -0.4986 0.0142 -0.8667
vn -0.2975 -0.2349 -0.9254
vn -0.2735 -0.5420 -0.7946
vn -0.4048 -0.8592 -0.3130
vn -0.1132 -0.2940 -0.9491
vn 0.3528 -0.2121 -0.9113
vn 0.2175 -0.6492 -0.7289
vn -0.1978 -0.6870 -0.6992
vn 0.0893 -0.6579 -0.7478
vn -0.4061 0.6890 -0.6003
vn -0.4586 0.7372 -0.4962
vn -0.9156 0.2670 -0.3005
vn 0.4481 0.7721 -0.4506
vn 0.0953 0.5892 -0.8024
vn 0.4293 0.7594 -0.4888
vn -0.8120 0.5081 -0.2873
vn -0.9024 0.3056 0.3039
vn -0.7537 0.5142 -0.4094
vn 0.2620 0.6298 -0.7312
vn 0.6731 0.6094 -0.4190
vn 0.2604 0.7935 -0.5500
vn 0.4381 -0.8456 -0.3051
vn 0.0808 -0.7366 -0.6714
vn 0.2337 -0.7629 -0.6028
vn 0.2489 0.8186 -0.5177
vn 0.5477 0.5991 -0.5841
vn 0.4612 0.5333 -0.7092
vn 0.2113 0.8374 -0.5042
vn 0.6573 0.6699 -0.3451
vn 0.8437 0.2217 -0.4889
vn 0.3927 0.5293 -0.7521
vn -0.0098 -0.0498 -0.9987
vn 0.5993 0.0987 -0.7944
vn -0.0171 0.6784 -0.7345
vn -0.6555 0.0637 -0.7525
vn -0.1383 0.1506 -0.9789
vn 0.0116 -0.0294 -0.9995
vn 0.3854 -0.1390 0.9122
vn 0.2641 -0.2284 0.9370
vn 0.4785 -0.1919 0.8569
vn 0.9436 -0.3019 0.1356
vn 0.6953 -0.2551 0.6719
vn 0.9730 -0.2287 0.0325
vn 0.6762 -0.6145 -0.4064
vn 0.8372 -0.2830 -0.4679
vn 0.9271 -0.3203 -0.1949
vn -0.8088 0.1899 0.5566
vn -0.6371 -0.7001 0.3225
vn -0.3831 -0.2172 0.8978
vn 0.1790 -0.8631 -0.4722
vn -0.2045 -0.9649 -0.1646
vn -0.4422 -0.7939 -0.4173
vn 0.2121 0.7172 -0.6638
vn -0.1281 0.8480 -0.5143
vn -0.1265 -0.4785 -0.8689
vn -0.4613 -0.2714 -0.8447
vn -0.0886 0.6488 -0.7558
vn -0.3683 0.6894 -0.6238
vn -0.5155 0.5715 -0.6385
vn -0.2105 -0.1160 -0.9707
vn 0.1339 -0.1064 -0.9853
vn 0.8840 0.0134 0.4672
vn -0.9703 -0.1205 -0.2096
vn -0.6204 -0.0761 0.7806
vn 0.6636 0.7455 -0.0611
vn 0.1069 0.1962 -0.9747
vn 0.0504 0.7417 -0.6688
vn 0.9745 0.2092 0.0811
vn 0.7053 -0.6870 -0.1749
vn -0.4631 -0.8654 -0.1915
vn -0.6574 -0.5561 -0.5085
vn -0.6660 -0.2141 -0.7146
vn 0.5898 0.7924 -0.1559
vn 0.7936 0.6055 -0.0596
vn -0.8801 -0.4211 -0.2194
vn -0.8276 -0.4820 -0.2877
vn -0.3739 0.9189 -0.1262
vn -0.1133 0.9897 -0.0878
vn -0.5864 0.4288 0.6872
vn -0.5156 0.8531 0.0791
vn 0.2827 0.9569 0.0663
vn -0.1506 -0.5019 0.8517
vn 0.2427 -0.1590 0.9570
vn -0.2247 -0.6050 0.7638
vn -0.0200 -0.6965 0.7173
vn 0.3068 -0.3281 0.8935
vn -0.5836 0.8040 -0.1144
vn -0.9124 0.3615 -0.1920
vn -0.9216 0.3035 -0.2420
vn 0.4277 -0.4703 0.7719
vn 0.9000 -0.1247 0.4176
vn -0.1386 0.9622 0.2346
vn -0.1026 0.9874 0.1202
vn 0.8049 0.5100 0.3034
vn 0.9563 0.2925 0.0028
vn 0.7517 0.5802 0.3137
vn 0.8768 0.3536 0.3260
vn 0.3069 -0.7208 -0.6215
vn 0.4898 -0.4858 -0.7239
vn -0.2442 0.8569 0.4539
vn -0.1252 0.7999 0.5869
vn -0.5954 0.5835 0.5523
vn 0.2812 0.6144 0.7371
vn 0.4504 0.7919 0.4123
vn -0.7844 0.6181 -0.0520
vn -0.9215 0.2182 -0.3212
vn 0.8216 -0.3714 -0.4324
vn 0.4399 -0.7236 -0.5318
vn 0.4292 -0.7197 -0.5458
vn -0.9149 0.3223 0.2431
vn -0.8375 0.3483 0.4210
vn -0.8620 0.2845 0.4195
vn -0.8394 0.5428 0.0255
vn -0.9834 0.1714 -0.0589
vn -0.9126 0.3487 -0.2135
vn -0.4240 -0.8738 -0.2381
vn -0.0269 -0.9288 -0.3696
vn -0.0508 -0.9971 0.0566
vn -0.8551 -0.1332 -0.5012
vn -0.6300 -0.5183 -0.5783
vn 0.5299 -0.6212 -0.5774
vn 0.8066 -0.5505 -0.2154
vn 0.2622 -0.9601 -0.0973
vn 0.2411 -0.9638 -0.1141
vn -0.0059 -0.9381 0.3462
vn 0.0489 -0.9955 -0.0809
vn -0.0637 -0.9886 0.1368
vn -0.0398 -0.9931 0.1106
vn 0.1625 -0.9754 0.1492
vn -0.0996 -0.9665 -0.2364
vn 0.4999 -0.8235 -0.2684
vn 0.9121 -0.2626 -0.3149
vn 0.6044 -0.7241 -0.3321
vn 0.8087 0.5465 0.2178
vn 0.9943 0.0698 -0.0804
vn 0.9606 0.1225 0.2496
vn -0.7291 0.6276 0.2731
vn -0.9941 -0.0942 0.0533
vn -0.9921 0.0722 0.1024
vn 0.9335 0.2814 0.2223
vn 0.8113 0.4386 0.3865
vn 0.7771 0.4065 0.4805
vn 0.7470 0.5145 0.4211
vn 0.2880 0.7414 0.6061
vn 0.6376 0.6068 0.4746
vn 0.0032 0.9622 -0.2723
vn -0.2218 -0.9163 0.3334
vn -0.7963 -0.5703 0.2014
vn -0.6586 -0.7499 -0.0620
vn -0.0536 -0.9500 0.3076
vn -0.1346 -0.8373 -0.5300
vn 0.0117 0.6432 0.7656
vn -0.5740 0.5165 0.6354
vn -0.0443 0.4383 0.8977
vn -0.4166 0.5912 -0.6905
vn -0.7501 0.3254 -0.5758
vn -0.4890 0.3452 -0.8011
vn -0.2935 0.9156 0.2747
vn -0.3083 0.9505 -0.0388
vn -0.4609 0.8834 -0.0843
vn -0.5274 -0.7588 0.3822
vn 0.0037 -0.7898 0.6133
vn -0.0918 0.2014 0.9752
vn -0.1607 -0.7275 0.6670
vn 0.0031 -0.7474 0.6644
vn -0.0052 -0.6202 0.7844
vn -0.2259 -0.5650 0.7936
vn -0.1613 -0.9673 0.1956
vn -0.3129 -0.8030 0.5072
vn -0.0180 -0.7624 0.6469
vn -0.0986 0.9373 0.3342
vn -0.1202 0.9927 -0.0028
vn 0.0777 0.9970 -0.0032
vn -0.2424 0.9588 -0.1482
vn 0.0902 0.9264 -0.3656
vn -0.3215 0.9389 -0.1232
vn -0.4016 0.8180 -0.4118
vn -0.3457 0.8909 -0.2946
vn -0.5259 0.8325 -0.1744
vn 0.8907 -0.1606 -0.4254
vn 0.5958 -0.0701 -0.8000
vn 0.6420 -0.1103 -0.7587
vn 0.0684 -0.9975 0.0164
vn -0.0149 -0.9876 0.1560
vn 0.3055 -0.8750 -0.3755
vn 0.0489 -0.9706 -0.2357
vn 0.2663 -0.7924 -0.5488
vn -0.1146 -0.9855 -0.1251
vn 0.3281 -0.6787 -0.6571
vn 0.3776 -0.6949 -0.6120
vn -0.2199 0.0215 0.9753
vn 0.0133 0.9950 0.0991
vn -0.1286 0.9888 0.0753
vn 0.8478 -0.3763 -0.3736
vn 0.2892 0.9414 0.1735
vn -0.9527 -0.2993 0.0526
vn -0.8563 -0.4520 -0.2501
vn -0.9899 -0.1410 0.0170
vn -0.8924 -0.3582 -0.2744
vn -0.7125 -0.5448 -0.4422
vn -0.5526 -0.8239 -0.1256
vn -0.2973 -0.7806 0.5498
vn -0.5385 -0.2473 0.8056
vn -0.2532 -0.9510 -0.1771
vn -0.1518 -0.9866 -0.0597
vn 0.2308 -0.9688 -0.0900
vn -0.0184 -0.9844 0.1750
vn -0.9756 -0.1944 0.1017
vn 0.3694 0.8776 0.3057
vn -0.9388 0.0582 0.3395
vn -0.8806 0.2789 0.3831
vn 0.2394 -0.8186 0.5221
vn -0.3535 -0.9277 0.1204
vn -0.8128 -0.1930 0.5497
vn -0.9190 0.1678 0.3568
vn -0.9842 0.1438 0.1032
vn -0.9447 0.3219 -0.0629
vn -0.9647 0.0012 -0.2634
vn -0.9570 -0.2203 0.1888
vn -0.9880 -0.0136 0.1535
vn -0.9312 -0.1285 0.3410
vn -0.8943 0.3099 0.3227
vn 0.0114 0.9951 -0.0978
vn -0.0282 0.7348 -0.6777
vn -0.2387 0.7896 -0.5652
vn 0.0071 -0.7708 0.6370
vn -0.5129 -0.6369 0.5756
vn -0.0062 -0.7288 0.6846
vn -0.9630 -0.1676 0.2110
vn -0.7607 -0.3821 0.5248
vn -0.9574 0.1980 0.2100
vn -0.9109 -0.0158 0.4123
vn -0.9036 0.4271 -0.0324
vn -0.6292 0.6270 -0.4593
vn -0.7521 0.5904 -0.2928
vn -0.2956 0.7804 -0.5511
vn -0.0129 -0.9874 0.1579
vn -0.0224 -0.9631 0.2682
vn -0.2694 -0.9176 0.2923
vn -0.0551 -0.9983 0.0176
vn -0.1381 -0.9775 0.1595
vn -0.6254 -0.7765 -0.0770
vn -0.7648 0.5811 0.2782
vn -0.8141 0.5741 0.0878
vn -0.6814 0.6805 0.2694
vn -0.1432 0.8294 -0.5400
vn -0.0099 0.9520 -0.3061
vn 0.0446 0.8273 -0.5599
vn -0.6487 0.6935 -0.3134
vn -0.2009 0.8846 -0.4209
vn 0.7863 -0.2963 0.5422
vn 0.7942 0.0455 0.6059
vn 0.5511 -0.4893 0.6759
vn 0.7076 -0.4939 0.5053
vn 0.4813 -0.6669 0.5688
vn 0.7110 -0.6431 0.2844
vn 0.9428 0.0349 0.3316
vn 0.9677 -0.1826 0.1736
vn 0.9909 0.0085 0.1347
vn 0.9673 -0.0398 0.2503
vn 0.9297 0.3668 -0.0332
vn 0.9139 0.1160 0.3889
vn 0.8676 -0.0603 0.4936
vn 0.9025 -0.4277 -0.0514
vn 0.9334 -0.3437 0.1030
vn 0.2709 -0.8845 -0.3797
vn 0.8447 0.1902 0.5002
vn 0.7659 -0.2111 0.6073
vn 0.7647 0.1234 0.6324
vn 0.8165 -0.0992 0.5687
vn 0.8610 0.2227 0.4573
vn 0.8261 -0.2035 0.5255
vn 0.9348 -0.1454 0.3239
vn 0.8922 -0.1615 0.4217
vn 0.9302 -0.1011 0.3529
vn 0.8681 0.0566 0.4932
vn 0.6790 0.5253 0.5128
vn 0.9363 0.1320 0.3254
vn 0.5800 -0.6469 -0.4951
vn 0.7603 -0.6363 -0.1304
vn 0.8181 -0.5630 -0.1168
vn 0.9337 -0.3042 0.1889
vn 0.9191 -0.2773 0.2798
vn -0.8008 -0.5241 -0.2898
vn -0.8039 -0.5010 0.3204
vn -0.3713 -0.8990 0.2322
vn -0.6076 0.6943 0.3856
vn -0.9444 0.3170 0.0871
vn -0.7866 -0.0462 0.6158
vn -0.3609 0.8553 0.3717
vn -0.2485 -0.9455 0.2106
vn 0.4749 -0.8787 -0.0478
vn 0.1530 -0.9781 0.1413
vn -0.3476 -0.8164 -0.4612
vn -0.8620 -0.3932 -0.3199
vn -0.0172 0.1649 0.9862
vn -0.2553 -0.7754 0.5776
vn 0.9229 -0.1163 0.3670
vn -0.0176 0.6946 0.7192
vn 0.9381 0.1133 0.3274
vn 0.1460 0.8723 0.4666
vn -0.7160 0.4725 0.5139
vn 0.9496 0.1471 0.2768
vn 0.8981 -0.4379 -0.0407
vn 0.9469 0.2586 0.1910
vn 0.9209 0.3436 -0.1838
vn 0.5548 0.8200 -0.1407
vn 0.9335 0.1334 -0.3330
vn -0.9563 0.2539 0.1449
vn -0.2476 -0.1551 0.9564
vn -0.4723 0.8798 0.0533
vn 0.3758 0.9263 -0.0269
vn 0.9590 0.1838 -0.2155
vn 0.4509 0.8824 0.1347
vn 0.2319 -0.9721 0.0344
vn 0.4874 -0.8223 0.2938
vn 0.6920 0.7174 0.0807
vn 0.7508 0.6381 -0.1706
vn 0.8555 0.5177 -0.0114
vn 0.9881 0.0714 0.1363
vn 0.8597 0.3848 0.3358
vn 0.8457 0.3319 0.4178
vn 0.2787 -0.1647 -0.9462
vn 0.5658 0.2408 -0.7886
vn 0.3201 -0.3014 -0.8982
vn 0.0680 -0.8899 -0.4510
vn 0.0437 -0.9221 -0.3845
vn 0.0592 0.9968 -0.0537
vn 0.0652 0.9968 -0.0455
vn -0.0017 0.9995 -0.0321
vn 0.5076 -0.5997 -0.6186
vn 0.6801 -0.2611 -0.6850
vn 0.2684 -0.3204 -0.9085
vn 0.0221 0.9768 -0.2130
vn 0.5921 0.7974 -0.1166
vn 0.4610 0.8763 -0.1399
vn -0.0743 -0.9451 0.3183
vn -0.1722 -0.8997 0.4011
vn -0.0268 -0.6483 0.7609
vn 0.6829 0.1432 0.7163
vn 0.8222 0.3239 0.4680
vn 0.8892 -0.3084 0.3378
vn 0.4833 -0.7344 -0.4766
vn 0.3735 -0.8880 -0.2683
vn 0.6209 -0.7611 -0.1878
vn 0.5036 0.8448 -0.1807
vn 0.7097 0.6381 -0.2985
vn 0.6508 0.7569 -0.0597
vn 0.0692 0.9638 -0.2576
vn 0.0271 0.9335 -0.3575
vn 0.3388 0.8911 -0.3019
vn 0.1727 -0.7261 0.6656
vn 0.5519 -0.6389 0.5359
vn 0.5344 -0.6318 0.5614
vn 0.7714 0.5543 -0.3125
vn 0.6498 0.6273 -0.4292
vn 0.9453 0.1341 -0.2973
vn 0.8420 0.5005 -0.2013
vn 0.8425 0.2854 -0.4568
vn 0.4321 -0.9007 0.0442
vn 0.5016 -0.8015 0.3256
vn 0.5507 -0.8293 0.0949
vn 0.7148 -0.6362 0.2904
vn 0.8492 -0.4684 0.2439
vn 0.8357 -0.5477 0.0401
vn 0.8240 0.5277 -0.2065
vn 0.8372 -0.4518 -0.3080
vn 0.7760 -0.5381 -0.3290
vn 0.8747 -0.4161 -0.2485
vn -0.0284 -0.5550 0.8314
vn 0.8309 -0.4220 -0.3626
vn 0.7458 -0.5358 -0.3957
vn 0.8308 -0.4559 -0.3192
vn 0.0087 -0.8785 0.4777
vn -0.2007 -0.9770 0.0716
vn -0.2636 -0.9378 -0.2258
vn 0.1629 0.3761 0.9121
vn 0.0986 0.1764 0.9794
vn 0.5949 0.0308 -0.8032
vn 0.5680 0.6454 -0.5107
vn 0.6226 -0.6655 -0.4117
vn 0.4772 -0.8028 -0.3574
vn 0.8091 0.2409 0.5360
vn 0.8635 0.3808 0.3308
vn 0.7122 0.5515 0.4343
vn 0.8052 0.4832 0.3437
vn 0.9142 0.1758 0.3651
vn 0.8953 0.0416 0.4436
vn 0.8992 0.0474 0.4350
vn 0.7038 0.4141 0.5771
vn 0.7437 -0.2511 0.6196
vn 0.5502 -0.2539 0.7955
vn 0.6667 -0.2752 0.6926
vn 0.7093 0.0994 0.6978
vn 0.5792 0.5433 0.6078
vn 0.2900 -0.4453 0.8471
vn 0.4023 0.9009 0.1630
vn 0.1991 0.7886 0.5817
vn 0.3027 0.8442 0.4425
vn 0.0354 0.9616 0.2720
vn -0.0020 0.7768 0.6298
vn 0.5049 0.8487 0.1573
vn 0.2749 0.9601 -0.0507
vn 0.0444 0.7675 0.6395
vn 0.8275 0.5368 0.1646
vn 0.2520 0.8743 0.4149
vn 0.3457 0.8688 0.3546
vn 0.9749 -0.1554 0.1596
vn 0.7188 0.5614 0.4101
vn 0.8024 0.3798 0.4603
vn 0.6103 0.3006 -0.7329
vn 0.4595 0.7973 0.3915
vn 0.0581 0.7541 0.6542
vn 0.0610 0.7540 0.6541
vn 0.3565 0.8193 0.4490
vn 0.6206 0.6792 0.3920
vn 0.7690 0.4921 0.4081
vn 0.8897 0.2597 0.3754
vn 0.8928 0.2808 0.3521
vn 0.9258 0.0543 0.3741
vn 0.8947 -0.3465 0.2817
vn -0.1631 0.9841 -0.0709
vn 0.3199 0.9321 0.1698
vn 0.2009 0.9362 0.2886
vn -0.0148 0.7923 0.6099
vn 0.3808 0.8351 0.3969
vn -0.3099 0.9500 0.0382
vn -0.0475 0.9980 0.0423
vn -0.0021 0.9684 0.2493
vn 0.0276 0.7098 0.7039
vn -0.2686 0.8079 0.5246
vn -0.3368 0.8007 0.4955
vn 0.0298 0.9976 0.0622
vn 0.4117 0.7894 -0.4555
vn 0.1640 0.8846 -0.4366
vn 0.3412 0.7885 -0.5117
vn 0.1395 -0.0992 0.9852
vn -0.2797 -0.5799 0.7651
vn 0.2514 -0.5083 0.8237
vn -0.9449 0.1966 -0.2616
vn -0.9584 0.2784 -0.0631
vn -0.9686 0.2320 -0.0894
vn -0.7680 -0.5773 -0.2772
vn -0.8675 -0.4840 0.1153
vn -0.8124 -0.5431 0.2123
vn 0.9624 0.2704 -0.0250
vn 0.9128 0.2347 -0.3343
vn 0.7315 0.4192 -0.5377
vn 0.8702 0.3968 -0.2922
vn 0.6625 0.5952 -0.4548
vn 0.9570 0.2136 -0.1962
vn 0.7277 0.4282 -0.5359
vn 0.7883 0.4536 -0.4157
vn 0.7131 0.3733 -0.5934
vn 0.8913 0.1779 -0.4171
vn 0.8779 0.1860 -0.4413
vn 0.9732 -0.1113 -0.2010
vn 0.4545 0.6778 -0.5780
vn 0.2844 0.6261 -0.7261
vn 0.6471 0.5051 -0.5711
vn 0.5442 0.1708 0.8214
vn 0.7114 -0.1161 0.6931
vn -0.3986 -0.7735 0.4927
vn 0.1817 -0.8332 0.5223
vn -0.1953 -0.8331 0.5176
vn -0.0115 -0.3445 0.9387
vn -0.1911 -0.1892 0.9632
vn 0.1862 -0.0573 0.9808
vn -0.6531 -0.6995 0.2902
vn -0.5449 -0.3626 0.7560
vn -0.4714 -0.4474 0.7601
vn -0.3399 -0.0624 0.9384
vn -0.0176 0.1069 0.9941
vn 0.6134 0.3583 -0.7039
vn 0.3086 -0.2058 -0.9287
vn -0.4414 -0.8477 -0.2942
vn -0.6742 -0.7057 0.2177
vn 0.9888 0.0203 -0.1481
vn 0.9908 -0.1295 -0.0395
vn 0.2103 0.5866 -0.7821
vn 0.1876 0.8558 -0.4820
vn 0.6319 0.6435 -0.4320
vn 0.2045 0.8448 -0.4944
vn -0.0975 0.8426 -0.5296
vn -0.2952 0.0302 0.9550
vn -0.0017 0.1389 0.9903
vn -0.0623 0.2866 0.9560
vn -0.3512 -0.8194 -0.4531
vn -0.6169 -0.7676 0.1738
vn -0.3423 -0.8494 -0.4018
vn 0.7154 0.3118 0.6253
vn 0.8872 0.2406 0.3936
vn 0.4151 0.8311 0.3700
vn -0.1664 0.8561 0.4893
vn -0.5291 0.8260 0.1946
vn -0.7088 0.5895 0.3873
vn 0.8755 -0.2687 0.4017
vn -0.9300 -0.3057 0.2041
vn -0.4183 0.6621 0.6218
vn -0.9295 0.1389 0.3417
vn 0.0513 -0.9943 0.0939
vn -0.0803 -0.9903 -0.1138
vn -0.7792 -0.6181 0.1041
vn 0.8516 -0.5223 -0.0445
vn 0.8047 -0.5707 0.1635
vn 0.3053 -0.8518 -0.4257
vn -0.2742 -0.7813 0.5607
vn 0.6448 -0.6641 -0.3785
vn 0.9029 -0.0740 0.4233
vn -0.5410 -0.5806 -0.6084
vn -0.5409 0.4290 0.7235
vn -0.6526 -0.5758 -0.4926
vn -0.9452 -0.2209 -0.2402
vn -0.9759 0.1419 -0.1661
vn -0.6912 0.7224 0.0156
vn 0.0600 0.9955 0.0734
vn 0.4647 0.7945 0.3909
vn 0.6878 0.7095 0.1536
vn 0.9692 0.1354 0.2058
vn 0.9842 -0.0015 0.1773
vn 0.7929 -0.5922 0.1434
vn -0.0554 -0.9756 0.2125
vn 0.6478 -0.5860 0.4868
vn -0.9918 0.0564 -0.1144
vn -0.9650 0.2590 0.0402
vn -0.8431 -0.5369 0.0309
vn 0.2163 -0.9720 0.0915
vn -0.1102 -0.8239 -0.5560
vn 0.6862 -0.6231 -0.3755
vn -0.9586 -0.2124 0.1894
vn -0.7600 0.3297 0.5601
vn -0.6148 0.6782 0.4026
vn 0.4260 0.6326 0.6467
vn 0.8897 0.2038 0.4086
vn 0.0895 0.8947 0.4376
vn -0.6735 -0.7392 0.0038
vn -0.8038 -0.5397 -0.2502
vn -0.6534 -0.7567 0.0212
vn 0.6429 -0.6641 -0.3816
vn 0.9998 -0.0038 0.0187
vn 0.1701 -0.8426 0.5110
vn 0.9865 -0.0699 -0.1478
vn 0.3809 0.5267 0.7599
vn 0.8192 -0.5680 -0.0790
vn 0.4793 -0.7936 0.3749
vn -0.8590 -0.0297 0.5111
vn 0.1254 0.9816 0.1440
vn 0.7674 0.6150 0.1813
vn 0.7877 0.6118 0.0722
vn 0.9932 -0.0873 0.0772
vn 0.5973 -0.7929 0.1207
vn 0.9343 -0.1318 0.3312
vn -0.3152 -0.9488 0.0187
vn -0.8551 -0.4940 -0.1576
vn -0.9364 -0.3387 0.0922
vn -0.2335 -0.9723 -0.0144
vn -0.5722 -0.6099 -0.5482
vn 0.2691 -0.7781 -0.5676
vn -0.8630 0.2255 0.4522
vn -0.3200 0.5672 0.7589
vn -0.0166 0.8053 0.5926
vn 0.7942 0.2467 0.5553
vn 0.9490 -0.2754 0.1535
vn 0.6669 0.6279 0.4013
vn -0.9248 -0.3497 0.1500
vn -0.9983 -0.0501 -0.0297
vn -0.9033 -0.3959 0.1652
vn 0.2239 -0.7900 -0.5708
vn 0.8715 -0.4239 -0.2465
vn -0.1609 -0.9123 0.3766
vn 0.8084 -0.4263 -0.4058
vn 0.7408 0.0251 0.6712
vn 0.3681 -0.8505 -0.3758
vn 0.1439 -0.9761 0.1630
vn -0.6417 0.2639 0.7201
vn 0.5804 0.8130 0.0465
vn 0.2258 0.9613 0.1581
vn 0.0080 0.9871 -0.1601
vn 0.9482 0.3029 -0.0960
vn 0.8556 -0.4996 -0.1351
vn 0.9043 -0.1004 0.4150
vn 0.4972 -0.5718 0.6526
vn 0.2330 -0.9713 -0.0487
vn -0.7073 -0.6960 0.1234
vn -0.9904 0.0253 0.1359
vn -0.5655 0.2921 0.7713
vn -0.5843 0.8074 0.0822
vn 0.0391 0.9960 0.0801
vn -0.6704 -0.0505 0.7403
vn -0.1767 0.4897 0.8538
vn -0.0941 0.8152 0.5715
vn 0.7521 0.6356 0.1742
vn 0.9266 0.2969 -0.2307
vn 0.4682 0.8706 0.1511
vn -0.7855 -0.5933 0.1759
vn -0.6263 0.3104 0.7152
vn -0.3925 -0.7691 0.5044
vn -0.5381 -0.5843 0.6075
vn 0.4812 -0.7965 0.3660
vn 0.6200 -0.1553 -0.7691
vn 0.8367 0.5058 0.2099
vn 0.8031 -0.4304 -0.4121
vn 0.1156 -0.9922 0.0468
vn -0.6344 -0.7603 -0.1398
vn -0.3055 0.0952 0.9474
vn 0.4093 -0.5594 -0.7208
vn 0.8090 -0.1217 -0.5751
vn 0.3957 -0.7347 -0.5510
vn -0.3003 -0.7953 -0.5267
vn -0.7849 -0.4951 0.3726
vn 0.8155 0.5143 -0.2654
vn 0.0528 0.2288 0.9720
vn -0.8255 0.4464 0.3453
vn 0.0594 0.8327 0.5505
vn 0.1871 0.9763 -0.1089
vn 0.2650 0.9059 -0.3304
vn -0.3604 0.9241 0.1270
vn 0.2234 -0.8811 0.4168
vn -0.5499 -0.7201 0.4231
vn -0.5279 -0.4074 0.7452
vn -0.8746 -0.4072 0.2632
vn -0.3483 -0.5546 0.7557
vn -0.8026 0.1802 0.5687
vn -0.0982 -0.9920 0.0794
vn 0.7575 -0.6040 -0.2479
vn 0.6796 -0.1809 -0.7109
vn 0.7740 0.0446 -0.6316
vn 0.0196 0.6910 -0.7226
vn -0.5842 0.7274 -0.3601
vn 0.3267 0.6006 -0.7297
vn -0.3121 -0.8713 0.3788
vn 0.5103 -0.8414 -0.1780
vn -0.8380 0.4438 0.3176
vn -0.9931 -0.0306 0.1135
vn -0.7847 0.6195 0.0211
vn -0.8328 0.5491 -0.0701
vn -0.7957 -0.5063 -0.3324
vn -0.7675 0.5465 0.3350
vn -0.3700 0.7041 -0.6061
vn 0.4115 -0.9104 -0.0421
vn 0.3574 -0.3688 -0.8581
vn -0.2388 -0.5802 0.7787
vn 0.5517 -0.1512 -0.8202
vn -0.2983 0.7072 -0.6410
vn -0.9881 0.0252 0.1518
vn -0.5709 0.0257 0.8206
vn -0.1476 -0.9740 -0.1720
vn -0.1908 0.9283 -0.3191
vn 0.5465 0.7830 -0.2971
vn -0.3549 0.8501 -0.3890
vn -0.1926 0.6806 -0.7069
vn -0.9274 0.3529 -0.1239
vn -0.7612 0.3572 -0.5412
vn 0.1970 0.8348 0.5141
vn 0.9604 0.0416 0.2756
vn 0.3355 0.7398 0.5833
vn 0.5551 -0.8312 -0.0318
vn 0.3982 -0.8078 -0.4346
vn 0.8731 -0.4867 -0.0293
vn -0.9672 0.2153 0.1346
vn -0.7668 -0.4886 -0.4164
vn -0.8643 -0.5027 0.0163
vn -0.5978 0.7088 0.3746
vn -0.3966 0.8506 0.3452
vn -0.7222 -0.2074 0.6598
vn -0.2325 -0.9642 0.1277
vn 0.4793 -0.7813 0.3998
vn -0.7466 -0.5443 -0.3826
vn -0.2788 -0.8229 -0.4951
vn -0.2980 -0.7154 0.6320
vn 0.1486 -0.9798 0.1339
vn 0.8828 -0.2241 0.4128
vn 0.0182 0.6715 0.7408
vn 0.9477 -0.0137 0.3189
vn -0.7605 0.4509 0.4672
vn 0.9572 0.1860 0.2216
vn -0.7192 -0.6942 0.0281
vn -0.9621 0.2415 0.1269
vn -0.7488 -0.5095 0.4239
vn -0.1607 -0.9062 0.3910
vn 0.7439 -0.6657 0.0580
vn 0.5277 -0.7936 0.3028
vn 0.1109 -0.5065 0.8551
vn -0.3261 -0.3294 0.8861
vn 0.9775 0.1545 -0.1438
vn 0.3045 0.8632 -0.4027
vn 0.4246 0.8804 -0.2112
vn 0.7936 -0.6056 -0.0582
vn 0.2924 -0.9541 0.0653
vn -0.3283 0.8431 0.4258
vn 0.7410 0.6301 0.2322
vn -0.2384 0.8560 0.4588
vn -0.4358 -0.8538 -0.2849
vn -0.6463 -0.7314 0.2177
vn 0.2058 -0.9265 0.3150
vn -0.8903 -0.3328 0.3109
vn -0.5098 -0.8135 -0.2797
vn -0.4399 -0.8092 0.3896
vn -0.9924 -0.1198 0.0271
vn -0.9330 -0.0859 0.3493
vn -0.9177 0.2895 0.2721
vn 0.1768 -0.9750 0.1350
vn 0.7548 -0.6335 0.1702
vn 0.3967 -0.9042 0.1584
vn 0.1402 -0.9356 -0.3240
vn 0.0844 -0.7148 0.6942
vn 0.4791 -0.7352 -0.4795
vn 0.8455 0.3933 0.3611
vn -0.5560 0.5168 0.6510
vn 0.9869 0.0009 0.1612
vn 0.5992 0.7768 0.1937
vn -0.7400 0.6373 0.2151
vn -0.0496 0.9753 0.2152
vn 0.6204 0.3241 0.7142
vn 0.9008 -0.3398 0.2703
vn 0.2812 -0.0255 0.9593
vn -0.0512 -0.4477 0.8927
vn 0.7226 0.6811 -0.1178
vn -0.0831 0.9945 -0.0640
vn -0.0872 0.9955 0.0370
vn 0.9961 0.0588 -0.0665
vn 0.7955 -0.5967 0.1057
vn -0.4658 0.7204 0.5138
vn 0.4257 0.8408 0.3344
vn -0.4101 0.8432 0.3477
vn -0.0682 -0.9553 -0.2876
vn -0.2672 -0.9368 0.2258
vn 0.3580 -0.8995 0.2505
vn 0.8862 0.4553 0.0855
vn 0.3339 0.9278 0.1661
vn -0.9640 -0.0299 0.2644
vn -0.8480 -0.5297 -0.0199
vn -0.5713 -0.6675 0.4776
vn -0.9357 0.2469 0.2518
vn -0.8798 -0.2956 0.3722
vn -0.6371 0.6748 0.3725
vn 0.5081 -0.8328 0.2196
vn 0.9713 -0.2127 0.1067
vn 0.6951 -0.6559 0.2942
vn 0.4646 -0.7995 -0.3808
vn -0.1932 -0.9175 -0.3478
vn 0.2917 -0.6647 0.6878
vn 0.8127 -0.3582 -0.4596
vn 0.5586 0.6108 0.5611
vn -0.6457 0.4027 0.6488
vn 0.4304 0.8028 0.4126
vn 0.9636 0.2151 0.1589
vn 0.8895 -0.3776 0.2573
vn 0.3344 -0.1831 0.9245
vn -0.8052 -0.5907 0.0524
vn -0.5591 -0.5353 0.6332
vn -0.9793 0.1819 -0.0891
vn -0.9181 0.3943 0.0413
vn 0.4567 0.8750 -0.1604
vn -0.5138 0.8448 -0.1493
vn -0.4544 0.8857 0.0950
vn 0.8018 0.1164 0.5861
vn 0.8563 -0.5165 -0.0081
vn 0.5732 -0.2481 0.7810
vn -0.4252 -0.7266 -0.5396
vn -0.9030 -0.3421 -0.2600
vn -0.9080 0.0687 -0.4133
vn -0.6734 0.5553 0.4880
vn -0.2530 0.6060 0.7542
vn -0.7873 0.6125 0.0699
vn 0.3170 -0.8030 -0.5046
vn -0.0303 -0.9584 -0.2839
vn -0.5319 -0.5364 -0.6553
vn 0.2504 -0.9559 -0.1533
vn 0.5604 -0.7535 0.3438
vn 0.3976 0.1501 0.9052
vn 0.5080 -0.6068 0.6114
vn -0.5170 -0.5247 0.6764
vn -0.7234 -0.6292 -0.2843
vn -0.6047 0.5086 0.6129
vn 0.5839 0.5876 0.5601
vn 0.2958 0.5126 0.8061
vn -0.3644 0.7404 0.5648
vn -0.6336 0.7728 0.0366
vn -0.4515 0.4147 -0.7900
vn -0.5410 0.8031 -0.2499
vn -0.2804 -0.4566 0.8443
vn -0.3617 -0.9323 0.0055
vn -0.8650 -0.2466 0.4371
vn -0.2523 0.8501 0.4623
vn 0.1950 0.5011 0.8432
vn -0.5171 0.3105 0.7976
vn 0.4247 -0.8990 0.1066
vn 0.4273 0.6645 0.6131
vn -0.2536 0.8274 0.5011
vn 0.5992 0.1998 0.7753
vn -0.4224 0.5396 0.7283
vn 0.4714 0.7951 0.3816
vn 0.2641 -0.4211 0.8677
vn 0.0779 -0.7148 0.6950
vn -0.1068 -0.5762 0.8103
vn 0.4026 0.8620 0.3080
vn 0.7972 0.5790 0.1712
vn 0.1659 0.9665 0.1957
vn 0.0356 0.9443 0.3271
vn -0.3881 0.8628 0.3240
vn 0.0979 0.9908 0.0935
vn 0.1370 0.9122 0.3861
vn 0.2583 -0.6830 0.6832
vn -0.1661 -0.5383 0.8262
vn 0.2224 0.8672 0.4456
vn 0.0199 0.8713 0.4903
vn 0.1634 0.8641 0.4761
vn -0.0354 0.9224 0.3847
vn -0.7949 0.5923 0.1319
vn -0.2380 0.9225 0.3039
vn 0.3004 0.8806 0.3666
vn 0.2350 0.8849 0.4022
vn 0.2079 0.9029 0.3762
vn 0.8317 -0.5311 -0.1619
vn 0.3879 -0.9206 0.0441
vn 0.9219 -0.1602 -0.3529
vn 0.6050 -0.6582 0.4481
vn 0.1496 -0.7957 0.5868
vn -0.0577 -0.9942 0.0906
vn 0.0955 -0.9938 0.0562
vn 0.9931 0.0918 0.0734
vn 0.8542 -0.3995 0.3328
vn 0.6385 -0.0460 0.7682
vn -0.5544 0.0548 0.8305
vn -0.0397 -0.1559 0.9870
vn -0.5802 -0.2247 0.7829
vn -0.8753 0.2046 0.4382
vn -0.8646 -0.0012 0.5024
vn -0.9552 0.2325 0.1829
vn 0.8907 0.1046 0.4424
vn 0.7352 0.3934 0.5519
vn 0.9926 0.0367 0.1156
vn 0.7257 0.6808 0.0996
vn 0.4665 0.7848 0.4080
vn 0.1424 0.9401 0.3098
vn 0.2048 0.7931 0.5737
vn 0.9583 -0.0524 -0.2809
vn 0.7719 0.6315 -0.0735
vn 0.1552 -0.9760 -0.1530
vn -0.6147 -0.7618 -0.2043
vn -0.6258 -0.7479 -0.2215
vn -0.9660 -0.2184 -0.1381
vn -0.6993 -0.7142 0.0303
vn -0.2928 -0.9533 0.0739
vn -0.1833 -0.7553 0.6292
vn -0.5826 0.7863 0.2057
vn -0.8851 0.4484 0.1244
vn -0.2314 -0.6696 0.7058
vn -0.9660 0.1284 0.2245
vn -0.7403 -0.3944 0.5445
vn -0.4125 -0.7088 -0.5723
vn 0.9952 -0.0887 -0.0422
vn -0.8915 -0.3903 -0.2298
vn -0.9898 0.0127 -0.1422
vn -0.9941 0.0944 0.0535
vn -0.8893 -0.0955 -0.4472
vn -0.6891 -0.4520 -0.5665
vn 0.8986 -0.2789 -0.3386
vn 0.8949 -0.2604 -0.3623
vn -0.1925 -0.5589 -0.8066
vn -0.3462 -0.3897 -0.8534
vn 0.0982 -0.4137 -0.9051
vn -0.6132 -0.5889 -0.5265
vn -0.8212 -0.4802 -0.3083
vn -0.8745 0.4844 0.0248
vn -0.7529 0.6095 -0.2483
vn -0.9716 0.1398 0.1909
vn 0.9952 0.0846 -0.0497
vn 0.9619 0.2145 0.1697
vn -0.5596 -0.5173 -0.6475
vn 0.1191 -0.4196 -0.8999
vn -0.3098 -0.3854 -0.8692
vn -0.6145 -0.2450 -0.7499
vn -0.7017 0.0209 -0.7121
vn 0.2266 -0.2374 -0.9446
vn 0.5094 0.0364 -0.8597
vn 0.2798 -0.5516 -0.7858
vn -0.0077 -0.4389 -0.8985
vn -0.0619 -0.6202 -0.7820
vn 0.9689 0.1409 -0.2033
vn 0.9975 0.0684 0.0175
vn -0.8265 0.2409 -0.5088
vn -0.9132 0.2904 -0.2859
vn -0.9707 -0.1997 -0.1339
vn -0.1016 0.5682 -0.8166
vn -0.4453 0.7731 -0.4518
vn -0.4286 0.7546 -0.4969
vn 0.9423 0.1620 0.2931
vn 0.7873 0.5441 -0.2900
vn 0.9240 0.3023 0.2342
vn 0.8672 0.3345 -0.3689
vn -0.2592 0.6284 -0.7334
vn -0.6202 0.4845 -0.6169
vn -0.4547 0.5520 -0.6990
vn -0.4106 0.5173 -0.7509
vn -0.8118 0.2525 -0.5265
vn -0.7600 0.5926 -0.2668
vn 0.1313 0.5323 -0.8363
vn -0.0426 -0.0891 -0.9951
vn 0.5226 0.3014 -0.7975
vn -0.0721 -0.7395 -0.6693
vn 0.1868 0.1672 -0.9681
vn 0.1244 -0.0064 -0.9922
vn 0.2864 -0.0809 -0.9547
vn -0.9720 -0.1603 -0.1719
vn -0.8979 -0.1178 -0.4242
vn -0.8355 -0.2734 -0.4766
vn -0.8937 -0.1721 -0.4143
vn -0.9574 -0.2309 -0.1737
vn -0.9510 -0.2727 0.1455
vn -0.7239 -0.3036 0.6195
vn -0.5996 -0.3918 0.6979
vn 0.2398 0.1330 -0.9617
vn 0.0014 0.3669 -0.9303
vn 0.5752 0.2536 -0.7777
vn 0.7274 -0.0589 -0.6837
vn 0.2179 -0.4028 -0.8890
vn 0.2486 -0.1134 -0.9620
vn 0.5547 -0.2308 0.7994
vn 0.7657 0.2039 0.6100
vn 0.3760 -0.7765 0.5056
vn 0.7084 -0.7058 -0.0047
vn 0.2234 0.7992 -0.5581
vn -0.1973 0.8360 -0.5120
vn -0.2322 0.6602 -0.7143
vn 0.4412 -0.1481 -0.8851
vn 0.1714 -0.4297 -0.8866
vn 0.4625 -0.2779 -0.8420
vn 0.4110 -0.3233 -0.8524
vn 0.0845 0.6478 -0.7571
vn -0.6415 -0.4347 -0.6321
vn -0.9690 0.0002 0.2472
vn -0.8919 -0.0020 0.4523
vn 0.9555 0.2165 0.2005
vn 0.9526 -0.2835 0.1103
vn 0.7976 0.4735 -0.3737
vn 0.7702 0.4365 -0.4650
vn 0.9869 -0.1615 0.0007
vn 0.7079 0.3801 -0.5953
vn 0.6516 0.4046 -0.6416
vn 0.8877 0.2787 -0.3664
vn 0.8840 -0.4003 -0.2417
vn 0.7893 -0.0373 0.6128
vn 0.9947 -0.0681 -0.0771
vn 0.9703 -0.2376 0.0463
vn -0.0587 0.9234 0.3792
vn 0.0949 0.9790 0.1803
vn -0.1068 0.9835 0.1459
vn -0.4657 0.8608 0.2052
vn -0.9561 0.2914 -0.0301
vn -0.8088 0.5093 0.2940
vn -0.7199 0.6082 0.3345
vn -0.8651 0.3587 0.3506
vn 0.1275 0.7934 0.5952
vn 0.2803 0.8616 0.4232
vn 0.6014 0.5882 0.5407
vn -0.8070 0.5454 0.2263
vn -0.2676 0.7133 0.6478
vn -0.7623 0.4485 0.4666
vn -0.7669 -0.4580 0.4495
vn -0.9497 -0.0914 0.2996
vn -0.9934 -0.0931 -0.0671
vn -0.4336 -0.7215 -0.5398
vn -0.8296 -0.3825 -0.4068
vn -0.4367 -0.7167 -0.5437
vn 0.0010 -0.7611 -0.6486
vn 0.7299 -0.5209 -0.4427
vn 0.5606 -0.7582 -0.3329
vn -0.2453 -0.6783 -0.6926
vn -0.4912 -0.5243 -0.6956
vn -0.4628 -0.5333 -0.7081
vn 0.9895 -0.1433 0.0209
vn 0.5873 -0.6826 -0.4349
vn 0.9868 0.1399 -0.0820
vn 0.8966 0.4038 0.1818
vn 0.9241 0.3253 -0.2008
vn 0.0297 -0.9317 -0.3621
vn 0.4300 -0.8704 -0.2398
vn 0.0458 -0.9977 0.0498
vn -0.9613 0.2721 -0.0425
vn -0.4470 0.8189 0.3599
vn 0.7894 -0.4266 -0.4414
vn 0.9436 -0.2073 -0.2581
vn -0.2290 -0.9184 -0.3227
vn -0.7335 -0.6399 -0.2291
vn -0.3912 -0.7449 -0.5404
vn -0.0697 -0.9945 -0.0786
vn 0.0347 -0.9289 0.3687
vn 0.0650 -0.9885 0.1365
vn -0.0273 -0.9994 -0.0196
vn 0.0469 -0.9932 0.1064
vn 0.1905 -0.2790 0.9412
vn -0.1617 -0.2356 0.9583
vn -0.0506 -0.0304 0.9983
vn -0.9043 -0.3979 0.1547
vn 0.7112 -0.2236 -0.6665
vn 0.9863 0.0771 -0.1460
vn 0.6263 -0.0782 -0.7757
vn 0.0925 -0.9952 -0.0313
vn -0.1269 -0.9857 -0.1111
vn 0.0572 -0.9637 -0.2607
vn -0.9125 -0.3350 -0.2349
vn -0.9915 -0.0973 -0.0865
vn 0.7221 0.6414 0.2592
vn 0.4006 0.8576 0.3227
vn -0.9736 0.1082 0.2009
vn 0.9958 -0.0735 0.0539
vn 0.8609 0.2924 0.4164
vn 0.8352 0.3598 0.4159
vn 0.9846 0.0852 0.1524
vn 0.6587 -0.7497 -0.0643
vn 0.9276 -0.2019 -0.3144
vn 0.7967 -0.5701 0.2007
vn 0.2142 -0.9228 0.3202
vn -0.3671 -0.8528 0.3713
vn -0.7883 -0.6149 -0.0232
vn -0.8815 0.4669 0.0702
vn 0.0137 0.8251 0.5648
vn 0.2079 -0.5696 0.7952
vn 0.4794 0.5813 -0.6575
vn 0.4010 0.6324 -0.6628
vn 0.5134 0.4010 -0.7587
vn -0.4518 -0.8037 -0.3873
vn -0.4318 -0.6611 -0.6135
vn -0.1262 -0.5639 -0.8161
vn 0.7988 -0.5579 -0.2251
vn 0.9185 0.0604 -0.3909
vn 0.0155 0.6328 0.7741
vn -0.0245 0.8273 -0.5613
vn 0.2262 0.6525 -0.7233
vn 0.2758 0.7871 -0.5517
vn 0.5886 -0.6524 -0.4773
vn 0.1635 -0.7327 -0.6606
vn 0.5044 -0.6051 -0.6159
vn 0.1317 -0.7397 0.6600
vn 0.2406 -0.7925 0.5605
vn -0.1077 0.9580 -0.2659
vn 0.2132 0.9622 -0.1693
vn 0.2993 0.9378 -0.1760
vn 0.3264 -0.6168 -0.7163
vn -0.5879 -0.0733 -0.8056
vn -0.6443 -0.1135 -0.7563
vn 0.0065 -0.9900 0.1412
vn -0.5858 -0.3164 -0.7461
vn 0.0145 -0.6477 0.7618
vn -0.0163 -0.7378 0.6748
vn -0.1409 -0.9344 0.3272
vn 0.8413 0.3886 0.3758
vn 0.1185 0.9906 0.0687
vn 0.0647 0.9947 0.0796
vn -0.2081 0.9273 0.3110
vn -0.6056 0.4904 0.6267
vn -0.4089 0.9124 -0.0147
vn -0.8569 -0.3618 -0.3672
vn -0.4393 0.8673 0.2341
vn -0.3077 0.9412 0.1392
vn 0.8607 -0.4499 -0.2383
vn 0.8980 -0.3414 -0.2776
vn 0.7114 -0.5383 -0.4518
vn 0.9688 -0.1109 -0.2216
vn 0.9989 -0.0446 0.0154
vn 0.6353 0.4256 0.6444
vn 0.6196 0.6914 0.3716
vn 0.7053 0.6628 0.2515
vn 0.0072 0.4819 0.8762
vn 0.4128 -0.1679 0.8952
vn 0.0496 0.6405 0.7664
vn 0.1022 0.5457 0.8317
vn 0.3849 0.2438 0.8902
vn -0.2940 0.2986 0.9080
vn 0.3328 -0.9333 0.1347
vn 0.9125 -0.2950 0.2835
vn 0.2087 -0.9759 -0.0646
vn 0.1676 -0.9832 0.0723
vn 0.6380 -0.7097 -0.2988
vn 0.8511 -0.5232 0.0439
vn 0.9218 0.1080 0.3724
vn 0.1606 0.8623 0.4802
vn -0.2438 -0.8146 0.5263
vn 0.3124 -0.7881 0.5303
vn 0.9835 0.1454 0.1073
vn 0.9342 -0.0386 0.3547
vn 0.4516 0.8886 -0.0797
vn 0.1471 0.9476 -0.2835
vn 0.5282 -0.6271 0.5726
vn 0.6794 -0.5247 0.5130
vn 0.7017 0.4902 -0.5170
vn 0.6900 -0.7223 0.0461
vn 0.6057 -0.7548 0.2520
vn 0.7647 -0.6382 0.0898
vn 0.3017 -0.9071 0.2934
vn 0.6147 -0.7079 0.3479
vn 0.7511 -0.6160 0.2373
vn 0.5934 -0.8029 -0.0560
vn 0.6921 -0.6348 0.3437
vn 0.5481 -0.8241 0.1429
vn 0.5873 -0.6083 -0.5340
vn 0.7330 -0.6058 -0.3093
vn 0.6014 0.5366 -0.5919
vn 0.5786 0.6669 -0.4694
vn 0.9777 -0.1221 -0.1710
vn -0.5281 -0.4073 0.7451
vn -0.1771 -0.7110 0.6806
vn -0.1427 -0.7838 0.6044
vn -0.9501 -0.0654 0.3050
vn -0.8846 -0.4211 0.2005
vn 0.5397 -0.6901 0.4821
vn 0.5622 -0.3997 0.7240
vn 0.8869 -0.4278 0.1745
vn 0.9374 -0.0296 0.3471
vn -0.9788 -0.1474 -0.1424
vn -0.7641 -0.5972 0.2440
vn 0.5429 -0.6603 0.5190
vn 0.6177 -0.6940 0.3698
vn 0.1634 -0.8472 0.5055
vn 0.9221 -0.1962 0.3337
vn 0.8455 -0.3516 0.4019
vn -0.6065 0.1295 0.7845
vn -0.7640 0.0285 0.6446
vn -0.7464 0.1213 0.6543
vn -0.2808 -0.8187 0.5009
vn -0.8723 -0.3092 0.3789
vn -0.8770 -0.3756 0.2996
vn -0.8604 -0.3786 0.3412
vn -0.0474 -0.8518 0.5217
vn 0.8755 -0.3956 0.2774
vn 0.8530 -0.4163 0.3148
vn 0.7631 0.0339 0.6454
vn 0.8640 -0.3364 0.3746
vn 0.6380 0.2185 0.7383
vn -0.9413 -0.1424 0.3062
vn -0.6951 -0.6266 -0.3526
vn -0.8020 -0.5852 -0.1198
vn -0.5112 -0.7217 -0.4668
vn 0.0007 -0.8903 -0.4554
vn -0.0326 -0.9950 -0.0942
vn -0.5017 -0.8282 -0.2497
vn 0.4356 -0.7767 -0.4550
vn 0.4971 -0.5927 -0.6338
vn 0.6029 -0.6713 0.4310
vn 0.9529 -0.1001 0.2864
vn -0.6142 -0.6729 0.4123
vn -0.5946 -0.6418 0.4843
vn 0.4253 0.9021 0.0729
vn 0.4034 0.9134 -0.0547
vn 0.5611 0.8275 -0.0188
vn -0.1103 0.9766 0.1845
vn 0.0775 -0.9445 -0.3192
vn 0.0333 -0.9115 0.4100
vn 0.0705 0.7986 0.5977
vn -0.2392 0.5820 0.7772
vn 0.1319 0.5729 0.8089
vn 0.0932 -0.7446 0.6610
vn 0.3658 0.8703 0.3299
vn -0.3070 0.9300 0.2023
vn -0.2526 -0.9234 -0.2889
vn 0.0288 -0.9989 -0.0374
vn -0.6377 0.6619 0.3940
vn -0.0371 0.9659 0.2562
vn 0.1286 0.7537 0.6445
vn 0.1059 0.1057 0.9887
vn -0.0603 0.7774 0.6261
vn -0.0633 0.8344 0.5476
vn -0.1289 0.8826 0.4522
vn -0.3401 0.7461 0.5725
vn -0.4015 -0.9119 0.0855
vn -0.5708 -0.7878 -0.2315
vn -0.3271 0.1133 0.9382
vn -0.2143 0.3178 0.9236
vn -0.4958 0.5370 0.6825
vn -0.1141 -0.9815 -0.1535
vn -0.0863 -0.7135 0.6954
vn -0.2456 -0.3396 0.9079
vn 0.3843 -0.9211 0.0630
vn 0.5625 -0.7877 -0.2513
vn 0.0848 -0.7133 0.6957
vn 0.5670 0.5533 0.6102
vn 0.2024 0.3402 0.9183
vn 0.3130 0.7235 0.6153
vn 0.7685 0.4326 0.4714
vn 0.7091 -0.6303 -0.3162
vn 0.5050 -0.8524 -0.1357
vn -0.9256 0.1249 0.3573
vn -0.6833 0.4719 0.5572
vn 0.5199 -0.8537 0.0310
vn 0.9187 0.3708 0.1357
vn -0.4530 -0.8882 0.0767
vn 0.0038 -0.9997 0.0249
vn 0.0185 -0.8090 0.5875
vn -0.8975 -0.0543 0.4377
vn -0.1880 0.9669 0.1728
vn 0.3609 0.9177 0.1659
vn 0.4483 0.3921 0.8033
vn -0.4552 0.8663 0.2058
vn 0.1136 0.9880 0.1049
vn 0.5474 0.8359 0.0406
vn 0.7953 0.5956 0.1128
vn 0.2300 -0.5970 0.7686
vn 0.8924 -0.2319 0.3870
vn 0.9141 0.4054 -0.0091
vn 0.5254 -0.2853 0.8016
vn 0.5380 0.3683 0.7582
vn -0.7946 -0.0279 0.6065
vn -0.2876 0.8701 -0.4003
vn -0.7989 0.5891 0.1218
vn 0.0120 -0.9651 -0.2615
vn 0.2034 -0.9179 -0.3407
vn 0.1645 -0.9719 -0.1686
vn 0.6023 -0.2118 0.7697
vn 0.7688 -0.2470 0.5899
vn 0.7737 0.1018 0.6253
vn -0.1930 0.7418 -0.6423
vn -0.5081 0.5957 -0.6221
vn -0.6222 0.7197 -0.3082
vn -0.3517 0.9145 -0.1997
vn -0.0219 -0.8123 -0.5829
vn -0.2847 -0.7935 -0.5379
vn -0.1851 -0.6479 -0.7389
vn 0.2833 0.7133 0.6411
vn 0.2888 0.0860 0.9535
vn 0.5740 0.4531 0.6821
vn 0.4001 0.9144 0.0616
vn 0.6716 0.7329 0.1083
vn 0.5541 0.8277 -0.0890
vn -0.7016 0.3216 -0.6359
vn -0.3890 0.2108 -0.8968
vn -0.6574 -0.0026 -0.7535
vn 0.2006 0.4363 -0.8772
vn -0.0639 0.2901 -0.9549
vn 0.3318 0.8343 -0.4403
vn -0.9244 0.2212 -0.3106
vn -0.7348 0.4872 -0.4719
vn -0.2703 0.9625 0.0244
vn -0.5802 0.8144 0.0062
vn -0.5864 0.5950 0.5496
vn -0.2870 0.8897 0.3550
vn -0.6859 0.7005 0.1971
vn 0.2831 0.6624 0.6936
vn 0.3844 0.7815 0.4914
vn -0.0226 0.8133 0.5814
vn 0.7599 -0.6462 -0.0705
vn 0.4519 -0.8437 -0.2899
vn 0.7655 -0.5985 -0.2361
vn 0.5640 -0.7831 0.2619
vn 0.1899 -0.9107 0.3668
vn 0.2752 -0.9530 0.1268
vn -0.0164 0.5967 0.8023
vn 0.7862 -0.4706 0.4004
vn 0.5511 -0.6281 0.5493
vn -0.3764 -0.8356 0.4001
vn -0.1352 -0.8492 0.5105
vn -0.7677 0.0096 0.6407
vn -0.7885 -0.0665 0.6114
vn -0.7919 0.2839 0.5407
vn -0.5719 -0.4431 -0.6904
vn -0.3446 -0.2741 -0.8979
vn -0.2446 -0.6656 -0.7051
vn -0.2485 -0.9631 0.1032
vn -0.7273 -0.6851 -0.0400
vn -0.2417 -0.8589 -0.4516
vn 0.1727 -0.8074 -0.5641
vn 0.1913 -0.8932 -0.4069
vn 0.3328 0.6423 0.6904
vn -0.0129 0.6321 0.7748
vn 0.0035 0.9856 -0.1690
vn 0.2816 0.8281 0.4847
vn 0.0266 0.6711 0.7409
vn -0.0166 0.7020 0.7120
vn 0.0187 0.0835 0.9963
vn -0.6191 -0.1530 0.7703
vn 0.0093 -0.6447 0.7644
vn -0.6086 -0.6465 0.4602
vn -0.0037 -0.9203 0.3912
vn -0.4874 -0.7168 -0.4987
vn -0.7848 -0.5692 -0.2450
vn -0.9376 -0.2563 0.2349
vn -0.9366 -0.3451 -0.0612
vn -0.8107 0.1047 -0.5760
vn -0.4590 0.5766 -0.6759
vn -0.4294 0.1181 -0.8954
vn -0.9742 0.2005 0.1033
vn -0.8117 0.5161 -0.2735
vn -0.6342 0.7695 0.0754
vn -0.1396 0.8416 0.5218
vn -0.3287 0.9108 -0.2497
vn 0.5014 0.4415 0.7441
vn 0.3490 0.3429 0.8721
vn 0.5475 0.4164 0.7259
vn -0.1492 0.5319 0.8336
vn -0.1190 0.5787 0.8068
vn 0.0585 0.8360 0.5456
vn 0.3270 0.8753 0.3562
vn -0.9140 -0.2779 0.2957
vn -0.6874 0.3366 0.6436
vn -0.7516 0.1955 0.6300
vn -0.9361 -0.0006 0.3518
vn -0.6379 0.3072 0.7062
vn 0.6363 0.7619 0.1207
vn 0.4250 0.7679 0.4793
vn -0.2777 0.7170 0.6394
vn 0.0155 0.6398 0.7684
vn -0.3532 0.3555 0.8654
vn -0.4672 0.5996 0.6498
vn -0.3070 0.6256 0.7172
vn -0.0116 0.7384 0.6742
vn 0.3680 0.5137 0.7751
vn -0.3684 0.8875 0.2768
vn 0.6037 -0.6587 0.4491
vn 0.6855 -0.3358 0.6460
vn 0.2811 -0.9489 0.1435
vn 0.7323 -0.6795 -0.0449
vn 0.7820 -0.5677 -0.2574
vn 0.9146 -0.3628 0.1784
vn 0.5053 -0.7132 -0.4858
vn 0.2359 -0.6596 -0.7136
vn 0.5533 -0.4641 -0.6918
vn 0.8692 -0.3372 -0.3617
vn 0.9361 -0.3488 -0.0450
vn 0.8111 0.0986 -0.5766
vn 0.9826 0.1629 0.0893
vn 0.8181 0.5058 -0.2736
vn 0.4631 0.5904 -0.6611
vn 0.1220 0.8357 0.5355
vn 0.7155 0.5085 0.4790
vn 0.6462 0.7614 0.0531
vn 0.2872 0.9415 -0.1763
vn -0.5187 0.4175 0.7461
vn -0.6407 0.4557 0.6179
vn -0.4383 0.5210 0.7324
vn 0.1416 0.4777 0.8670
vn -0.4191 0.7797 0.4652
vn -0.2079 0.8263 0.5234
vn 0.4494 0.4311 0.7824
vn 0.4494 0.1359 0.8829
vn 0.8796 0.0023 0.4757
vn 0.9015 -0.0455 0.4304
vn 0.6716 0.2643 0.6921
vn -0.0229 0.9072 0.4201
vn -0.7831 0.4053 0.4716
vn -0.5549 0.4963 0.6677
vn 0.4059 -0.9114 -0.0681
vn -0.0208 -0.9855 -0.1683
vn 0.0219 -0.9968 -0.0772
vn 0.4579 -0.8468 -0.2706
vn 0.1897 -0.9814 -0.0309
vn -0.0144 -0.9431 0.3322
vn -0.0337 -0.9966 -0.0749
vn 0.5525 -0.8328 0.0356
vn 0.1305 -0.9637 -0.2330
vn -0.0891 -0.8624 -0.4984
vn -0.3821 -0.8495 -0.3637
vn -0.3340 -0.7613 -0.5558
vn -0.6018 -0.6645 -0.4430
vn -0.3641 -0.8562 -0.3666
vn 0.1630 -0.9865 0.0167
vn 0.0823 -0.9272 -0.3655
vn 0.5908 -0.7964 -0.1297
vn -0.5627 0.5636 -0.6047
vn -0.0045 0.9323 -0.3615
vn -0.0004 0.6635 -0.7482
vn -0.0004 0.2034 -0.9791
vn -0.5385 -0.2211 -0.8131
vn -0.8095 -0.0101 -0.5871
vn -0.5995 0.1790 -0.7801
vn -0.8468 -0.2939 -0.4434
vn -0.8557 -0.3736 -0.3579
vn -0.9664 0.2422 -0.0861
vn -0.8384 0.4342 -0.3295
vn -0.9289 0.3085 0.2047
vn -0.8106 0.5718 0.1262
vn -0.9492 -0.0764 0.3054
vn -0.9249 0.2568 0.2803
vn -0.0067 -0.9906 0.1364
vn 0.2539 -0.8317 -0.4937
vn 0.0248 -0.7322 -0.6806
vn 0.5463 -0.7938 -0.2671
vn 0.3498 -0.8078 -0.4745
vn -0.1545 -0.9724 0.1751
vn -0.2146 -0.9565 -0.1978
vn -0.8630 -0.4972 0.0899
vn -0.8168 -0.5659 0.1122
vn -0.3197 -0.9466 0.0416
vn -0.5520 -0.8227 0.1362
vn -0.8567 -0.4868 -0.1706
vn -0.9886 0.0163 0.1499
vn -0.7420 -0.2335 0.6285
vn -0.9547 0.1817 0.2358
vn -0.3055 -0.3287 0.8936
vn -0.3410 -0.0034 0.9401
vn -0.4026 0.3051 0.8630
vn -0.4134 -0.7330 -0.5402
vn -0.3961 -0.8259 -0.4012
vn -0.3800 -0.8335 -0.4010
vn -0.7844 0.4164 0.4597
vn -0.4768 0.7687 0.4264
vn -0.7946 0.5127 0.3251
vn 0.5493 -0.7990 -0.2446
vn 0.4399 -0.8416 0.3134
vn -0.1791 -0.9825 -0.0510
vn -0.3931 -0.9194 -0.0140
vn -0.5855 -0.8003 -0.1295
vn -0.0850 -0.9960 0.0268
vn 0.1826 -0.9804 -0.0737
vn 0.3883 -0.8223 -0.4159
vn 0.4236 -0.8200 -0.3849
vn 0.3295 -0.7793 -0.5330
vn 0.8226 -0.4208 -0.3825
vn 0.3703 -0.7505 -0.5474
vn 0.8277 0.3270 -0.4560
vn 0.5873 0.1505 -0.7952
vn 0.5471 0.5711 -0.6120
vn 0.7657 0.6234 -0.1585
vn 0.9739 0.1898 -0.1244
vn 0.8192 0.5673 0.0840
vn 0.4888 0.8089 -0.3267
vn -0.0001 0.9995 -0.0324
vn 0.4667 0.8839 -0.0306
vn 0.0038 -0.2450 -0.9695
vn 0.5586 -0.3765 -0.7391
vn -0.0047 -0.6179 -0.7863
vn 0.9228 0.2700 0.2749
vn 0.9524 -0.0705 0.2967
vn 0.9953 0.0126 0.0965
vn 0.7899 0.5410 0.2886
vn 0.0005 0.9448 0.3278
vn 0.4657 0.7678 0.4399
vn 0.4957 0.8466 0.1938
vn -0.0084 0.7367 0.6761
vn 0.4284 0.5917 0.6829
vn 0.4631 0.6224 0.6310
vn -0.0044 -0.1070 0.9942
vn 0.0841 -0.9430 0.3221
vn 0.4112 -0.3185 0.8541
vn -0.2039 -0.7295 -0.6529
vn -0.5315 -0.8167 -0.2246
vn -0.2825 -0.6458 -0.7093
vn 0.7642 -0.4538 0.4583
vn 0.6027 -0.7789 0.1734
vn 0.3503 0.1937 0.9164
vn 0.3107 -0.1311 0.9414
vn 0.7492 -0.2832 0.5987
vn 0.3611 -0.8327 -0.4199
vn 0.8251 -0.5412 -0.1623
vn 0.0396 -0.8743 -0.4837
vn -0.0291 -0.9143 -0.4041
vn -0.2396 -0.9707 -0.0198
vn 0.7893 0.4010 0.4649
vn 0.8226 -0.3400 -0.4559
vn 0.7741 -0.3948 -0.4948
vn 0.0043 -0.8536 -0.5210
vn -0.0071 -0.9996 -0.0283
vn -0.4015 -0.8786 0.2586
vn -0.5448 -0.8319 0.1057
vn -0.5442 -0.8038 -0.2402
vn -0.5455 -0.8279 -0.1302
vn -0.0052 0.8798 0.4753
vn -0.0147 0.1927 0.9812
vn -0.0316 0.0154 0.9994
vn -0.4759 -0.8285 -0.2949
vn 0.0310 -0.9262 -0.3757
vn -0.4758 0.8172 -0.3253
vn -0.4706 0.5913 0.6549
vn -0.9754 0.0156 0.2197
vn -0.4763 0.6256 0.6179
vn 0.9013 0.3521 0.2526
vn 0.9952 0.0085 0.0977
vn 0.3794 -0.9230 0.0641
vn -0.5675 -0.8224 0.0402
vn 0.5095 -0.8138 0.2796
vn 0.0127 0.9212 0.3889
vn -0.6299 0.7039 0.3283
vn -0.0293 0.8784 0.4771
vn -0.6286 0.6570 0.4162
vn 0.0166 0.8590 0.5117
vn -0.6413 0.6615 0.3888
vn -0.3082 0.7584 0.5743
vn -0.3523 -0.9223 -0.1588
vn 0.7516 -0.6581 -0.0449
vn -0.0291 -0.4131 0.9102
vn -0.8459 -0.5060 -0.1686
vn 0.0324 -0.9209 -0.3884
vn -0.6794 -0.6837 -0.2662
vn -0.0093 -0.9134 -0.4069
vn -0.0169 -0.9708 -0.2391
vn 0.0097 -0.9911 -0.1329
vn -0.7184 -0.6714 -0.1819
vn 0.0148 -0.9397 -0.3418
vn -0.0186 -0.8554 -0.5177
vn -0.6046 -0.6893 -0.3991
vn 0.0261 -0.8443 -0.5352
vn -0.9622 -0.0915 -0.2565
vn -0.9961 -0.0601 0.0638
vn -0.9306 0.3613 0.0583
vn -0.9717 0.1751 0.1583
vn -0.9780 -0.2080 -0.0135
vn -0.9237 0.3201 0.2104
vn -0.9718 -0.2346 -0.0248
vn -0.9542 0.2193 0.2036
vn -0.9688 -0.0162 0.2474
vn -0.9604 -0.2721 -0.0607
vn -0.7041 -0.6851 -0.1865
vn 0.0734 0.5388 0.8392
vn 0.5959 0.6909 0.4093
vn 0.0474 0.8712 0.4885
vn 0.5816 0.6255 0.5202
vn 0.9529 0.1195 0.2787
vn 0.6779 -0.6841 -0.2694
vn 0.9671 0.2464 0.0637
vn 0.9439 0.1714 0.2823
vn 0.5904 0.5984 0.5417
vn 0.9739 0.1549 0.1658
vn 0.9282 0.2458 0.2794
vn 0.7156 -0.6771 -0.1716
vn 0.9465 -0.3194 0.0454
vn 0.9664 -0.2535 -0.0421
vn 0.9556 0.2188 0.1975
vn 0.9722 -0.2327 -0.0275
vn 0.9261 0.3016 0.2267
vn 0.6351 0.6747 0.3760
vn 0.9624 -0.2660 -0.0551
vn 0.6068 -0.7484 -0.2679
vn 0.3801 0.9029 0.2009
vn -0.8358 0.5177 0.1829
vn -0.3981 0.4013 0.8249
vn -0.5506 -0.5143 0.6575
vn 0.6994 -0.3294 0.6343
vn 0.4830 -0.1164 0.8678
vn 0.0906 -0.7145 0.6938
vn -0.9855 0.1107 -0.1288
vn -0.6846 0.2753 -0.6750
vn -0.7984 -0.6007 0.0412
vn -0.2113 0.8479 -0.4862
vn 0.7646 0.6388 -0.0858
vn 0.4099 0.5439 -0.7322
vn 0.9986 -0.0520 -0.0014
vn -0.7871 -0.4767 -0.3914
vn -0.7710 0.2694 -0.5770
vn 0.0543 -0.6423 -0.7645
vn 0.9774 0.1254 0.1702
vn 0.2179 0.8531 -0.4741
vn 0.2879 0.7975 0.5303
vn 0.7710 -0.5346 0.3461
vn 0.9841 -0.1398 0.1098
vn 0.0098 -0.5617 0.8273
vn -0.8733 -0.1930 0.4473
vn -0.0689 -0.9537 0.2926
vn 0.7889 -0.2188 -0.5742
vn 0.2062 -0.2136 0.9549
vn -0.7248 0.6142 -0.3121
vn -0.6516 0.5163 0.5557
vn -0.0459 -0.8890 -0.4556
vn 0.4351 -0.2159 -0.8741
vn 0.9174 -0.3783 0.1232
vn -0.6191 0.0639 -0.7827
vn -0.4015 0.6398 -0.6554
vn 0.4705 0.7646 -0.4404
vn 0.7696 0.4671 -0.4353
vn 0.7042 -0.3612 0.6113
vn 0.4449 -0.7152 0.5390
vn -0.9960 -0.0889 0.0016
vn -0.5731 -0.8186 0.0373
vn 0.6118 0.5936 0.5228
vn 0.9787 0.1930 0.0703
vn 0.3346 -0.4269 0.8401
vn 0.9050 0.4249 0.0184
vn 0.1078 0.8958 0.4312
vn 0.4349 0.0652 -0.8981
vn 0.7566 -0.5469 -0.3584
vn -0.5037 -0.3144 -0.8046
vn -0.3554 0.7209 -0.5950
vn 0.7756 0.5970 -0.2049
vn 0.9901 0.1363 0.0330
vn 0.8587 -0.4746 0.1934
vn 0.0281 -0.8561 0.5160
vn -0.2300 -0.9677 0.1030
vn -0.3690 0.8717 -0.3225
vn -0.7336 0.3051 0.6072
vn -0.4199 -0.4171 -0.8060
vn -0.9333 -0.3427 0.1074
vn -0.8606 0.4030 -0.3114
vn 0.1405 0.5580 -0.8179
vn 0.6923 -0.1562 0.7044
vn 0.7531 0.6233 -0.2106
vn 0.2530 0.6900 0.6782
vn 0.4047 -0.7826 0.4730
vn 0.9359 -0.2711 0.2248
vn 0.9164 -0.1684 -0.3631
vn 0.5616 -0.4383 -0.7018
vn -0.5111 -0.6604 0.5502
vn 0.0472 -0.9988 0.0128
vn -0.1302 -0.2121 0.9685
vn 0.6217 0.3654 0.6928
vn -0.6633 0.4889 0.5666
vn -0.8096 -0.1867 -0.5565
vn -0.0687 -0.9196 -0.3867
vn -0.7831 -0.5407 0.3072
vn 0.8464 -0.2032 0.4922
vn 0.1450 -0.7952 0.5887
vn 0.7651 -0.5424 -0.3470
vn 0.7727 0.2968 -0.5611
vn 0.0492 0.1143 -0.9922
vn -0.4439 0.6133 -0.6533
vn -0.9555 -0.2156 0.2012
vn 0.4353 0.8953 -0.0948
vn -0.6121 0.7026 -0.3630
vn -0.9797 0.0057 0.2003
vn -0.3518 -0.6309 0.6915
vn -0.6388 0.6886 0.3431
vn -0.2839 -0.9123 -0.2953
vn -0.9493 -0.3059 -0.0731
vn -0.0093 -0.2290 -0.9734
vn 0.3419 0.9296 -0.1375
vn 0.1896 0.1283 0.9735
vn 0.8542 -0.0266 0.5192
vn -0.3452 -0.6827 0.6441
vn 0.5689 -0.8224 -0.0059
vn -0.7557 0.4551 -0.4710
vn -0.0394 0.7657 -0.6419
vn 0.6786 0.0434 -0.7333
vn 0.8750 0.3048 -0.3762
vn 0.7630 -0.5039 0.4049
vn -0.0436 0.3938 -0.9181
vn -0.8628 0.2584 -0.4346
vn -0.1791 0.9312 -0.3175
vn -0.9840 0.1779 0.0071
vn -0.8430 -0.5377 -0.0100
vn 0.2446 -0.9687 0.0420
vn -0.4160 -0.7448 0.5217
vn -0.0483 -0.7008 -0.7118
vn 0.6960 -0.5969 0.3990
vn 0.9698 -0.1172 -0.2141
vn 0.8797 -0.1342 0.4562
vn -0.3384 -0.4268 0.8387
vn -0.8711 0.4741 0.1283
vn -0.1537 0.9855 -0.0721
vn 0.2756 0.0732 0.9585
vn 0.7961 0.5757 0.1862
vn -0.5947 -0.8016 0.0613
vn -0.8650 0.3033 -0.3998
vn -0.2273 -0.3397 -0.9127
vn -0.8066 0.0329 0.5901
vn 0.3337 0.4675 -0.8186
vn 0.4641 -0.6405 0.6119
vn 0.6598 -0.6696 -0.3410
vn 0.4899 0.8667 0.0945
vn 0.3278 0.4224 0.8451
vn 0.9588 0.1035 0.2647
vn 0.2046 -0.4046 0.8913
vn -0.2721 -0.9073 0.3206
vn 0.7420 -0.6580 0.1281
vn -0.6492 0.2489 0.7187
vn -0.5350 0.5724 -0.6213
vn -0.2475 -0.1158 -0.9619
vn -0.2513 -0.8455 -0.4711
vn -0.5553 0.8103 0.1874
vn 0.6727 0.0012 -0.7400
vn -0.2532 0.6561 -0.7110
vn 0.1782 0.0008 -0.9840
vn -0.8974 -0.1391 -0.4187
vn 0.7344 -0.5353 -0.4172
vn -0.0856 -0.9774 -0.1930
vn -0.5949 0.7307 0.3350
vn -0.2403 -0.2864 0.9275
vn 0.6075 -0.1491 0.7802
vn 0.9058 0.4172 0.0741
vn -0.9403 -0.2478 0.2335
vn -0.8295 0.2966 -0.4732
vn 0.1233 0.0916 -0.9881
vn -0.4819 -0.7539 -0.4466
vn -0.2343 0.5042 0.8312
vn 0.7338 -0.3299 0.5939
vn 0.2926 0.9559 -0.0260
vn 0.8937 0.2899 -0.3424
vn 0.6624 -0.7239 -0.1930
vn -0.2375 -0.5106 0.8264
vn -0.9147 -0.2278 0.3339
vn -0.1572 -0.3553 0.9214
vn 0.8042 0.2514 0.5386
vn 0.4524 0.8524 0.2623
vn 0.8360 0.2913 -0.4649
vn 0.7298 -0.6298 -0.2660
vn -0.9770 0.1769 0.1193
vn -0.2290 -0.1900 -0.9547
vn -0.8708 -0.2469 0.4252
vn -0.2896 0.6526 -0.7002
vn -0.4545 0.8738 0.1726
vn -0.3387 -0.9277 -0.1567
vn 0.5785 0.8064 0.1226
vn 0.5556 0.3488 -0.7547
vn -0.2286 0.9729 0.0355
vn -0.9146 -0.3296 -0.2341
vn -0.8931 0.4480 0.0416
vn -0.2671 0.0028 -0.9637
vn -0.6732 -0.3377 0.6578
vn 0.0339 -0.9071 -0.4196
vn 0.1425 -0.1962 0.9702
vn -0.9152 0.3640 0.1730
vn 0.0180 0.6295 0.7768
vn 0.3101 0.9493 -0.0517
vn -0.5806 0.0713 -0.8111
vn 0.7538 -0.2855 0.5918
vn 0.5956 0.1815 -0.7825
vn 0.2341 0.2092 0.9494
vn -0.6706 -0.2517 0.6978
vn -0.3813 -0.2762 0.8822
vn 0.3455 -0.9279 -0.1404
vn 0.8269 -0.3959 0.3994
vn 0.4568 -0.2208 -0.8617
vn 0.4645 0.8786 -0.1112
vn 0.9926 0.0950 -0.0753
vn 0.3276 0.4270 0.8428
vn -0.7199 -0.4630 -0.5171
vn -0.4255 0.5559 -0.7141
vn -0.5129 -0.0686 -0.8557
vn -0.7112 0.6708 -0.2102
vn -0.1317 0.5128 -0.8483
vn 0.5593 -0.1492 -0.8154
vn 0.2958 -0.6172 -0.7291
vn 0.8623 -0.5064 -0.0042
vn 0.9079 -0.2814 0.3108
vn 0.3163 -0.9469 0.0584
vn 0.5948 0.0707 0.8008
vn -0.9722 0.1833 0.1457
vn -0.7992 -0.5131 -0.3130
vn -0.2344 -0.4334 0.8702
vn 0.9802 -0.1639 0.1114
vn 0.0311 0.7252 0.6879
vn 0.6219 0.7137 -0.3223
vn 0.3833 0.8811 0.2769
vn 0.1893 -0.1038 -0.9764
vn 0.0884 0.8561 -0.5093
vn 0.9033 0.0193 -0.4286
vn -0.6763 0.1319 -0.7248
vn -0.0275 -0.2833 0.9586
vn -0.5964 -0.7944 -0.1148
vn 0.5505 -0.7990 0.2420
vn 0.2846 -0.5708 -0.7702
vn -0.7629 -0.2508 -0.5959
vn -0.6244 0.7484 0.2236
vn 0.9629 0.2632 0.0603
vn 0.2221 0.3551 -0.9080
vn 0.4096 0.9082 -0.0854
vn 0.0374 0.5365 0.8431
vn -0.8169 0.2921 0.4973
vn -0.0606 -0.1349 0.9890
vn 0.4037 0.2386 -0.8833
vn -0.7916 0.4009 -0.4611
vn -0.4478 0.8704 -0.2047
vn 0.4941 -0.8640 0.0968
vn -0.5362 -0.7811 -0.3200
vn -0.5353 -0.4920 -0.6866
vn 0.1936 0.5051 -0.8411
vn 0.5997 -0.1326 -0.7891
vn 0.9303 0.3270 0.1663
vn 0.1209 0.3957 0.9104
vn 0.1469 0.9678 0.2044
vn -0.8397 0.2857 0.4617
vn -0.6729 -0.3554 0.6488
vn 0.5189 -0.1828 0.8351
vn -0.4798 0.7156 0.5078
vn -0.2573 -0.0576 0.9646
vn 0.4124 0.6236 0.6641
vn 0.0874 -0.9953 -0.0417
vn 0.9227 -0.1595 -0.3511
vn 0.1771 -0.7283 0.6620
vn -0.6630 -0.3373 0.6683
vn -0.8223 -0.5554 0.1243
vn -0.9162 0.2782 -0.2885
vn 0.0712 0.4608 -0.8846
vn -0.2871 -0.0791 -0.9546
vn -0.8767 0.3328 0.3474
vn -0.3206 0.8151 -0.4826
vn 0.5474 -0.2987 0.7817
vn 0.9964 0.0681 0.0505
vn 0.7053 -0.3715 -0.6038
vn -0.9684 -0.2463 -0.0401
vn 0.3123 -0.9111 -0.2689
vn -0.1284 -0.8529 0.5061
vn 0.9027 0.1310 0.4098
vn 0.0194 0.7734 0.6336
vn 0.2177 -0.2150 0.9520
vn 0.7995 -0.5893 0.1163
vn 0.7261 0.1043 -0.6796
vn -0.2218 0.8080 -0.5458
vn 0.6013 0.7738 -0.1992
vn 0.7316 -0.3311 -0.5959
vn -0.3022 0.5038 -0.8092
vn -0.1181 -0.2962 -0.9478
vn -0.1587 -0.4327 0.8875
vn -0.6521 -0.3386 0.6783
vn -0.5119 0.6536 0.5574
vn -0.8933 0.3794 0.2408
vn 0.7925 0.2787 -0.5424
vn -0.3457 0.9383 -0.0064
vn 0.8211 0.4240 0.3823
vn -0.5921 0.3131 -0.7426
vn -0.0896 -0.1766 -0.9802
vn -0.8495 -0.2697 0.4534
vn 0.6000 -0.6715 -0.4349
vn -0.2596 -0.9655 0.0214
vn -0.1113 -0.9922 0.0562
vn -0.6370 -0.4053 0.6558
vn -0.9607 -0.0932 -0.2615
vn -0.2491 0.9684 -0.0113
vn -0.0803 0.4561 -0.8863
vn -0.6900 0.2892 0.6635
vn 0.5065 -0.0621 0.8600
vn 0.9639 0.2183 -0.1524
vn 0.0885 0.6445 0.7595
vn 0.5988 -0.6879 -0.4101
vn -0.0655 -0.4981 -0.8646
vn 0.5501 0.7892 -0.2732
vn 0.7897 0.2081 -0.5771
vn 0.1409 0.4614 -0.8759
vn 0.6818 -0.2335 -0.6933
vn 0.0048 -0.2509 -0.9680
vn -0.0376 -0.4931 0.8692
vn 0.2237 0.3537 0.9082
vn -0.6425 0.1617 0.7490
vn 0.9513 0.1761 0.2531
vn -0.1882 0.8232 0.5357
vn -0.6054 0.7917 -0.0817
vn -0.9280 -0.2519 -0.2746
vn -0.7315 -0.5925 -0.3374
vn -0.9321 -0.3364 0.1341
vn -0.7071 0.2440 -0.6637
vn -0.4452 0.8900 0.0985
vn -0.8919 -0.0161 -0.4519
vn -0.9088 0.1344 0.3950
vn -0.1951 0.4429 0.8751
vn 0.8814 0.2391 0.4074
vn 0.7728 -0.6340 -0.0288
vn 0.7594 -0.2498 -0.6008
vn -0.2645 -0.5680 -0.7794
vn -0.3318 -0.8684 -0.3684
vn 0.0447 0.6831 -0.7290
vn 0.6101 0.7497 0.2564
vn 0.6926 0.1181 -0.7116
vn -0.3693 0.8817 0.2936
vn -0.9846 0.1301 -0.1168
vn -0.5805 0.1676 0.7968
vn 0.2398 -0.1260 -0.9626
vn -0.4000 0.2406 -0.8844
vn 0.8235 0.3474 -0.4484
vn -0.2331 0.3100 -0.9217
vn -0.0959 0.7885 -0.6075
vn 0.6418 0.7570 0.1224
vn 0.6863 0.0180 0.7271
vn -0.2357 -0.6753 0.6988
vn 0.7361 -0.6756 -0.0414
vn 0.9128 -0.2562 0.3181
vn -0.9220 -0.3840 -0.0496
vn -0.4384 -0.7620 -0.4766
vn 0.7728 0.5110 -0.3764
vn -0.2491 -0.2399 -0.9383
vn -0.2775 0.8510 -0.4459
vn 0.9729 -0.1274 -0.1931
vn 0.4015 -0.8268 -0.3939
vn -0.5325 -0.8380 0.1189
vn -0.9650 0.2510 0.0766
vn 0.1561 0.6278 0.7626
vn -0.4568 -0.0983 0.8841
vn 0.6637 -0.3521 0.6600
vn -0.3452 0.6668 0.6605
vn -0.4787 0.8631 -0.1610
vn -0.9970 0.0613 0.0468
vn 0.1740 0.8407 -0.5128
vn -0.6748 0.2465 -0.6956
vn -0.7243 0.1188 -0.6792
vn -0.9348 -0.3448 -0.0852
vn -0.6258 -0.6313 0.4581
vn -0.5614 -0.2233 0.7968
vn -0.4252 -0.4110 -0.8064
vn 0.8456 0.5039 -0.1762
vn 0.4806 0.7207 0.4997
vn 0.4743 -0.0099 0.8803
vn 0.6423 -0.3526 0.6806
vn 0.7945 -0.6065 0.0291
vn 0.9261 0.2831 -0.2494
vn 0.4957 0.0249 -0.8682
vn -0.6276 0.7628 -0.1559
vn -0.7944 0.1730 0.5823
vn 0.0680 0.8074 0.5861
vn 0.2110 0.8070 -0.5516
vn 0.3968 0.3986 -0.8269
vn -0.7326 0.1201 -0.6700
vn -0.7054 -0.2313 -0.6700
vn -0.5058 -0.4755 -0.7197
vn 0.0716 -0.9347 0.3481
vn 0.4844 -0.6033 -0.6335
vn 0.9958 -0.0790 0.0465
vn 0.5355 0.6250 0.5680
vn 0.8903 0.3680 0.2682
vn -0.8054 -0.5769 0.1358
vn -0.0403 -0.3053 0.9514
vn 0.7413 0.2498 0.6230
vn 0.4593 0.2575 0.8501
vn 0.4881 0.3553 0.7972
vn 0.0768 -0.0893 0.9930
vn 0.4526 -0.0276 0.8913
vn -0.8656 0.2026 0.4579
vn -0.7504 0.4684 0.4663
vn -0.6527 0.0697 0.7544
vn 0.2634 0.6240 0.7357
vn 0.7437 0.0789 0.6638
vn 0.7321 0.6185 0.2854
vn -0.0319 -0.3023 0.9527
vn -0.2446 -0.1287 0.9610
vn -0.2170 0.2937 0.9309
vn -0.6656 -0.7368 0.1187
vn -0.3075 -0.9428 0.1290
vn -0.5924 -0.8027 -0.0685
vn -0.3705 -0.8647 -0.3393
vn -0.6270 -0.6441 -0.4383
vn -0.7240 -0.6854 -0.0776
vn 0.4041 -0.7222 0.5613
vn 0.3191 -0.4995 0.8054
vn 0.4757 -0.1817 0.8606
vn -0.8037 0.4584 0.3794
vn -0.6697 0.7147 0.2015
vn -0.2445 0.7737 0.5845
vn -0.1137 0.7318 0.6720
vn -0.1350 0.0853 0.9872
vn -0.4730 -0.6451 0.6000
vn -0.0451 -0.4909 0.8700
vn -0.5369 -0.4083 0.7383
vn -0.6180 -0.7862 -0.0021
vn -0.4321 -0.8220 -0.3710
vn -0.2553 -0.9522 -0.1675
vn -0.7641 -0.6375 -0.0993
vn -0.8466 -0.5281 0.0663
vn -0.6460 -0.7609 0.0605
vn -0.9961 0.0644 0.0600
vn -0.9962 -0.0863 -0.0151
vn -0.9576 -0.1270 0.2584
vn -0.9287 0.1432 0.3422
vn -0.6963 0.3405 0.6318
vn -0.9586 0.0302 0.2830
vn -0.8858 0.3340 0.3221
vn 0.4901 -0.8320 -0.2601
vn 0.3812 -0.9166 0.1205
vn 0.6202 -0.7792 -0.0908
vn 0.8123 -0.5607 -0.1606
vn 0.9400 -0.2785 -0.1973
vn 0.9137 -0.3391 -0.2241
vn 0.9266 -0.3757 0.0162
vn -0.6948 0.7188 0.0229
vn -0.8740 0.4657 0.1386
vn -0.6161 0.7319 0.2912
vn -0.8229 0.2795 -0.4946
vn -0.9353 0.2721 -0.2262
vn -0.8451 0.4481 -0.2916
vn -0.7003 0.6608 -0.2699
vn -0.6088 0.5353 -0.5856
vn -0.2358 0.5875 -0.7741
vn -0.1658 0.3601 -0.9181
vn -0.4256 0.3491 -0.8349
vn 0.0954 0.5597 -0.8232
vn -0.1901 0.1091 -0.9757
vn 0.1815 0.2225 -0.9579
vn 0.3208 0.4968 -0.8064
vn 0.5195 0.2628 -0.8130
vn -0.6826 -0.0927 -0.7249
vn -0.7179 0.1024 -0.6886
vn -0.4456 0.0906 -0.8906
vn -0.9633 0.1374 -0.2305
vn -0.9662 0.2573 0.0172
vn -0.8787 0.4712 -0.0768
vn 0.8380 0.2495 -0.4854
vn 0.9754 0.1976 -0.0974
vn 0.9331 0.0566 -0.3552
vn 0.8941 -0.1231 -0.4306
vn 0.7991 -0.3567 -0.4840
vn -0.2861 -0.3579 -0.8888
vn -0.0005 -0.4555 -0.8902
vn -0.1969 -0.5911 -0.7822
vn -0.6295 -0.4772 -0.6132
vn -0.6751 -0.2613 -0.6899
vn -0.9119 -0.1875 -0.3651
vn -0.8846 0.0807 -0.4593
vn -0.9270 -0.0107 -0.3749
vn -0.9598 -0.2254 -0.1674
vn -0.9893 0.0460 -0.1386
vn -0.9630 0.2222 0.1523
vn -0.8871 0.1992 0.4164
vn -0.8655 0.4003 0.3011
vn -0.0560 0.6822 0.7291
vn 0.2248 0.7049 0.6728
vn 0.0954 0.8320 0.5465
vn 0.3568 0.8999 0.2508
vn 0.5871 0.8034 0.0990
vn 0.2862 0.9581 -0.0148
vn 0.8863 0.3875 -0.2535
vn 0.6754 0.5567 -0.4837
vn 0.7425 0.6398 -0.1982
vn 0.9935 0.1006 0.0535
vn 0.9912 0.0420 -0.1259
vn 0.9983 -0.0415 0.0407
vn 0.9903 -0.0385 0.1338
vn 0.8615 -0.4606 0.2136
vn 0.9239 -0.3827 0.0010
vn 0.8160 -0.5251 0.2416
vn 0.6664 -0.7403 0.0882
vn 0.8013 -0.5831 -0.1340
vn 0.8528 -0.5200 0.0485
vn 0.5575 -0.7547 -0.3459
vn 0.3366 -0.8207 -0.4616
vn 0.4816 -0.8509 -0.2097
vn 0.0275 -0.9092 -0.4154
vn 0.0376 -0.9473 -0.3182
vn -0.4182 -0.8910 -0.1767
vn -0.5818 -0.7609 -0.2872
vn -0.4820 -0.8539 0.1960
vn -0.8073 -0.5808 -0.1047
vn -0.7286 -0.5937 0.3415
vn -0.9291 -0.1932 0.3154
vn -0.9641 -0.0038 0.2657
vn -0.9801 0.1985 -0.0036
vn -0.2277 -0.1642 0.9598
vn -0.7913 0.0405 0.6101
vn -0.7385 -0.1750 0.6511
vn -0.2555 -0.1636 0.9529
vn 0.2860 -0.2257 0.9313
vn 0.7393 -0.0843 0.6680
vn 0.8455 0.2380 0.4781
vn 0.8354 0.0158 0.5495
vn 0.8924 0.1423 0.4283
vn 0.9075 0.2093 0.3641
vn 0.8817 -0.0008 0.4719
vn 0.7857 -0.1769 0.5928
vn 0.6478 0.0769 0.7579
vn 0.4844 0.5337 0.6932
vn 0.5300 0.4365 0.7270
vn 0.7103 0.4609 0.5320
vn 0.8443 0.4629 0.2700
vn 0.7314 0.4391 0.5218
vn 0.8357 0.4772 0.2717
vn 0.3132 0.7099 0.6308
vn 0.6927 0.2134 0.6889
vn 0.8135 -0.0736 0.5769
vn 0.1968 0.3333 0.9221
vn 0.5452 -0.1425 0.8261
vn -0.1778 -0.3365 0.9247
vn -0.7773 0.1707 0.6056
vn -0.6073 -0.4251 0.6711
vn -0.3327 -0.4638 0.8211
vn -0.8235 0.5191 0.2288
vn -0.9148 0.2308 0.3314
vn -0.8583 0.5089 0.0654
vn -0.5259 0.1928 0.8284
vn -0.5378 -0.2718 0.7981
vn -0.6030 -0.0143 0.7976
vn -0.5316 -0.3245 0.7823
vn -0.7152 0.1448 0.6837
vn -0.1974 -0.0867 0.9765
vn -0.1458 -0.4811 0.8644
vn -0.5936 -0.5414 0.5955
vn -0.5199 -0.6070 0.6010
vn -0.7046 0.3527 0.6157
vn -0.2579 0.4913 0.8320
vn -0.5729 0.3074 0.7598
vn -0.6807 0.3346 0.6516
vn -0.7356 0.0867 0.6718
vn -0.8885 0.2030 0.4114
vn -0.5246 0.4834 0.7008
vn -0.5520 0.5344 0.6400
vn -0.7728 -0.2303 0.5915
vn -0.8587 -0.0687 0.5078
vn -0.8820 0.1011 0.4602
vn -0.8771 0.2649 0.4006
vn -0.5886 0.1525 0.7940
vn -0.9042 0.0820 0.4192
vn -0.7474 0.1965 0.6347
vn -0.9567 -0.1283 0.2614
vn -0.9496 -0.3024 0.0822
vn -0.8512 -0.3920 0.3489
vn -0.7318 -0.6698 0.1263
vn -0.8485 -0.5283 0.0316
vn -0.9367 -0.2992 0.1820
vn -0.8118 -0.5786 -0.0792
vn -0.8011 -0.5824 -0.1383
vn -0.8385 -0.5387 -0.0813
vn -0.8594 -0.5008 0.1030
vn -0.9172 -0.3123 -0.2475
vn -0.1418 -0.8636 -0.4837
vn 0.0924 -0.9666 -0.2389
vn 0.1997 -0.8415 -0.5021
vn 0.3730 -0.8970 -0.2373
vn 0.6576 -0.7449 -0.1128
vn 0.4654 -0.8765 0.1231
vn 0.5318 -0.7093 -0.4626
vn 0.8674 -0.4894 -0.0898
vn 0.8253 -0.5647 0.0096
vn 0.7045 -0.6975 0.1311
vn 0.0513 -0.9966 0.0639
vn 0.0838 -0.9900 0.1132
vn 0.8157 -0.5323 -0.2262
vn 0.7430 -0.6671 -0.0550
vn -0.5636 -0.6410 -0.5210
vn -0.9373 -0.2080 0.2797
vn -0.8412 -0.2591 0.4747
vn 0.9105 0.1694 0.3772
vn 0.7754 -0.3069 0.5519
vn 0.5528 0.0132 0.8332
vn 0.6034 0.1475 0.7837
vn 0.3158 0.3558 0.8796
vn 0.6998 0.4267 0.5729
vn 0.4788 0.5858 0.6539
vn 0.4229 0.7743 0.4709
vn 0.7238 0.6046 0.3325
vn 0.9022 0.3315 0.2760
vn 0.9697 0.1844 0.1601
vn 0.9212 -0.2862 0.2637
vn 0.8361 -0.1887 0.5151
vn 0.9367 -0.1363 0.3225
vn 0.9617 -0.1328 0.2397
vn 0.8237 -0.5182 0.2302
vn 0.9338 -0.3433 0.1008
vn 0.5752 -0.6496 0.4972
vn 0.7194 -0.6832 0.1251
vn 0.3542 -0.6372 0.6845
vn -0.1720 -0.8099 0.5607
vn 0.0409 -0.9618 0.2706
vn 0.7851 -0.2638 0.5603
vn 0.6848 0.3018 0.6633
vn 0.8583 -0.0215 0.5126
vn 0.2630 0.1241 0.9568
vn 0.5474 0.6761 0.4933
vn 0.5265 -0.5513 0.6472
vn 0.8789 -0.2573 0.4016
vn 0.4969 -0.4740 0.7269
vn 0.4675 -0.2143 0.8576
vn 0.5542 0.3253 0.7662
vn 0.7016 0.0643 0.7097
vn 0.9811 0.1677 0.0964
vn 0.9419 0.1568 0.2970
vn 0.7754 0.2622 0.5745
vn 0.9254 0.1888 0.3285
vn 0.0413 -0.0133 0.9991
vn 0.1119 0.6843 0.7205
vn 0.1007 0.0298 0.9945
vn 0.8158 0.2930 0.4987
vn 0.1782 0.5228 0.8336
vn -0.6295 0.5656 0.5327
vn 0.6944 -0.1227 0.7091
vn 0.9138 0.4049 -0.0314
vn -0.9988 -0.0272 0.0404
vn -0.9987 -0.0489 -0.0144
vn -0.2202 -0.4561 0.8623
vn -0.3564 0.2392 0.9032
vn -0.4135 0.4050 0.8155
vn -0.4861 0.3240 0.8116
vn -0.4427 -0.1195 0.8887
vn -0.7446 0.4857 0.4579
vn -0.7443 0.5441 0.3873
vn -0.7406 0.5683 0.3586
vn -0.9317 0.1759 0.3179
vn -0.7560 0.5312 0.3825
vn -0.8877 0.2608 0.3794
vn -0.9951 0.0917 -0.0362
vn -0.9391 -0.1904 0.2862
vn -0.4478 -0.8388 -0.3097
vn -0.4957 -0.7129 -0.4961
vn -0.6593 -0.6771 -0.3268
vn -0.6416 -0.7095 -0.2913
vn -0.9315 0.1646 0.3245
vn -0.9087 0.2068 0.3625
vn -0.8375 -0.4175 0.3526
vn -0.5474 0.6806 0.4871
vn 0.3682 0.8860 0.2820
vn -0.1823 0.9146 0.3610
vn -0.6838 0.5074 0.5244
vn -0.4107 -0.8525 -0.3233
vn -0.9526 0.0220 0.3033
vn -0.7885 0.4386 0.4311
vn -0.6794 0.5571 0.4776
vn -0.9336 0.2848 0.2174
vn -0.4314 0.8233 0.3689
vn -0.4335 0.8859 0.1649
vn -0.9571 0.2067 -0.2030
vn -0.3756 0.7413 0.5562
vn -0.9422 0.1724 0.2874
vn -0.8105 -0.5748 -0.1121
vn 0.8429 -0.4412 0.3080
vn 0.9281 0.3539 0.1159
vn 0.3338 0.8644 0.3760
vn 0.4806 0.8770 -0.0015
vn 0.9145 0.3165 0.2522
vn -0.9335 0.1632 -0.3194
vn -0.2282 0.8691 -0.4388
vn -0.3358 0.9385 -0.0805
vn -0.8322 -0.5542 -0.0154
vn -0.8915 0.2532 0.3756
vn -0.9114 0.0594 0.4071
vn -0.9494 0.3022 0.0854
vn -0.7921 0.5626 0.2368
vn -0.8204 0.5280 -0.2196
vn -0.7108 0.6984 0.0841
vn -0.7760 0.6140 0.1447
vn -0.8967 0.4248 -0.1243
vn 0.0118 0.8725 -0.4884
vn -0.4531 -0.3937 0.7998
vn -0.4804 -0.3938 0.7837
vn -0.7755 0.6144 -0.1453
vn -0.6860 0.7255 0.0555
vn -0.8804 0.4742 0.0041
vn -0.9418 0.1998 -0.2703
vn -0.9014 0.4330 0.0084
vn -0.9339 0.2546 -0.2508
vn -0.5885 -0.5511 0.5915
vn -0.3239 -0.5316 0.7826
vn -0.3298 -0.1648 0.9296
vn -0.5337 -0.2635 0.8036
vn -0.8524 -0.4791 -0.2092
vn -0.7590 -0.5850 -0.2858
vn -0.9068 -0.3535 -0.2296
vn -0.8962 -0.4380 -0.0707
vn -0.8831 -0.4398 -0.1636
vn -0.7776 -0.5869 -0.2257
vn -0.8544 -0.4783 -0.2029
vn -0.8099 -0.5711 -0.1339
vn -0.6564 -0.7524 0.0558
vn -0.8114 -0.5820 0.0541
vn -0.7493 -0.6182 0.2375
vn -0.6491 -0.7110 0.2706
vn -0.6012 -0.7330 0.3183
vn -0.5471 -0.8010 0.2433
vn -0.6732 -0.6238 -0.3972
vn -0.9882 -0.1492 0.0358
vn -0.9847 -0.0858 -0.1517
vn -0.6677 -0.5331 -0.5196
vn 0.3873 -0.6823 -0.6200
vn 0.0603 -0.7188 -0.6926
vn 0.0236 -0.3293 -0.9439
vn 0.4457 -0.3144 -0.8382
vn -0.1551 -0.2856 0.9457
vn -0.3411 0.0923 0.9355
vn 0.0996 0.0931 0.9907
vn -0.0716 0.1259 -0.9895
vn 0.5215 0.0009 -0.8532
vn -0.4247 0.6411 0.6393
vn -0.5558 0.5343 0.6369
vn -0.6287 0.5944 0.5015
vn -0.3817 0.7141 0.5869
vn 0.0071 0.7843 0.6203
vn -0.6629 0.5030 0.5546
vn -0.8369 0.3703 0.4032
vn -0.7734 0.4302 0.4657
vn -0.9379 0.1282 0.3223
vn -0.9432 0.1328 -0.3045
vn -0.9567 0.2413 -0.1628
vn -0.5222 0.2185 -0.8243
vn -0.5094 -0.1850 -0.8404
vn -0.9238 0.2918 0.2478
vn -0.9100 0.1464 0.3879
vn -0.9856 0.0814 0.1482
vn 0.9957 -0.0870 0.0302
vn 0.9916 0.0382 0.1236
vn 0.8978 -0.1226 -0.4229
vn -0.6916 -0.2897 0.6616
vn -0.6505 0.2306 0.7237
vn -0.7957 -0.4374 -0.4190
vn 0.1441 -0.7774 -0.6123
vn -0.0180 -0.6865 -0.7269
vn 0.5274 -0.6384 -0.5606
vn 0.4193 -0.6378 -0.6460
vn 0.4091 -0.7311 -0.5460
vn -0.3248 0.6381 0.6981
vn 0.0976 0.7223 0.6847
vn 0.0905 0.7209 0.6871
vn -0.4998 0.8581 0.1179
vn -0.4411 0.8974 0.0070
vn -0.7705 0.6311 0.0901
vn -0.6891 0.6690 0.2786
vn -0.7848 0.6077 -0.1214
vn -0.9221 0.3642 -0.1307
vn -0.8220 0.5684 -0.0343
vn -0.5549 0.8319 0.0028
vn -0.9801 0.1099 -0.1654
vn -0.9484 -0.1188 -0.2939
vn -0.9647 0.1204 -0.2343
vn -0.9870 0.0832 0.1378
vn -0.8533 0.5114 0.1016
vn -0.8380 0.4773 -0.2644
vn -0.8841 0.2417 -0.4000
vn -0.6601 0.1405 -0.7379
vn -0.6506 -0.6014 -0.4638
vn -0.5180 -0.7084 -0.4794
vn 0.2259 -0.6274 -0.7452
vn -0.1542 -0.4152 -0.8966
vn -0.6149 -0.7061 -0.3511
vn 0.2370 -0.7840 -0.5738
vn -0.6317 -0.7742 0.0399
vn -0.3769 -0.9184 0.1206
vn -0.0362 -0.9424 -0.3324
vn -0.5808 -0.6085 0.5408
vn -0.3511 -0.4071 0.8432
vn -0.5134 0.0755 0.8548
vn -0.3992 -0.2606 0.8791
vn -0.8069 0.4371 0.3973
vn -0.6293 0.2511 0.7355
vn -0.6413 0.6834 0.3489
vn -0.9200 0.0249 0.3911
vn -0.7066 -0.0987 0.7007
vn -0.5545 -0.1475 0.8190
vn -0.2778 -0.3940 0.8761
vn -0.1141 -0.3893 0.9140
vn -0.2015 -0.6820 0.7031
vn 0.5797 -0.8148 -0.0012
vn 0.8892 -0.3889 -0.2411
vn 0.7970 -0.3338 -0.5033
vn -0.6686 0.0487 -0.7420
vn -0.2762 -0.0922 -0.9567
vn 0.5653 -0.3598 -0.7422
vn 0.1951 -0.1331 -0.9717
vn -0.9862 -0.0351 0.1616
vn -0.9366 -0.0664 0.3439
vn -0.9873 0.0546 -0.1490
vn -0.7724 0.5698 -0.2807
vn -0.8310 0.4720 -0.2945
vn -0.6964 0.4254 -0.5779
vn 0.3722 0.0227 0.9279
vn 0.0954 0.2075 0.9736
vn 0.0610 0.2784 0.9585
vn 0.2719 0.0323 0.9618
vn 0.6873 -0.6965 0.2064
vn 0.6077 -0.3414 0.7170
vn -0.7331 0.6725 -0.1016
vn -0.3286 0.9361 -0.1259
vn -0.3136 0.8430 0.4370
vn -0.1373 0.8913 0.4321
vn 0.0596 0.3854 0.9208
vn -0.2669 0.5184 0.8124
vn 0.1770 -0.2211 0.9591
vn 0.4745 -0.4401 0.7623
vn 0.1834 -0.5123 0.8390
vn -0.0204 -0.3481 0.9372
vn -0.4014 0.7014 -0.5889
vn -0.3717 0.7426 -0.5572
vn -0.4296 0.4850 -0.7617
vn -0.5830 0.3675 -0.7246
vn -0.0039 0.9767 -0.2146
vn -0.1184 0.9557 -0.2694
vn 0.0306 0.7207 -0.6926
vn -0.3532 0.6418 -0.6806
vn -0.2084 0.6763 -0.7066
vn -0.4835 -0.8462 0.2240
vn -0.0262 -0.9195 -0.3922
vn -0.2820 -0.3671 -0.8864
vn -0.9191 -0.2730 -0.2842
vn 0.0013 -0.9715 0.2369
vn 0.3575 -0.9167 -0.1787
vn -0.0319 -0.9699 -0.2414
vn 0.3435 -0.7655 -0.5441
vn 0.1731 -0.9309 -0.3216
vn -0.4844 0.2163 -0.8477
vn -0.4545 -0.0984 -0.8853
vn -0.4211 -0.2883 -0.8600
vn 0.0004 -0.9930 -0.1180
vn 0.0043 -0.8372 -0.5468
vn 0.4235 -0.6683 -0.6116
vn -0.3614 -0.9047 0.2255
vn -0.4930 -0.8597 0.1339
vn -0.8750 -0.4115 -0.2552
vn -0.8040 -0.5061 -0.3121
vn -0.4466 -0.7426 -0.4991
vn -0.2797 -0.8628 -0.4211
vn -0.2083 0.9780 0.0107
vn -0.0726 0.9973 0.0071
vn -0.1428 0.9654 -0.2183
vn -0.2128 0.9698 -0.1189
vn -0.3992 0.9146 -0.0647
vn -0.2828 0.9353 -0.2127
vn -0.1063 -0.8827 -0.4578
vn -0.1747 -0.8966 -0.4070
vn -0.2725 -0.8563 -0.4388
vn -0.4423 -0.8764 -0.1906
vn -0.4825 -0.8735 0.0654
vn -0.1309 -0.9653 0.2261
vn -0.4354 -0.8188 -0.3741
vn -0.8890 -0.3947 -0.2323
vn -0.9698 -0.0983 -0.2234
vn -0.9957 -0.0273 -0.0882
vn -0.1321 -0.0049 -0.9912
vn -0.0899 -0.0181 -0.9958
vn -0.1877 0.2285 -0.9553
vn -0.8777 -0.3325 -0.3450
vn -0.3749 0.5653 -0.7348
vn -0.3418 0.5260 -0.7788
vn -0.3364 0.4505 -0.8270
vn -0.1614 0.5295 -0.8328
vn -0.3349 0.8784 0.3408
vn -0.0367 0.8756 0.4816
vn -0.3787 0.8330 0.4032
vn -0.5937 0.8044 0.0234
vn -0.8846 -0.0932 -0.4570
vn -0.8601 0.4330 -0.2699
vn -0.8137 -0.3775 -0.4420
vn -0.8406 -0.4460 -0.3073
vn -0.5946 0.5297 0.6048
vn -0.0076 0.9772 -0.2121
vn -0.4744 0.8742 -0.1038
vn -0.3309 -0.8425 0.4250
vn -0.3575 -0.7889 0.4998
vn -0.3734 -0.9276 0.0141
vn -0.5563 -0.8308 0.0155
vn 0.1056 -0.0474 0.9933
vn -0.1798 -0.0416 0.9828
vn -0.4753 0.2977 0.8279
vn -0.8891 0.4227 0.1756
vn -0.5748 0.7094 0.4079
vn -0.1124 0.4850 0.8673
vn -0.9314 0.3341 0.1445
vn -0.9793 0.1901 -0.0691
vn -0.9132 -0.2500 -0.3219
vn -0.8777 -0.4097 -0.2485
vn -0.9203 0.3228 -0.2209
vn -0.9192 -0.0624 -0.3889
vn -0.9662 0.2325 -0.1115
vn -0.9953 0.0654 -0.0720
vn -0.9815 0.0573 -0.1827
vn -0.9558 -0.1434 -0.2566
vn -0.8796 -0.3777 -0.2892
vn -0.6771 -0.6383 -0.3663
vn -0.7251 -0.5124 -0.4601
vn -0.9648 0.2402 -0.1075
vn -0.7345 0.6620 0.1490
vn -0.8015 0.5932 0.0764
vn -0.4710 -0.6164 -0.6310
vn -0.5622 -0.5962 -0.5731
vn -0.4609 0.8452 0.2705
vn -0.0240 0.9322 0.3611
vn -0.0909 0.9857 0.1416
vn -0.6666 0.7193 0.1955
vn -0.9772 -0.0041 -0.2122
vn -0.9658 -0.1771 -0.1895
vn -0.8627 -0.3898 -0.3222
vn -0.6614 -0.5590 -0.5000
vn -0.4980 -0.6052 -0.6211
vn -0.3662 0.8902 0.2712
vn 0.0142 0.9539 0.2997
vn -0.9663 -0.1160 0.2297
vn -0.7128 -0.6919 -0.1145
vn -0.6462 0.7605 -0.0637
vn -0.7060 0.6418 -0.2995
vn -0.7370 0.4574 0.4976
vn -0.8501 -0.0357 0.5254
vn -0.8594 -0.0272 0.5106
vn -0.7846 -0.0260 0.6195
vn -0.5220 -0.4795 0.7054
vn -0.5503 -0.3114 0.7747
vn -0.7390 -0.4716 0.4811
vn -0.3750 -0.6205 0.6887
vn -0.3794 -0.6226 0.6845
vn -0.5408 -0.5391 0.6457
vn -0.3443 -0.5359 0.7709
vn -0.5345 -0.6328 0.5602
vn -0.5495 -0.6393 0.5379
vn -0.3628 -0.7565 0.5441
vn -0.3363 -0.7518 0.5672
vn -0.2177 0.6601 -0.7189
vn -0.9156 -0.0862 0.3927
vn -0.5819 0.6933 -0.4250
vn -0.6752 -0.5346 0.5083
vn -0.9627 -0.0262 0.2692
vn -0.9803 -0.1670 -0.1052
vn -0.9996 -0.0275 0.0083
vn -0.9962 -0.0624 0.0606
vn -0.9381 -0.1870 -0.2916
vn -0.9201 -0.2299 -0.3171
vn -0.9599 -0.0988 -0.2622
vn -0.5384 -0.8369 0.0982
vn -0.6710 -0.7323 -0.1165
vn -0.7642 -0.6348 -0.1141
vn -0.6953 -0.7089 0.1184
vn -0.3723 -0.6533 0.6592
vn -0.4038 0.5264 -0.7482
vn -0.5743 0.5104 -0.6401
vn -0.1803 -0.0716 -0.9810
vn -0.3154 0.2684 -0.9102
vn 0.1151 -0.5612 -0.8196
vn 0.0485 -0.5292 -0.8471
vn 0.0608 -0.9974 -0.0398
vn -0.4866 -0.8187 0.3050
vn -0.4022 0.8812 0.2484
vn 0.3959 0.6494 0.6492
vn 0.3264 -0.8922 -0.3121
vn 0.0519 -0.3232 0.9449
vn 0.3098 0.0890 0.9466
vn 0.0488 -0.1048 0.9933
vn -0.0289 0.0891 0.9956
vn -0.0307 -0.6293 0.7765
vn -0.0279 -0.5599 0.8281
vn -0.6586 -0.2591 -0.7065
vn -0.0016 -0.9188 -0.3946
vn -0.8193 0.4369 0.3714
vn -0.3248 0.8739 0.3618
vn 0.1016 0.8810 0.4621
vn -0.3485 0.9320 0.0994
vn -0.4657 0.7683 0.4390
vn -0.2470 0.7611 0.5997
vn -0.7590 0.6488 0.0542
vn -0.7381 0.6235 0.2576
vn -0.9876 -0.0957 0.1245
vn -0.7324 0.4381 0.5212
vn -0.5287 0.7407 0.4145
vn -0.5542 0.7747 0.3044
vn -0.7771 -0.6015 -0.1852
vn 0.1292 0.9896 -0.0634
vn -0.0616 0.9912 -0.1170
vn 0.4358 0.8394 0.3247
vn 0.3806 0.8373 0.3925
vn 0.0306 0.9535 -0.3000
vn 0.2926 0.9271 -0.2342
vn 0.1006 0.7172 0.6895
vn 0.0312 0.7134 0.7000
vn 0.1482 0.7257 0.6719
vn 0.2608 -0.7955 0.5470
vn 0.3675 -0.7044 0.6072
vn -0.2855 -0.7018 0.6526
vn -0.2776 -0.7850 0.5538
vn 0.8784 -0.3690 0.3037
vn 0.7584 -0.4857 0.4346
vn 0.9613 0.2752 0.0123
vn 0.9909 0.0380 0.1290
vn 0.9697 0.0242 0.2432
vn 0.8551 0.3699 -0.3634
vn -0.1735 -0.6389 -0.7494
vn 0.6795 0.5841 -0.4439
vn 0.9409 -0.2828 -0.1865
vn 0.7388 -0.6496 -0.1795
vn 0.8060 -0.5393 -0.2438
vn 0.9468 -0.2837 -0.1523
vn -0.2203 0.5811 -0.7835
vn -0.3075 0.5037 -0.8073
vn -0.3147 0.3164 -0.8949
vn -0.3489 0.2431 -0.9051
vn 0.2884 -0.5727 0.7674
vn 0.8420 -0.5129 0.1670
vn 0.8142 -0.5387 0.2166
vn -0.2477 -0.3751 0.8933
vn -0.2502 -0.5148 0.8200
vn 0.5708 -0.5238 -0.6323
vn -0.7019 -0.2502 0.6669
vn -0.7141 -0.1151 0.6905
vn -0.9388 0.1635 0.3033
vn -0.9563 0.1623 0.2431
vn -0.7636 -0.5629 0.3164
vn -0.7511 -0.4399 0.4922
vn -0.9915 -0.0929 0.0911
vn -0.9942 -0.0942 -0.0512
vn 0.2039 -0.2326 0.9510
vn -0.1458 -0.1007 0.9842
vn 0.7103 -0.4912 0.5042
vn 0.6744 -0.7319 -0.0977
vn 0.5896 -0.8012 0.1026
vn 0.3838 -0.7374 -0.5558
vn -0.3543 0.6274 -0.6934
vn -0.1824 0.8875 -0.4233
vn -0.6401 0.6689 0.3779
vn -0.2630 0.4003 0.8778
vn -0.7859 0.3517 -0.5086
vn -0.9624 0.2679 -0.0442
vn -0.9546 0.2976 0.0165
vn -0.7237 0.4216 -0.5463
vn -0.7622 0.5727 -0.3016
vn 0.0793 -0.6559 -0.7507
vn -0.6666 0.0090 -0.7454
vn -0.6329 0.0573 -0.7721
vn -0.7834 0.3645 -0.5033
vn -0.7543 0.2166 -0.6198
vn -0.5626 0.2366 -0.7921
vn -0.7690 0.4598 -0.4441
vn -0.7526 0.5176 0.4071
vn -0.8611 0.4595 -0.2175
vn -0.8993 0.4366 0.0238
vn -0.8583 0.3302 0.3928
vn -0.3257 0.3393 0.8825
vn -0.5316 0.1197 0.8385
vn -0.8769 0.1857 -0.4433
vn -0.8842 0.2037 -0.4204
vn -0.9772 -0.0642 -0.2022
vn 0.8225 0.2491 -0.5112
vn 0.9775 -0.1908 0.0903
vn 0.9688 -0.2307 -0.0904
vn 0.6984 -0.6259 0.3471
vn 0.6687 -0.6306 0.3940
vn -0.7957 -0.5340 0.2857
vn 0.0058 0.1129 0.9936
vn -0.4013 0.3529 0.8452
vn -0.5948 0.6819 0.4257
vn 0.3452 -0.0552 0.9369
vn 0.5475 -0.3583 0.7562
vn -0.3061 -0.2114 -0.9282
vn 0.0220 -0.6688 -0.7431
vn -0.0079 -0.5727 -0.8197
vn 0.6704 -0.6846 0.2863
vn -0.7107 0.4040 -0.5759
vn -0.6880 0.6820 -0.2479
vn -0.3180 0.9361 -0.1504
vn -0.0223 -0.9667 -0.2548
vn -0.4236 0.4299 -0.7974
vn -0.7812 0.1741 -0.5996
vn -0.8689 0.3493 -0.3507
vn -0.1850 0.6195 -0.7629
vn 0.0567 0.6998 -0.7121
vn -0.4286 0.3838 0.8180
vn -0.0325 0.4630 0.8858
vn 0.0099 0.1088 0.9940
vn -0.5314 0.1352 0.8363
vn -0.1344 0.5816 0.8023
vn -0.3065 0.6160 0.7257
vn -0.9069 0.0476 -0.4185
vn -0.9590 -0.0676 -0.2754
vn -0.7884 0.6109 -0.0722
vn -0.4160 -0.8004 -0.4317
vn -0.3932 -0.8813 -0.2623
vn -0.1797 -0.9248 -0.3354
vn -0.1473 -0.9787 -0.1430
vn -0.1117 -0.9790 -0.1707
vn -0.0383 -0.9472 -0.3183
vn 0.9551 0.2744 0.1117
vn 0.1132 0.9503 0.2901
vn -0.6078 0.7777 0.1606
vn -0.9814 0.1007 0.1633
vn -0.1812 -0.8569 -0.4825
vn 0.6994 -0.7080 -0.0978
vn 0.6637 -0.7432 0.0847
vn -0.2101 -0.3577 0.9099
vn -0.0159 0.9935 0.1126
vn -0.1233 0.9866 -0.1067
vn 0.5427 0.8332 -0.1066
vn -0.0661 0.9977 0.0165
vn -0.7700 0.6217 0.1433
vn 0.2764 -0.9610 0.0119
vn 0.9182 -0.3952 -0.0267
vn 0.9402 0.2679 -0.2105
vn 0.3684 0.8955 -0.2496
vn -0.3383 -0.4505 0.8262
vn 0.0970 -0.6014 0.7930
vn 0.5051 0.3152 0.8035
vn 0.8564 0.4855 -0.1755
vn -0.6466 0.6521 0.3960
vn -0.0220 0.9965 0.0810
vn -0.6267 0.7793 0.0045
vn -0.9856 0.0906 0.1430
vn -0.2608 -0.9620 -0.0802
vn -0.7932 0.6082 0.0311
vn -0.3178 -0.9171 0.2407
vn -0.5978 -0.4799 0.6421
vn -0.0326 0.2630 0.9643
vn -0.7441 0.1323 -0.6548
vn 0.8578 0.2111 0.4687
vn -0.9639 -0.2657 0.0183
vn -0.4686 -0.8806 -0.0704
vn 0.7865 0.6052 -0.1232
vn 0.7558 0.3617 -0.5459
vn 0.8331 0.2691 -0.4832
vn -0.8068 0.2994 -0.5094
vn -0.9455 0.1972 0.2591
vn -0.4379 0.7979 0.4142
vn -0.4120 0.8846 -0.2184
vn -0.3882 0.7158 0.5805
vn -0.9436 0.0907 0.3184
vn -0.9571 -0.0458 0.2862
vn -0.3257 -0.9424 0.0764
vn -0.8825 -0.4700 0.0185
vn 0.9513 0.3069 0.0290
vn 0.3799 0.8589 0.3435
vn 0.4416 0.8903 -0.1113
vn -0.8665 -0.4967 0.0496
vn 0.9566 0.2428 0.1609
vn -0.5990 0.7838 0.1638
vn 0.1161 0.9637 0.2405
vn 0.0927 0.9949 0.0406
vn 0.9922 -0.1215 0.0294
vn 0.7463 0.6397 0.1840
vn -0.3144 0.9168 0.2463
vn 0.4365 0.8461 0.3059
vn 0.4703 0.8765 0.1030
vn -0.4310 0.8885 -0.1573
vn 0.4190 0.7591 0.4982
vn -0.4084 0.8451 0.3448
vn -0.9071 -0.3600 0.2180
vn -0.9550 0.2946 0.0334
vn 0.8752 -0.4837 0.0054
vn 0.9243 0.2830 0.2561
vn 0.8200 -0.5565 0.1342
vn 0.9766 0.1941 -0.0930
vn -0.8909 0.4121 0.1910
vn 0.3944 0.7980 -0.4557
vn 0.5283 0.8307 -0.1757
vn 0.5630 0.3181 -0.7628
vn -0.2045 0.5264 0.8253
vn -0.8269 0.0817 0.5564
vn -0.0943 -0.8284 -0.5522
vn 0.6181 0.7261 0.3012
vn 0.5611 0.3326 0.7580
vn 0.7422 0.4421 0.5037
vn -0.8082 0.5887 -0.0172
vn 0.6366 -0.5512 0.5393
vn 0.7348 -0.6777 0.0282
vn -0.9246 -0.1879 -0.3315
vn -0.8714 0.2294 0.4337
vn -0.8744 0.3065 -0.3762
vn 0.1337 0.2863 -0.9488
vn -0.3176 0.2825 -0.9052
vn -0.3592 0.5946 -0.7194
vn 0.4927 0.4781 -0.7271
vn 0.0471 -0.1535 0.9870
vn 0.5271 0.0814 0.8459
vn 0.4559 0.4240 0.7825
vn 0.9902 0.0131 -0.1387
vn 0.8009 0.0414 -0.5973
vn 0.7310 0.5711 -0.3734
vn -0.7936 0.3046 0.5267
vn 0.8246 0.2856 0.4883
vn -0.1613 0.8024 0.5745
vn 0.0113 0.7357 0.6772
vn 0.1728 -0.9534 -0.2473
vn 0.6135 -0.7628 -0.2044
vn -0.9445 0.2610 0.1997
vn -0.9955 -0.0811 -0.0482
vn -0.9948 0.0632 -0.0797
vn -0.9150 -0.2595 -0.3089
vn -0.7875 -0.0347 -0.6153
vn -0.6511 -0.3533 -0.6718
vn 0.4776 0.0255 -0.8782
vn 0.9967 -0.0235 0.0780
vn 0.9348 -0.3543 -0.0231
vn 0.8751 -0.4305 -0.2213
vn -0.6758 0.1236 -0.7266
vn -0.1043 -0.7894 -0.6049
vn 0.9759 0.0397 0.2147
vn -0.8999 -0.2315 -0.3697
vn -0.6363 -0.5117 -0.5773
vn 0.8325 -0.4655 -0.3004
vn 0.9087 -0.2806 -0.3091
vn -0.6490 -0.1432 -0.7472
vn -0.3969 -0.3545 -0.8467
vn 0.3302 -0.3835 -0.8625
vn 0.0291 -0.3255 -0.9451
vn 0.0211 -0.4406 -0.8975
vn 0.8799 0.3094 -0.3605
vn 0.8346 0.1574 -0.5279
vn -0.2799 -0.7247 -0.6297
vn 0.1421 -0.9143 -0.3793
vn 0.0100 -0.8843 -0.4669
vn 0.5167 -0.7770 -0.3597
vn 0.3350 -0.8538 -0.3984
vn -0.6755 -0.0216 0.7370
vn -0.9594 -0.0422 0.2789
vn -0.9710 -0.0130 0.2385
vn 0.3859 0.1786 0.9051
vn -0.1067 -0.0294 0.9939
vn -0.4371 -0.0134 0.8993
vn 0.0402 0.0046 0.9992
vn -0.6487 0.0431 0.7599
vn -0.7022 -0.1921 -0.6855
vn -0.9995 -0.0254 -0.0166
vn -0.9797 0.0689 0.1881
vn -0.8649 0.2771 0.4185
vn 0.0460 -0.2941 -0.9547
vn -0.1952 -0.2627 0.9449
vn 0.1371 -0.6392 0.7567
vn 0.9086 -0.3883 0.1538
vn 0.9584 -0.2226 -0.1786
vn 0.7420 0.1381 0.6560
vn 0.9949 0.0881 0.0489
vn 0.0089 -0.1268 -0.9919
vn 0.6004 -0.4178 0.6819
vn -0.6200 -0.0336 -0.7839
vn -0.9711 -0.0070 0.2386
vn -0.9994 0.0322 -0.0154
vn 0.1391 -0.1968 0.9705
vn 0.0267 0.2891 0.9569
vn -0.4850 0.3919 0.7818
vn 0.9730 0.2305 0.0101
vn -0.0416 -0.7011 -0.7119
vn 0.2179 0.5950 0.7736
vn -0.2819 0.6475 0.7080
vn -0.7281 -0.5345 -0.4292
vn -0.4642 0.5141 -0.7213
vn 0.0488 0.6948 -0.7176
vn 0.0374 0.5968 -0.8015
vn 0.0417 0.6650 -0.7456
vn -0.8531 0.2839 -0.4377
vn -0.9645 -0.2199 0.1460
vn -0.4948 -0.5502 0.6727
vn -0.8342 -0.2611 -0.4858
vn -0.9958 -0.0098 0.0906
vn -0.9829 -0.0578 0.1748
vn -0.9020 -0.0785 -0.4245
vn -0.5810 0.1175 -0.8054
vn -0.5023 0.3136 -0.8058
vn -0.4262 -0.6353 -0.6440
vn 0.1774 -0.6593 -0.7307
vn -0.6078 0.2867 0.7406
vn -0.5557 -0.0076 0.8314
vn -0.4958 -0.3807 -0.7806
vn -0.5533 -0.1174 -0.8246
vn -0.8825 0.2063 0.4226
vn -0.8725 -0.4635 -0.1548
vn -0.9879 0.0261 0.1530
vn -0.8265 -0.4029 -0.3931
vn -0.4714 -0.2744 0.8381
vn -0.9528 -0.1291 0.2747
vn -0.8955 0.1321 -0.4250
vn -0.0118 -0.8442 -0.5359
vn -0.0520 0.9818 0.1826
vn -0.3471 -0.6374 0.6879
vn 0.0658 -0.6082 0.7911
vn -0.7470 -0.5469 0.3781
vn -0.9690 -0.2432 0.0435
vn -0.9851 -0.1334 -0.1083
vn 0.4122 0.8728 0.2614
vn 0.0609 0.9286 0.3660
vn 0.8362 0.3671 0.4075
vn -0.9260 -0.1902 -0.3262
vn -0.1892 0.9267 0.3247
vn -0.4072 0.8527 0.3273
vn 0.9341 0.3565 -0.0180
vn 0.9941 -0.0794 -0.0736
vn 0.3878 -0.8484 0.3604
vn 0.7979 -0.6002 0.0554
vn 0.1516 -0.9280 0.3403
vn -0.5995 -0.7342 -0.3187
vn -0.9919 -0.1265 0.0072
vn 0.0858 -0.8626 -0.4985
vn 0.0377 -0.8567 -0.5144
vn 0.1758 -0.5934 -0.7855
vn -0.0618 -0.5994 -0.7981
vn -0.5927 -0.6835 -0.4261
vn -0.9439 -0.2088 -0.2560
vn -0.8820 -0.0971 -0.4612
vn -0.4502 -0.7922 -0.4119
vn -0.6759 -0.5300 -0.5121
vn 0.1184 -0.9861 -0.1161
vn -0.0652 -0.5282 -0.8466
vn 0.2538 -0.6149 -0.7466
vn -0.8324 -0.3833 -0.4002
vn -0.1379 -0.6735 -0.7263
vn 0.7498 -0.6228 -0.2232
vn 0.0230 -0.9874 -0.1566
vn -0.5780 -0.7991 -0.1656
vn 0.3609 -0.9326 0.0042
vn -0.0754 -0.9645 -0.2530
vn -0.8497 0.2810 0.4462
vn -0.8317 0.3402 0.4388
vn 0.0002 -0.8538 -0.5206
vn -0.0066 -0.9337 -0.3581
vn 0.0003 0.9157 0.4018
vn 0.0452 0.9494 0.3108
vn 0.0028 -0.2503 0.9682
vn -0.0000 -0.5637 0.8260
vn 0.0019 0.0361 0.9993
vn 0.0022 0.4066 0.9136
vn -0.0004 -0.8760 0.4823
vn 0.0529 0.6963 0.7158
vn -0.1809 -0.8523 -0.4907
vn 0.0002 0.9956 0.0933
vn -0.0003 0.9681 -0.2507
vn 0.0056 0.9303 0.3668
vn -0.1622 -0.9640 -0.2105
vn -0.0000 -0.9800 -0.1988
vn -0.0625 -0.3264 0.9432
vn -0.0193 -0.9360 0.3514
vn -0.6693 0.2019 0.7150
vn 0.2751 -0.4605 0.8439
vn 0.5482 -0.2443 0.7999
vn 0.5352 0.2594 0.8039
vn 0.7215 0.5664 0.3984
vn 0.7442 0.4362 0.5058
vn 0.7480 0.5641 0.3499
vn 0.7520 0.5400 0.3779
vn 0.9388 0.1528 0.3086
vn 0.4253 -0.8468 -0.3194
vn 0.6587 -0.6825 -0.3167
vn 0.4829 -0.7145 -0.5062
vn 0.9126 -0.1793 0.3675
vn 0.8340 -0.4316 0.3437
vn 0.5384 -0.8308 0.1413
vn 0.5377 0.3525 0.7659
vn 0.7400 0.4739 0.4774
vn 0.9375 -0.2551 0.2366
vn 0.3264 -0.6906 -0.6453
vn -0.4918 0.7136 0.4989
vn 0.4258 0.8103 0.4026
vn 0.3549 0.7435 0.5668
vn 0.8029 -0.5868 -0.1047
vn 0.2836 -0.8834 -0.3731
vn 0.4240 -0.8056 -0.4138
vn 0.8080 -0.5299 0.2574
vn -0.9206 -0.3878 0.0453
vn 0.8541 -0.5187 -0.0380
vn 0.9494 0.3022 0.0854
vn 0.9114 0.0595 0.4071
vn 0.8915 0.2532 0.3756
vn 0.7920 0.5627 0.2368
vn 0.9064 0.4003 -0.1351
vn 0.7749 0.6153 0.1448
vn 0.7102 0.6987 0.0864
vn 0.3193 -0.4177 0.8506
vn 0.4184 -0.4872 0.7666
vn 0.6931 -0.3181 0.6468
vn 0.6414 -0.2685 0.7187
vn 0.4738 -0.3825 0.7933
vn 0.4862 -0.3732 0.7902
vn 0.8850 0.4656 -0.0050
vn 0.9480 0.1881 -0.2567
vn 0.9477 0.2259 -0.2256
vn 0.5993 -0.5473 0.5842
vn 0.5339 -0.2634 0.8035
vn 0.3299 -0.1643 0.9296
vn 0.3336 -0.5288 0.7804
vn 0.4803 0.1462 0.8649
vn 0.4065 0.1643 0.8988
vn 0.8996 -0.4317 -0.0660
vn 0.9017 -0.3908 -0.1851
vn 0.8786 -0.4407 -0.1840
vn 0.7899 -0.5187 -0.3270
vn 0.8106 -0.5689 -0.1386
vn 0.8555 -0.4743 -0.2079
vn 0.3337 -0.0928 0.9381
vn 0.3967 -0.0649 0.9156
vn 0.6359 -0.6404 -0.4307
vn 0.5325 -0.6399 -0.5540
vn 0.9237 -0.2189 -0.3143
vn 0.9890 -0.1478 0.0108
vn -0.0212 -0.3309 -0.9434
vn -0.0538 -0.7183 -0.6937
vn -0.3888 -0.6815 -0.6200
vn -0.4398 -0.3182 -0.8398
vn 0.1028 -0.1522 0.9830
vn -0.3522 -0.2038 0.9135
vn -0.1663 0.0605 0.9842
vn 0.3463 0.0640 0.9360
vn -0.5172 0.0032 -0.8558
vn 0.0729 0.1252 -0.9894
vn 0.6269 0.6196 0.4723
vn 0.5875 0.5835 0.5607
vn 0.3629 0.7284 0.5812
vn 0.2886 0.7459 0.6003
vn -0.0693 0.8274 0.5573
vn 0.5279 0.2155 -0.8215
vn 0.9256 0.2085 -0.3158
vn 0.8925 0.0851 -0.4429
vn 0.4455 -0.2396 -0.8626
vn 0.6869 0.4414 0.5774
vn 0.9573 0.0732 0.2796
vn 0.9290 0.2545 0.2688
vn -0.9948 -0.0901 0.0481
vn -0.9312 -0.3182 -0.1779
vn -0.9897 0.0276 0.1407
vn -0.9728 -0.2282 0.0398
vn 0.6998 0.2004 0.6857
vn 0.7574 -0.1609 0.6328
vn 0.7921 -0.4434 -0.4194
vn 0.0145 -0.6901 -0.7236
vn -0.1410 -0.7764 -0.6143
vn -0.4192 -0.6380 -0.6459
vn -0.5678 -0.6376 -0.5206
vn -0.4089 -0.7312 -0.5461
vn -0.1610 0.7165 0.6788
vn -0.1890 0.6271 0.7557
vn 0.2529 0.5969 0.7614
vn 0.4999 0.8581 0.1179
vn 0.6916 0.6669 0.2773
vn 0.7729 0.6279 0.0911
vn 0.4411 0.8974 0.0071
vn 0.8228 0.5674 -0.0330
vn 0.9245 0.3599 -0.1256
vn 0.7858 0.6068 -0.1198
vn 0.5549 0.8319 0.0029
vn 0.9596 -0.1026 -0.2621
vn 0.9795 0.1142 -0.1658
vn 0.9514 0.1051 -0.2895
vn 0.7837 0.5309 -0.3223
vn 0.8252 0.5550 0.1051
vn 0.9900 0.0462 0.1333
vn 0.6510 0.1457 -0.7450
vn 0.8781 0.2483 -0.4090
vn 0.1614 -0.4201 -0.8930
vn -0.1849 -0.6577 -0.7302
vn 0.4947 -0.7011 -0.5136
vn 0.0403 -0.9390 -0.3416
vn 0.3521 -0.9244 0.1468
vn 0.6518 -0.6778 -0.3401
vn 0.5871 -0.6032 0.5398
vn 0.3520 -0.4069 0.8429
vn 0.3999 -0.2690 0.8762
vn 0.5102 0.0763 0.8566
vn 0.6123 0.3208 0.7226
vn 0.7341 0.5130 0.4448
vn 0.7008 -0.1058 0.7055
vn 0.9094 0.0036 0.4159
vn 0.5378 -0.1473 0.8301
vn 0.2784 -0.3938 0.8760
vn 0.1136 -0.3890 0.9142
vn 0.2000 -0.6803 0.7051
vn -0.5837 -0.8120 0.0007
vn -0.8980 -0.3696 -0.2389
vn -0.8341 -0.3020 -0.4616
vn 0.6576 0.0551 -0.7513
vn -0.1912 -0.1319 -0.9727
vn -0.5364 -0.3658 -0.7606
vn 0.9352 -0.1098 0.3367
vn 0.9838 -0.0695 0.1652
vn 0.9864 0.0318 -0.1614
vn 0.6528 0.0499 -0.7559
vn 0.8686 0.4296 -0.2469
vn 0.8346 0.5035 -0.2234
vn -0.0959 0.2041 0.9742
vn -0.3716 0.0221 0.9281
vn -0.5625 -0.3251 0.7602
vn -0.6062 -0.3442 0.7169
vn 0.6896 0.6938 0.2076
vn 0.2936 0.8339 0.4674
vn 0.2816 0.9479 -0.1491
vn 0.7597 0.6388 -0.1215
vn 0.1139 0.8557 0.5048
vn 0.2894 0.4842 0.8257
vn -0.0719 0.3512 0.9335
vn -0.1783 -0.5180 0.8366
vn -0.3538 -0.8634 0.3597
vn -0.3396 -0.9318 -0.1278
vn -0.5211 -0.8259 -0.2153
vn 0.4961 0.4386 -0.7493
vn 0.4859 0.5129 -0.7077
vn 0.3783 0.6882 -0.6191
vn 0.2879 0.6965 -0.6573
vn 0.1576 0.6426 -0.7498
vn 0.2823 -0.3659 -0.8868
vn 0.0298 -0.9176 -0.3965
vn 0.4833 -0.8462 0.2246
vn 0.9198 -0.2735 -0.2813
vn -0.1732 -0.9309 -0.3216
vn -0.3429 -0.7664 -0.5433
vn -0.4031 -0.8975 -0.1790
vn 0.4549 -0.0983 -0.8851
vn 0.5117 0.2863 -0.8101
vn 0.5821 0.2310 -0.7796
vn 0.4221 -0.2900 -0.8589
vn 0.4645 -0.8832 0.0652
vn 0.4786 -0.8716 0.1063
vn 0.3988 -0.9087 0.1234
vn 0.3179 -0.9446 -0.0816
vn 0.4763 -0.8568 -0.1976
vn 0.8040 -0.5060 -0.3123
vn 0.8704 -0.4234 -0.2515
vn 0.4455 -0.7429 -0.4996
vn 0.2770 -0.8633 -0.4219
vn 0.2083 0.9780 0.0106
vn 0.3758 0.9171 -0.1333
vn 0.1429 0.9844 -0.1022
vn 0.0748 0.9972 0.0051
vn 0.3992 0.9146 -0.0647
vn 0.2128 0.9698 -0.1189
vn 0.1372 0.9678 -0.2108
vn 0.2495 0.9440 -0.2159
vn 0.1053 -0.8829 -0.4577
vn 0.2770 -0.9348 -0.2223
vn 0.4353 -0.8760 -0.2077
vn 0.2703 -0.8560 -0.4406
vn 0.1712 -0.8991 -0.4029
vn 0.5948 -0.7095 -0.3780
vn 0.3570 -0.9306 0.0804
vn 0.4894 -0.8700 0.0594
vn 0.3815 -0.9022 -0.2015
vn 0.1562 -0.9770 0.1454
vn 0.1223 -0.9917 0.0391
vn 0.1619 -0.9603 0.2273
vn 0.1058 -0.9750 0.1954
vn 0.4318 -0.8230 -0.3691
vn 0.5642 -0.8169 -0.1195
vn 0.8319 -0.4920 -0.2567
vn 0.4577 0.8657 -0.2026
vn 0.4737 0.8768 -0.0831
vn 0.2320 0.9721 -0.0357
vn 0.8993 0.4130 -0.1437
vn 0.8405 0.5269 -0.1259
vn 0.9905 -0.0444 -0.1305
vn 0.9646 -0.1112 -0.2390
vn 0.8954 -0.3937 -0.2081
vn 0.8519 -0.4393 -0.2850
vn 0.7953 -0.4803 -0.3699
vn 0.8997 -0.3328 -0.2824
vn 0.8638 -0.3408 -0.3712
vn 0.8464 -0.3553 -0.3967
vn 0.1115 -0.6242 -0.7732
vn 0.0473 -0.6241 -0.7799
vn -0.1218 -0.9912 -0.0527
vn -0.3060 -0.9444 -0.1204
vn 0.1985 0.2783 -0.9398
vn 0.0896 -0.0180 -0.9958
vn 0.3670 0.4630 -0.8068
vn 0.3497 0.5488 -0.7593
vn 0.1350 0.5151 -0.8464
vn 0.6673 0.7409 0.0766
vn 0.6800 0.7306 -0.0620
vn 0.3259 0.8802 0.3451
vn 0.3739 0.8320 0.4099
vn 0.0977 0.8873 0.4507
vn 0.1077 0.9400 0.3237
vn 0.5956 0.8029 0.0237
vn 0.8847 -0.0943 -0.4565
vn 0.8598 0.4341 -0.2688
vn 0.8137 -0.3722 -0.4466
vn 0.1316 -0.8373 -0.5307
vn 0.7864 0.5483 0.2845
vn 0.5947 0.5297 0.6048
vn 0.3337 -0.8272 0.4520
vn 0.3643 -0.7882 0.4960
vn 0.1956 -0.9660 0.1689
vn 0.6706 0.6316 0.3890
vn 0.8885 0.3871 0.2463
vn 0.4812 0.2938 0.8259
vn 0.1629 0.4899 0.8565
vn 0.1652 -0.9572 -0.2376
vn 0.1725 -0.8479 -0.5014
vn 0.9229 0.3851 -0.0010
vn 0.9897 0.1329 -0.0525
vn 0.9132 -0.2499 -0.3220
vn 0.9191 -0.0625 -0.3890
vn 0.9203 0.3228 -0.2209
vn 0.9662 0.2326 -0.1114
vn 0.9812 0.0531 -0.1857
vn 0.9953 0.0573 -0.0785
vn 0.6834 -0.6321 -0.3653
vn 0.8762 -0.3834 -0.2919
vn 0.9551 -0.1440 -0.2590
vn 0.7246 -0.5119 -0.4614
vn 0.1635 -0.7056 -0.6895
vn 0.5616 -0.5967 -0.5732
vn 0.4754 -0.6130 -0.6310
vn 0.8014 0.5932 0.0765
vn 0.7345 0.6621 0.1490
vn 0.9648 0.2402 -0.1075
vn 0.4609 0.8452 0.2705
vn 0.5673 0.8211 0.0639
vn 0.0912 0.9858 0.1409
vn 0.0346 0.9338 0.3561
vn 0.6667 0.7193 0.1955
vn 0.9772 -0.0042 -0.2123
vn 0.9658 -0.1770 -0.1895
vn 0.8630 -0.3886 -0.3227
vn 0.6659 -0.5568 -0.4966
vn 0.3662 0.8902 0.2711
vn 0.0106 0.9525 0.3044
vn 0.7155 -0.6891 -0.1150
vn 0.9667 -0.1177 0.2273
vn 0.7394 0.4559 0.4954
vn 0.7512 0.5964 0.2829
vn 0.8482 -0.1629 0.5040
vn 0.8588 -0.0248 0.5118
vn 0.8535 -0.0334 0.5200
vn 0.8443 -0.0823 0.5295
vn 0.7912 -0.0309 0.6108
vn 0.7383 -0.2255 0.6357
vn 0.7767 -0.3517 0.5225
vn 0.5151 -0.4777 0.7117
vn 0.7390 -0.4708 0.4819
vn 0.5516 -0.3104 0.7742
vn 0.3747 -0.6206 0.6888
vn 0.3453 -0.5362 0.7702
vn 0.5409 -0.5399 0.6450
vn 0.3832 -0.6197 0.6850
vn 0.3420 -0.7754 0.5308
vn 0.3360 -0.7590 0.5578
vn 0.9572 0.2004 0.2088
vn 0.9142 -0.0211 0.4047
vn 0.9079 0.4184 -0.0275
vn 0.5995 0.6522 -0.4639
vn 0.2325 0.8005 -0.5523
vn 0.9190 -0.0772 0.3867
vn 0.9186 -0.1409 0.3692
vn 0.7597 -0.3839 0.5248
vn 0.9622 -0.0497 0.2679
vn 0.9823 -0.1551 -0.1048
vn 0.9557 -0.1860 0.2282
vn 0.9342 0.0336 0.3551
vn 0.9984 -0.0365 -0.0442
vn 0.9395 -0.1824 -0.2898
vn 0.9625 0.0016 -0.2712
vn 0.9214 -0.2339 -0.3105
vn 0.5090 -0.7237 0.4661
vn 0.9938 0.0866 -0.0696
vn 0.6682 -0.7338 -0.1229
vn 0.8021 -0.5934 -0.0668
vn 0.3700 -0.6525 0.6613
vn 0.6946 -0.7100 0.1162
vn 0.5806 0.5004 -0.6423
vn 0.4463 0.5330 -0.7189
vn 0.3429 0.3243 -0.8816
vn 0.1802 -0.0716 -0.9810
vn -0.0718 -0.5328 -0.8432
vn -0.0436 -0.9986 -0.0308
vn 0.5018 -0.8155 0.2884
vn 0.7820 -0.5220 -0.3405
vn 0.3954 0.8708 0.2923
vn -0.4590 -0.7969 -0.3927
vn -0.1556 -0.2169 0.9637
vn 0.2689 -0.9567 -0.1113
vn -0.0514 -0.3219 0.9454
vn -0.0494 -0.1211 0.9914
vn 0.0248 0.0595 0.9979
vn 0.0359 -0.6445 0.7637
vn 0.0305 -0.6261 0.7792
vn 0.0494 -0.6171 0.7853
vn 0.0681 -0.6242 0.7783
vn 0.0286 -0.5596 0.8283
vn 0.1153 -0.6259 0.7714
vn 0.6450 -0.2632 -0.7175
vn 0.8397 0.5323 0.1075
vn 0.7908 0.4010 0.4624
vn 0.9888 -0.1481 0.0192
vn 0.4257 0.8444 0.3253
vn 0.8694 0.1471 -0.4718
vn 0.5962 0.7213 0.3526
vn 0.9792 0.0066 -0.2026
vn 0.5841 0.7306 0.3537
vn 0.7758 0.3777 0.5054
vn 0.8132 0.3347 0.4760
vn 0.6156 -0.3126 -0.7234
vn 0.6805 -0.5499 -0.4842
vn 0.3294 0.8915 0.3109
vn 0.7447 -0.6241 -0.2364
vn 0.9337 -0.3550 0.0468
vn -0.2064 0.9784 0.0081
vn -0.4475 0.8338 0.3233
vn 0.0562 0.9824 -0.1782
vn -0.4583 0.7852 0.4165
vn -0.3933 0.8638 0.3149
vn -0.0255 0.9547 -0.2964
vn -0.2853 0.9287 -0.2369
vn -0.0419 0.6803 0.7317
vn -0.1035 0.6899 0.7165
vn 0.0590 0.6769 0.7337
vn -0.2633 0.7677 0.5843
vn -0.3777 0.9235 -0.0676
vn -0.2613 -0.7952 0.5472
vn 0.2803 -0.7851 0.5524
vn 0.2881 -0.7025 0.6508
vn -0.3714 -0.7035 0.6059
vn -0.8812 -0.3624 0.3035
vn -0.7585 -0.4857 0.4346
vn -0.9700 0.0203 0.2423
vn -0.9854 0.0672 0.1564
vn -0.9682 0.2438 0.0554
vn -0.8281 0.4886 -0.2748
vn 0.1735 -0.6390 -0.7494
vn -0.6510 0.6241 -0.4321
vn -0.7837 0.4798 -0.3945
vn -0.9319 -0.3266 -0.1578
vn -0.7443 -0.6538 -0.1363
vn 0.2205 0.5807 -0.7837
vn 0.3439 0.2474 -0.9058
vn 0.3156 0.3168 -0.8945
vn 0.3078 0.5036 -0.8072
vn 0.7316 -0.6223 0.2782
vn -0.5510 -0.5886 -0.5916
vn -0.8979 0.0158 -0.4398
vn -0.2844 -0.3091 0.9075
vn 0.4642 0.5912 -0.6595
vn 0.6973 -0.2471 0.6729
vn 0.9614 0.1837 0.2046
vn 0.9387 0.1712 0.2991
vn 0.7585 -0.5732 0.3099
vn 0.9925 -0.1126 -0.0478
vn 0.9929 -0.0817 0.0870
vn 0.7512 -0.4398 0.4922
vn -0.2197 -0.2346 0.9469
vn -0.0229 0.1193 0.9926
vn -0.2626 -0.0933 0.9604
vn -0.5645 -0.4983 0.6580
vn -0.7093 -0.4908 0.5060
vn -0.5914 -0.7998 0.1023
vn -0.6750 -0.7313 -0.0980
vn -0.3998 -0.7604 -0.5119
vn 0.0981 0.8557 -0.5081
vn 0.0639 0.7018 -0.7095
vn 0.3602 0.6306 -0.6874
vn 0.6304 0.3031 -0.7147
vn 0.1871 0.8900 -0.4159
vn 0.1187 0.8470 -0.5182
vn 0.2773 0.4290 0.8597
vn 0.6488 0.6713 0.3584
vn 0.7878 0.5636 -0.2485
vn 0.6202 0.1602 -0.7679
vn -0.2939 0.7880 -0.5410
vn -0.0399 -0.6287 -0.7766
vn 0.6737 -0.0042 -0.7390
vn 0.6238 0.0596 -0.7793
vn 0.7772 0.4157 -0.4724
vn 0.7710 0.4578 -0.4426
vn 0.5626 0.2372 -0.7920
vn 0.7602 0.2166 -0.6126
vn 0.7156 0.5750 0.3966
vn 0.8601 0.3294 0.3896
vn 0.9023 0.4304 0.0249
vn 0.8111 0.5585 -0.1738
vn 0.3216 0.3543 0.8781
vn -0.8494 0.3529 -0.3924
vn -0.9800 -0.1773 0.0910
vn -0.7377 -0.6088 0.2919
vn -0.6687 -0.6306 0.3940
vn 0.7418 -0.6130 0.2720
vn 0.3875 0.3327 0.8597
vn 0.5692 0.6723 0.4732
vn -0.0009 -0.5684 -0.8228
vn -0.0220 -0.6689 -0.7431
vn 0.2232 0.9680 -0.1150
vn 0.7235 0.6516 -0.2281
vn 0.0282 -0.9665 -0.2552
vn 0.7925 0.3338 -0.5105
vn 0.3941 0.3944 0.8301
vn 0.5384 0.1422 0.8306
vn -0.0006 0.0899 0.9959
vn 0.0082 0.4525 0.8917
vn -0.2103 0.6123 0.7621
vn 0.3002 0.6075 0.7354
vn 0.9091 0.0578 -0.4126
vn 0.8483 0.4684 -0.2470
vn 0.4217 -0.7935 -0.4387
vn 0.3976 -0.8741 -0.2789
vn 0.1902 -0.9222 -0.3368
vn 0.0465 -0.9445 -0.3251
vn -0.5994 0.7014 0.3858
vn -0.7572 0.3986 0.5175
vn -0.9511 0.2877 0.1124
vn -0.9799 -0.1383 -0.1438
vn 0.1699 -0.8569 -0.4866
vn -0.9539 0.2720 0.1270
vn 0.6970 -0.6787 0.2314
vn -0.1618 0.9731 0.1641
vn -0.0735 0.9931 -0.0910
vn -0.5562 0.8266 -0.0863
vn 0.0294 0.9390 0.3427
vn 0.6915 0.5934 0.4121
vn -0.0764 -0.8453 -0.5288
vn -0.9406 0.2778 -0.1954
vn -0.9702 0.1065 0.2178
vn 0.9510 -0.2177 0.2194
vn -0.4250 0.8764 -0.2266
vn 0.3406 -0.4498 0.8256
vn -0.8931 0.4218 -0.1560
vn 0.9762 0.0861 0.1989
vn -0.5478 -0.6365 -0.5430
vn -0.6728 0.5426 0.5030
vn 0.7590 -0.6499 -0.0403
vn 0.8851 0.0869 -0.4572
vn 0.7211 0.5431 -0.4302
vn 0.8508 0.0701 -0.5208
vn -0.2642 -0.9644 0.0128
vn 0.7604 -0.5632 -0.3235
vn -0.8397 -0.2565 0.4787
vn -0.4398 -0.8285 -0.3467
vn -0.7719 0.5304 0.3505
vn 0.9748 0.1594 -0.1560
vn 0.6457 0.7571 -0.0989
vn -0.4425 -0.7093 0.5487
vn 0.8742 -0.4808 0.0685
vn 0.5367 -0.5443 0.6447
vn 0.8458 0.5190 0.1236
vn -0.3336 0.8476 -0.4126
vn 0.6861 -0.6800 -0.2587
vn 0.3036 -0.8901 0.3399
vn 0.4884 0.6755 -0.5524
vn -0.8265 0.2586 -0.5000
vn -0.0865 0.2392 -0.9671
vn 0.4208 0.7931 0.4403
vn 0.2943 -0.8815 -0.3693
vn -0.9675 0.2526 0.0066
vn -0.4591 0.8820 -0.1057
vn -0.5548 0.8227 -0.1242
vn 0.9695 0.2002 0.1413
vn 0.8383 -0.5192 -0.1663
vn -0.9930 -0.1151 0.0264
vn 0.7837 -0.5580 -0.2729
vn -0.7907 0.6098 -0.0539
vn 0.8173 0.4692 0.3346
vn -0.5578 0.3440 0.7553
vn 0.9635 0.2662 0.0276
vn 0.9083 -0.3444 -0.2375
vn 0.9407 -0.1938 -0.2784
vn 0.8828 0.2948 0.3656
vn -0.2511 -0.9644 0.0833
vn -0.2054 -0.4518 0.8681
vn 0.5888 0.7828 -0.2016
vn -0.3898 0.8095 -0.4391
vn -0.3426 0.9385 0.0433
vn -0.5595 0.3199 -0.7646
vn 0.3192 0.5765 0.7522
vn 0.8590 -0.5041 -0.0894
vn 0.3167 -0.7928 -0.5208
vn 0.0616 -0.8081 -0.5858
vn 0.7716 -0.0625 0.6331
vn -0.3173 -0.2393 -0.9177
vn -0.5661 0.7658 0.3051
vn -0.7260 0.4539 0.5166
vn -0.3603 -0.6731 -0.6458
vn -0.3513 -0.1168 -0.9290
vn 0.9803 0.1923 -0.0440
vn -0.9179 -0.0466 0.3940
vn -0.6360 -0.5465 0.5448
vn 0.7666 0.6420 -0.0170
vn -0.9981 -0.0580 -0.0186
vn 0.8772 0.2403 0.4156
vn 0.9952 0.0895 0.0393
vn 0.8732 0.2997 -0.3843
vn 0.3393 0.5966 -0.7273
vn 0.3186 0.2705 -0.9085
vn -0.1379 0.2771 -0.9509
vn -0.4941 0.4769 -0.7270
vn -0.4479 0.4345 0.7814
vn -0.7309 0.5713 -0.3733
vn -0.8000 0.0420 -0.5985
vn 0.6187 0.6588 0.4281
vn -0.8066 0.3278 0.4919
vn 0.2635 0.7490 0.6079
vn 0.0889 0.7418 0.6647
vn -0.1641 0.6739 0.7204
vn 0.0114 0.7681 0.6403
vn 0.9290 0.3585 0.0917
vn -0.1694 -0.9527 -0.2525
vn -0.1766 -0.9701 -0.1665
vn 0.6518 -0.3683 -0.6630
vn 0.7842 -0.0327 -0.6197
vn 0.2136 -0.1129 -0.9704
vn -0.1345 -0.1057 -0.9853
vn -0.4776 0.0255 -0.8782
vn -0.9950 -0.0354 0.0932
vn 0.9746 0.0597 -0.2161
vn 0.7102 0.1640 -0.6847
vn 0.1044 -0.7891 -0.6053
vn 0.1794 -0.6875 -0.7037
vn -0.9684 0.0923 0.2315
vn -0.2243 -0.6526 -0.7237
vn 0.2800 -0.5817 -0.7637
vn -0.9075 -0.2895 -0.3044
vn 0.6427 -0.1642 -0.7483
vn 0.4243 -0.3694 -0.8267
vn 0.1167 -0.3164 -0.9414
vn -0.5359 -0.0501 -0.8428
vn -0.2617 -0.2064 -0.9428
vn -0.6280 0.6288 -0.4586
vn -0.2121 0.7948 -0.5686
vn -0.8542 0.1740 -0.4899
vn 0.2798 -0.7247 -0.6297
vn -0.2337 -0.7669 -0.5977
vn -0.1640 -0.9129 -0.3739
vn 0.9301 -0.0017 0.3672
vn 0.7511 0.0232 0.6597
vn 0.9228 -0.0577 0.3810
vn -0.6276 0.6362 0.4487
vn -0.7066 0.4940 0.5067
vn -0.4182 0.1751 0.8913
vn -0.4451 0.7019 0.5561
vn -0.5232 -0.2002 0.8283
vn 0.1275 0.0352 0.9912
vn -0.4113 -0.1063 0.9053
vn 0.4225 -0.0263 0.9060
vn 0.6388 0.0202 0.7691
vn 0.8485 0.2731 0.4532
vn 0.9636 0.1910 0.1871
vn -0.0124 -0.0315 -0.9994
vn -0.0465 -0.2949 -0.9544
vn -0.1621 -0.6048 0.7797
vn -0.7475 0.1304 0.6514
vn -0.7525 -0.2968 0.5880
vn -0.7545 0.4470 0.4806
vn -0.9940 0.1009 0.0414
vn -0.9307 0.2982 0.2121
vn -0.8863 0.3437 0.3103
vn -0.6641 -0.6191 -0.4191
vn -0.9023 -0.3201 -0.2886
vn -0.0071 -0.1242 -0.9922
vn 0.9779 0.0667 0.1980
vn -0.0084 0.2226 0.9749
vn 0.5098 0.3139 0.8009
vn -0.9797 0.1992 0.0223
vn -0.8868 0.3482 0.3039
vn -0.3891 -0.7272 -0.5656
vn -0.7781 0.3933 0.4898
vn -0.2691 0.6394 0.7202
vn 0.2127 0.6684 0.7127
vn 0.4510 0.5896 -0.6701
vn 0.5138 0.5063 -0.6926
vn 0.7107 0.3362 -0.6180
vn 0.8554 0.2869 -0.4313
vn 0.9632 -0.2258 0.1458
vn 0.4978 -0.5503 0.6704
vn 0.8168 -0.2538 -0.5181
vn 0.8676 -0.0667 -0.4928
vn 0.9785 -0.0526 0.1993
vn 0.9950 -0.0173 0.0983
vn 0.5584 -0.0058 0.8295
vn 0.6057 0.2855 0.7427
vn 0.9514 0.0944 0.2931
vn 0.7886 -0.4589 -0.4092
vn 0.9893 0.0093 0.1454
vn 0.5578 0.5074 0.6568
vn 0.9480 -0.1292 0.2908
vn 0.4794 -0.2698 0.8351
vn -0.2756 0.5220 0.8072
vn 0.0263 0.9826 0.1841
vn -0.5251 -0.2698 0.8071
vn 0.3559 -0.6330 0.6875
vn -0.9130 -0.2503 0.3222
vn -0.0584 -0.6187 0.7834
vn -0.4010 -0.4623 0.7909
vn 0.7441 -0.5483 0.3815
vn 0.7460 0.6659 0.0071
vn -0.8168 -0.5367 -0.2118
vn 0.1951 0.9224 0.3335
vn 0.8094 0.5864 -0.0318
vn 0.9256 0.2107 -0.3145
vn 0.0581 -0.9572 0.2835
vn 0.8845 0.2686 0.3815
vn 0.0722 -0.5945 -0.8008
vn -0.0643 -0.8575 -0.5104
vn 0.6446 -0.4849 -0.5910
vn -0.4113 -0.7471 -0.5222
vn 0.8828 -0.1049 -0.4579
vn 0.6875 -0.5202 -0.5066
vn 0.4388 -0.8000 -0.4092
vn -0.6077 -0.7144 -0.3469
vn -0.2982 -0.9392 -0.1701
vn -0.2490 -0.9610 -0.1200
vn 0.0209 -0.5258 -0.8504
vn -0.2390 -0.6176 -0.7493
vn 0.1328 -0.6511 -0.7473
vn -0.2404 -0.7966 -0.5547
vn -0.5291 -0.6167 -0.5828
vn -0.0321 -0.9878 -0.1526
vn -0.0642 -0.9673 -0.2454
vn 0.5907 -0.7909 -0.1600
vn -0.3553 -0.9347 0.0120
vn -0.5117 -0.8205 -0.2549
vn 0.8366 0.2704 0.4765
vn 0.8955 0.3096 0.3198
vn 0.5718 0.1685 0.8029
vn 0.0342 -0.9993 0.0134
vn -0.1358 -0.9845 -0.1114
vn -0.2326 -0.9430 -0.2378
vn -0.5846 -0.6487 0.4872
vn -0.7982 -0.3637 0.4802
vn -0.6577 -0.5137 0.5509
vn 0.0148 -0.5289 -0.8486
vn 0.1487 -0.7096 -0.6887
vn 0.5917 0.1242 -0.7966
vn 0.4582 -0.1369 -0.8782
vn 0.2566 0.0555 -0.9649
vn 0.1802 -0.8507 -0.4939
vn 0.6138 0.4415 0.6545
vn 0.2312 -0.3964 -0.8885
vn 0.0661 -0.0731 -0.9951
vn 0.0715 0.9938 0.0851
vn 0.1094 0.9817 -0.1558
vn 0.0648 0.9151 0.3979
vn 0.3975 0.8534 0.3373
vn 0.7091 0.6594 0.2499
vn 0.7435 0.5429 0.3905
vn 0.9082 0.3122 0.2787
vn 0.9020 0.4000 0.1627
vn 0.8608 0.5088 0.0103
vn 0.7283 0.6642 -0.1687
vn 0.9905 0.1012 0.0934
vn 0.9660 0.2177 -0.1392
vn 0.8628 0.3492 -0.3656
vn 0.5882 0.4940 -0.6403
vn 0.8212 -0.0061 -0.5707
vn 0.9309 -0.1208 -0.3447
vn 0.6221 -0.3419 -0.7043
vn 0.7163 -0.4606 -0.5242
vn 0.4175 -0.7480 -0.5159
vn 0.3494 -0.5981 -0.7212
vn 0.7524 -0.5546 -0.3555
vn -0.0128 -0.9212 -0.3888
vn -0.2680 -0.8900 -0.3690
vn -0.5289 -0.8275 -0.1883
vn -0.5846 -0.7405 -0.3314
vn -0.5757 -0.5926 -0.5634
vn -0.4204 -0.4093 -0.8098
vn -0.8695 -0.4370 -0.2304
vn -0.8316 -0.2201 -0.5099
vn -0.1730 -0.2311 -0.9574
vn -0.8594 0.4835 0.1662
vn -0.7845 0.6161 -0.0708
vn -0.9354 0.3317 0.1225
vn -0.9995 -0.0008 -0.0313
vn -0.8447 0.3482 0.4066
vn -0.2200 0.6453 0.7316
vn -0.6700 0.3936 0.6295
vn 0.2812 0.5630 0.7772
vn -0.1678 0.6546 0.7371
vn 0.6948 0.4307 0.5760
vn 0.8809 0.2518 0.4009
vn 0.8279 0.1981 0.5247
vn 0.9690 0.0134 0.2468
vn 0.9169 -0.0738 0.3923
vn 0.9723 -0.2329 -0.0179
vn 0.9517 -0.2876 0.1073
vn 0.9657 -0.1907 -0.1763
vn 0.6930 -0.7162 0.0826
vn 0.4038 -0.9118 -0.0742
vn -0.2198 -0.9528 0.2093
vn -0.3629 -0.9281 0.0834
vn -0.5551 -0.7644 0.3280
vn -0.4562 -0.8878 -0.0607
vn -0.6412 -0.7621 0.0895
vn -0.7818 -0.6148 -0.1042
vn -0.6842 -0.4495 0.5743
vn -0.9118 -0.2613 0.3167
vn -0.9882 -0.1087 0.1076
vn -0.8149 0.2779 0.5086
vn -0.8878 0.2997 0.3492
vn -0.8102 0.3189 0.4919
vn -0.5877 0.5051 0.6321
vn -0.5630 0.4799 0.6728
vn -0.1591 0.7400 0.6536
vn -0.5952 0.1027 0.7970
vn -0.2109 -0.4679 0.8583
vn 0.2515 -0.6938 0.6749
vn 0.8897 -0.3701 0.2673
vn -0.0078 -0.6567 -0.7541
vn -0.0007 -0.2878 -0.9577
vn 0.0014 0.1764 -0.9843
vn 0.0014 0.6456 -0.7637
vn 0.4013 0.6196 0.6746
vn 0.4668 0.6107 0.6396
vn -0.0097 0.9984 0.0551
vn 0.1896 0.6187 0.7624
vn -0.2510 0.5352 0.8066
vn -0.7561 -0.4698 -0.4557
vn -0.9334 -0.2216 -0.2822
vn -0.7209 0.5020 0.4779
vn -0.1751 0.6932 0.6992
vn 0.6118 0.5600 0.5587
vn 0.7852 0.4472 0.4283
vn 0.7598 0.4231 0.4937
vn 0.6074 0.4606 0.6472
vn 0.6074 0.4746 0.6371
vn 0.3423 -0.2745 -0.8986
vn 0.4291 0.1214 -0.8951
vn 0.9279 -0.0266 0.3719
vn 0.0565 0.6927 0.7190
vn -0.6268 0.5540 0.5479
vn -0.7918 0.4348 0.4290
vn -0.7880 0.6025 -0.1268
vn -0.7917 0.4564 0.4062
vn -0.4923 0.8471 0.2001
vn -0.4709 0.8817 -0.0295
vn -0.4547 -0.5684 -0.6857
vn -0.0085 -0.9678 0.2518
vn -0.4644 -0.8707 -0.1617
vn -0.3632 -0.8772 -0.3140
vn 0.7937 0.4531 0.4058
vn 0.9798 -0.0257 0.1985
vn -0.0004 0.9893 0.1461
vn 0.3998 -0.8975 -0.1861
vn -0.0298 0.9849 0.1707
vn -0.0479 0.9393 0.3397
vn -0.5565 0.8141 0.1658
vn -0.5615 0.8235 0.0806
vn -0.5158 0.7765 0.3620
vn -0.6457 0.3882 0.6575
vn -0.5217 0.5009 0.6906
vn 0.0381 0.6341 0.7723
vn 0.0001 0.6247 0.7808
vn -0.5274 0.5586 0.6402
vn 0.0005 0.7096 0.7046
vn -0.6101 0.5818 0.5379
vn -0.5770 -0.7610 -0.2965
vn 0.0093 -0.9023 -0.4310
vn 0.0025 -0.7817 -0.6237
vn -0.5367 -0.6830 -0.4955
vn -0.0137 -0.8066 -0.5910
vn -0.5565 -0.6415 -0.5280
vn 0.0019 -0.8307 -0.5568
vn -0.7037 -0.5235 -0.4803
vn -0.7141 -0.5237 -0.4646
vn -0.0006 -0.8143 -0.5805
vn -0.6569 -0.6723 -0.3412
vn -0.0000 -0.8914 -0.4532
vn -0.9547 0.2745 -0.1150
vn -0.9601 0.2587 -0.1066
vn -0.9555 -0.2348 -0.1785
vn -0.9634 -0.0702 -0.2587
vn -0.8972 0.2305 0.3768
vn -0.9971 -0.0748 0.0144
vn -0.9037 0.2811 0.3229
vn -0.9497 -0.2066 -0.2354
vn -0.9417 0.1987 0.2717
vn -0.9595 -0.2495 -0.1311
vn -0.9171 -0.3979 0.0223
vn 0.6009 0.7689 0.2183
vn 0.5411 0.7646 0.3501
vn 0.5384 0.5627 0.6273
vn 0.5283 0.5581 0.6399
vn 0.6411 0.6979 0.3192
vn 0.6415 0.6573 0.3955
vn 0.7375 -0.6637 -0.1247
vn 0.5408 -0.6793 -0.4961
vn 0.5616 -0.6390 -0.5256
vn 0.6968 -0.6088 -0.3792
vn 0.6379 -0.6881 -0.3459
vn 0.6726 -0.5744 -0.4666
vn 0.6648 -0.5486 -0.5070
vn 0.6352 -0.6605 -0.4003
vn 0.9361 -0.2318 -0.2644
vn 0.9606 0.2702 0.0656
vn 0.9726 0.2280 0.0463
vn 0.9696 -0.1239 -0.2111
vn 0.9573 -0.1761 -0.2294
vn 0.9926 -0.1123 0.0454
vn 0.9324 0.2281 0.2805
vn 0.9914 -0.1304 -0.0090
vn 0.9323 0.2758 0.2340
vn 0.9612 -0.1354 -0.2404
vn 0.9574 -0.2540 -0.1377
vn -0.5093 -0.8163 -0.2725
vn 0.3895 -0.8494 0.3562
vn 0.4488 -0.5868 -0.6740
vn -0.3466 -0.0667 -0.9356
vn 0.0598 0.4288 -0.9014
vn -0.9387 0.2453 0.2423
vn -0.2405 0.0454 0.9696
vn -0.2735 0.9498 -0.1519
vn -0.2740 -0.6331 0.7239
vn -0.0942 -0.9380 -0.3336
vn -0.9784 -0.1375 -0.1545
vn -0.9024 -0.1849 0.3893
vn -0.6553 -0.3130 0.6875
vn -0.5424 -0.1267 0.8305
vn -0.4556 0.8853 0.0931
vn -0.1855 0.8803 -0.4366
vn 0.6887 0.6498 -0.3216
vn 0.7317 0.2180 -0.6459
vn 0.0112 0.9055 0.4243
vn 0.2952 0.9046 -0.3075
vn 0.7056 0.2898 0.6467
vn -0.9578 -0.2269 0.1763
vn 0.0544 0.9983 -0.0190
vn -0.8013 0.5955 0.0569
vn 0.5247 -0.7337 0.4317
vn 0.8018 -0.5975 -0.0144
vn 0.8959 -0.3176 0.3105
vn 0.2853 -0.9573 0.0478
vn -0.5526 -0.6529 -0.5180
vn -0.8187 -0.5675 -0.0873
vn -0.6610 0.5836 0.4718
vn -0.6176 -0.2407 -0.7488
vn -0.3127 0.3828 0.8693
vn -0.0150 0.2928 0.9560
vn 0.2745 0.6604 0.6990
vn -0.8975 0.1886 0.3988
vn 0.8808 0.2681 0.3902
vn 0.7995 -0.2249 0.5570
vn -0.2148 -0.1934 -0.9573
vn 0.5255 -0.7374 -0.4244
vn -0.7472 -0.6629 -0.0479
vn 0.3563 -0.7067 0.6112
vn -0.9227 -0.2522 0.2918
vn -0.8243 0.4271 -0.3716
vn 0.4403 0.8790 -0.1830
vn 0.6069 0.3144 -0.7299
vn 0.8420 -0.5167 0.1548
vn -0.1473 0.5111 0.8468
vn 0.3409 -0.1649 0.9255
vn -0.1848 -0.6674 -0.7214
vn -0.2983 -0.9505 -0.0866
vn 0.8660 -0.3557 0.3514
vn 0.6927 -0.4482 -0.5651
vn 0.6845 0.6319 0.3637
vn 0.3044 0.0342 0.9519
vn -0.2005 -0.1127 -0.9732
vn -0.3241 -0.6942 0.6427
vn 0.2900 0.3503 0.8906
vn -0.4194 -0.3389 0.8422
vn -0.1145 -0.9897 0.0856
vn 0.4193 -0.5119 0.7498
vn 0.1175 -0.0851 0.9894
vn 0.8685 0.0312 0.4947
vn 0.7821 0.1467 0.6057
vn -0.3913 -0.1908 0.9003
vn -0.4883 0.3122 0.8149
vn 0.8127 0.2074 0.5445
vn 0.6137 -0.1401 0.7770
vn -0.2358 -0.9592 0.1562
vn -0.6819 -0.7171 0.1440
vn 0.1731 0.4194 0.8911
vn -0.1937 0.4599 0.8666
vn -0.2155 0.3976 0.8919
vn 0.3722 -0.0233 -0.9279
vn 0.1731 -0.0927 -0.9805
vn 0.9951 -0.0913 -0.0384
vn -0.3629 0.9172 0.1644
vn -0.4660 0.8835 -0.0465
vn 0.3269 -0.9449 -0.0157
vn -0.0404 -0.9917 -0.1217
vn 0.5019 -0.8337 0.2301
vn -0.1751 0.8958 0.4085
vn -0.3203 0.7892 0.5239
vn -0.6221 0.3365 -0.7070
vn -0.4464 0.7198 -0.5317
vn 0.7169 0.0852 -0.6919
vn 0.5424 -0.0661 -0.8375
vn -0.1724 0.7626 -0.6235
vn 0.8572 -0.0391 -0.5135
vn 0.6600 -0.1826 -0.7288
vn 0.4197 -0.3547 -0.8355
vn 0.2296 -0.4024 -0.8862
vn -0.0333 -0.1361 -0.9901
vn -0.2959 -0.1538 -0.9428
vn -0.4688 0.8307 -0.3005
vn -0.1574 0.9453 -0.2858
vn 0.1624 0.8741 -0.4577
vn 0.1354 0.7526 -0.6444
vn 0.4245 0.7010 -0.5731
vn 0.6091 0.4548 -0.6497
vn 0.4987 -0.5702 -0.6528
vn 0.2549 -0.6584 -0.7082
vn 0.0735 -0.7282 -0.6814
vn -0.1287 -0.7404 -0.6598
vn -1.0000 0.0063 -0.0049
vn -0.6892 0.5103 0.5144
vn -0.4826 0.5724 0.6629
vn 0.0621 0.9504 0.3049
vn -0.0661 0.9966 0.0500
vn 0.2362 0.9516 -0.1967
vn 0.5082 0.8077 -0.2990
vn 0.7796 0.6219 0.0742
vn -0.9211 0.1799 0.3454
vn 0.7970 -0.3002 0.5241
vn 0.9422 0.1430 0.3031
vn 0.9001 0.2375 0.3652
vn 0.9355 0.1768 0.3058
vn 0.3643 -0.4165 0.8329
vn -0.4908 0.2720 0.8277
vn -0.7815 -0.2786 0.5583
vn -0.7593 -0.4519 0.4682
vn 0.9344 0.3351 0.1210
vn 0.9221 -0.2151 0.3218
vn 0.9049 0.2851 0.3160
vt 0.837236 0.156920
vt 0.834594 0.151932
vt 0.837318 0.153089
vt 0.835490 0.142654
vt 0.834648 0.140326
vt 0.837469 0.139716
vt 0.825620 0.152349
vt 0.812490 0.157762
vt 0.831063 0.143411
vt 0.799557 0.176554
vt 0.782485 0.186186
vt 0.804187 0.164329
vt 0.508911 0.426006
vt 0.516383 0.424808
vt 0.501078 0.435553
vt 0.489243 0.479846
vt 0.513943 0.487031
vt 0.488309 0.494908
vt 0.783382 0.192570
vt 0.803919 0.184558
vt 0.785688 0.200718
vt 0.748326 0.175670
vt 0.741724 0.167462
vt 0.746134 0.159196
vt 0.737575 0.109886
vt 0.728047 0.110373
vt 0.736998 0.103066
vt 0.774246 0.195315
vt 0.772666 0.199786
vt 0.795067 0.199920
vt 0.806511 0.191122
vt 0.462957 0.480015
vt 0.461028 0.490059
vt 0.485406 0.448094
vt 0.472407 0.467758
vt 0.463638 0.469521
vt 0.506562 0.402252
vt 0.500706 0.422973
vt 0.444738 0.343157
vt 0.458274 0.338816
vt 0.461102 0.347762
vt 0.807532 0.167536
vt 0.953139 0.758756
vt 0.949439 0.759097
vt 0.947778 0.752113
vt 0.944968 0.753314
vt 0.945209 0.748297
vt 0.948257 0.745698
vt 0.952175 0.743292
vt 0.950759 0.751395
vt 0.957221 0.025827
vt 0.953937 0.020551
vt 0.958559 0.017719
vt 0.946476 0.743039
vt 0.942613 0.746441
vt 0.941391 0.742866
vt 0.954738 0.009309
vt 0.959323 0.001946
vt 0.956178 0.011500
vt 0.951375 0.736992
vt 0.960603 0.000847
vt 0.942977 0.759840
vt 0.942775 0.750077
vt 0.962377 0.067412
vt 0.955332 0.061555
vt 0.958708 0.054128
vt 0.946029 0.781425
vt 0.949200 0.780940
vt 0.949157 0.788488
vt 0.000587 0.728580
vt 0.015390 0.728681
vt 0.016256 0.740568
vt 0.309485 0.035625
vt 0.336218 0.034238
vt 0.311802 0.047832
vt 0.033727 0.321044
vt 0.052353 0.332507
vt 0.047642 0.341257
vt 0.514389 0.096389
vt 0.513093 0.125002
vt 0.502463 0.093286
vt 0.397363 0.071305
vt 0.418013 0.064409
vt 0.421840 0.075051
vt 0.273835 0.415303
vt 0.273921 0.428587
vt 0.256040 0.415478
vt 0.222836 0.143073
vt 0.220644 0.157544
vt 0.189299 0.138530
vt 0.267142 0.371489
vt 0.272931 0.401973
vt 0.256374 0.403932
vt 0.305580 0.583890
vt 0.305747 0.595903
vt 0.292885 0.597712
vt 0.477178 0.060864
vt 0.470876 0.049500
vt 0.484000 0.047947
vt 0.688781 0.917709
vt 0.720099 0.906975
vt 0.720307 0.920688
vt 0.743883 0.919503
vt 0.740730 0.903748
vt 0.720806 0.903178
vt 0.807444 0.654363
vt 0.807462 0.646838
vt 0.815075 0.642456
vt 0.316448 0.399745
vt 0.306923 0.386997
vt 0.322979 0.386202
vt 0.363235 0.414285
vt 0.321057 0.428496
vt 0.316288 0.414727
vt 0.420044 0.407611
vt 0.395990 0.401186
vt 0.424408 0.398901
vt 0.022821 0.381469
vt 0.041176 0.354008
vt 0.049721 0.379956
vt 0.522738 0.479520
vt 0.534957 0.491615
vt 0.521363 0.494456
vt 0.064744 0.766781
vt 0.053415 0.771207
vt 0.047025 0.759224
vt 0.119997 0.850066
vt 0.118686 0.867523
vt 0.100256 0.851879
vt 0.001007 0.130057
vt 0.030287 0.119080
vt 0.031221 0.130965
vt 0.746595 0.927340
vt 0.793493 0.678084
vt 0.782718 0.691877
vt 0.776030 0.678603
vt 0.179341 0.075870
vt 0.163630 0.096643
vt 0.160663 0.071167
vt 0.173837 0.405404
vt 0.140065 0.400620
vt 0.166297 0.394331
vt 0.005246 0.773181
vt 0.025188 0.772425
vt 0.032086 0.789044
vt 0.781273 0.275247
vt 0.791684 0.271779
vt 0.790096 0.278179
vt 0.838767 0.290674
vt 0.842829 0.282069
vt 0.854226 0.280966
vt 0.721211 0.254575
vt 0.735740 0.248245
vt 0.744109 0.255548
vt 0.813928 0.273636
vt 0.808003 0.263578
vt 0.825502 0.273298
vt 0.762039 0.247461
vt 0.783208 0.244424
vt 0.783585 0.251809
vt 0.811681 0.260098
vt 0.798190 0.257050
vt 0.799596 0.253179
vt 0.795906 0.260417
vt 0.796470 0.258634
vt 0.252080 0.374990
vt 0.253163 0.390017
vt 0.098137 0.817669
vt 0.104045 0.830249
vt 0.083159 0.820350
vt 0.488085 0.375411
vt 0.478811 0.373436
vt 0.478744 0.365310
vt 0.802721 0.198771
vt 0.842998 0.151318
vt 0.367862 0.303385
vt 0.371975 0.302286
vt 0.371841 0.306001
vt 0.626974 0.748400
vt 0.629928 0.751484
vt 0.628425 0.752862
vt 0.626799 0.751832
vt 0.624924 0.746911
vt 0.629695 0.746925
vt 0.629727 0.743505
vt 0.634785 0.744830
vt 0.516617 0.361987
vt 0.521651 0.354612
vt 0.521794 0.363155
vt 0.595522 0.359517
vt 0.601330 0.355786
vt 0.596711 0.363073
vt 0.538219 0.367908
vt 0.540943 0.380265
vt 0.528734 0.368597
vt 0.608122 0.352161
vt 0.600093 0.366436
vt 0.536881 0.361297
vt 0.570983 0.362396
vt 0.554487 0.364092
vt 0.577536 0.352290
vt 0.553985 0.370848
vt 0.593469 0.357499
vt 0.603318 0.349428
vt 0.582869 0.371324
vt 0.572615 0.380569
vt 0.572676 0.374054
vt 0.529275 0.355051
vt 0.532860 0.343299
vt 0.514213 0.351030
vt 0.519929 0.344849
vt 0.567760 0.350919
vt 0.578849 0.343476
vt 0.588368 0.347876
vt 0.598007 0.339376
vt 0.589992 0.331522
vt 0.603057 0.332056
vt 0.409958 0.772101
vt 0.419072 0.769327
vt 0.411457 0.786603
vt 0.474748 0.842495
vt 0.495092 0.842619
vt 0.471982 0.849643
vt 0.512344 0.843605
vt 0.513443 0.836313
vt 0.903302 0.269880
vt 0.896111 0.257840
vt 0.911061 0.259533
vt 0.417407 0.914923
vt 0.406276 0.904549
vt 0.422644 0.904534
vt 0.499099 0.692853
vt 0.483920 0.680448
vt 0.502980 0.682377
vt 0.464029 0.673770
vt 0.460082 0.683067
vt 0.453132 0.252090
vt 0.470910 0.266292
vt 0.446876 0.265508
vt 0.463537 0.031377
vt 0.456427 0.049797
vt 0.458309 0.153269
vt 0.433633 0.170120
vt 0.431465 0.148303
vt 0.426667 0.180281
vt 0.442051 0.182832
vt 0.530890 0.828399
vt 0.385898 0.085982
vt 0.377899 0.082291
vt 0.386080 0.078023
vt 0.394666 0.062704
vt 0.496062 0.732057
vt 0.513952 0.745509
vt 0.489054 0.742753
vt 0.252571 0.322437
vt 0.267661 0.315946
vt 0.248777 0.339391
vt 0.487367 0.025257
vt 0.477894 0.007773
vt 0.513429 0.021198
vt 0.497687 0.703916
vt 0.523560 0.698988
vt 0.454012 0.125447
vt 0.443605 0.086655
vt 0.462730 0.089050
vt 0.344579 0.955586
vt 0.347971 0.952389
vt 0.351740 0.960280
vt 0.960439 0.104383
vt 0.956322 0.105754
vt 0.962923 0.093727
vt 0.966316 0.093550
vt 0.959712 0.089511
vt 0.964250 0.089343
vt 0.353781 0.964763
vt 0.352288 0.965350
vt 0.353103 0.959006
vt 0.953655 0.089808
vt 0.952637 0.088422
vt 0.957547 0.087171
vt 0.957338 0.079589
vt 0.960691 0.075359
vt 0.959449 0.080716
vt 0.355069 0.974203
vt 0.355834 0.979366
vt 0.355240 0.979498
vt 0.355375 0.965426
vt 0.356623 0.965949
vt 0.356591 0.951557
vt 0.359187 0.953761
vt 0.357227 0.957572
vt 0.954086 0.105606
vt 0.950618 0.103399
vt 0.949441 0.122532
vt 0.949121 0.130777
vt 0.943674 0.127799
vt 0.347729 0.929388
vt 0.349655 0.938243
vt 0.344842 0.935213
vt 0.358736 0.924874
vt 0.359104 0.935172
vt 0.355885 0.934169
vt 0.345028 0.940092
vt 0.358941 0.939324
vt 0.958271 0.123367
vt 0.958643 0.120022
vt 0.962047 0.123142
vt 0.330018 0.951212
vt 0.334079 0.948784
vt 0.336000 0.960158
vt 0.331671 0.958674
vt 0.331811 0.965334
vt 0.483770 0.956554
vt 0.485660 0.955029
vt 0.486294 0.957989
vt 0.321135 0.952516
vt 0.323890 0.951313
vt 0.321155 0.963023
vt 0.317993 0.964769
vt 0.322107 0.968363
vt 0.325225 0.966349
vt 0.484791 0.961733
vt 0.482016 0.948421
vt 0.332255 0.968373
vt 0.328033 0.969802
vt 0.486094 0.963636
vt 0.330025 0.975897
vt 0.327433 0.981265
vt 0.328249 0.976373
vt 0.488388 0.962979
vt 0.486233 0.970314
vt 0.325744 0.973734
vt 0.315729 0.951912
vt 0.315654 0.958550
vt 0.326678 0.950521
vt 0.328575 0.933233
vt 0.326634 0.925592
vt 0.332121 0.924710
vt 0.334690 0.931461
vt 0.477975 0.935552
vt 0.472930 0.937601
vt 0.471297 0.933391
vt 0.972645 0.517919
vt 0.976094 0.512474
vt 0.974484 0.529102
vt 0.399188 0.943176
vt 0.395521 0.943040
vt 0.396041 0.938428
vt 0.393502 0.943762
vt 0.391410 0.944405
vt 0.391748 0.941744
vt 0.977670 0.528312
vt 0.979541 0.517549
vt 0.968229 0.520012
vt 0.969589 0.513572
vt 0.983011 0.516563
vt 0.979564 0.512321
vt 0.398560 0.951379
vt 0.393826 0.951472
vt 0.969586 0.510620
vt 0.973999 0.507695
vt 0.394420 0.936631
vt 0.972875 0.503750
vt 0.976121 0.499436
vt 0.392071 0.936300
vt 0.397248 0.930367
vt 0.976795 0.503805
vt 0.983180 0.529779
vt 0.984276 0.522930
vt 0.384186 0.965200
vt 0.388301 0.965061
vt 0.388778 0.975118
vt 0.973977 0.548621
vt 0.976987 0.544497
vt 0.981219 0.557688
vt 0.404312 0.970104
vt 0.400050 0.967542
vt 0.404379 0.963389
vt 0.418812 0.622472
vt 0.423110 0.625249
vt 0.416600 0.639975
vt 0.419533 0.612738
vt 0.422226 0.613881
vt 0.426942 0.613897
vt 0.425340 0.616231
vt 0.423938 0.613222
vt 0.415832 0.567218
vt 0.418754 0.567818
vt 0.414288 0.576963
vt 0.424594 0.557616
vt 0.424022 0.565464
vt 0.420580 0.565366
vt 0.423339 0.617858
vt 0.417873 0.581154
vt 0.414502 0.583023
vt 0.422490 0.607941
vt 0.430054 0.623725
vt 0.427602 0.624159
vt 0.421021 0.590312
vt 0.418529 0.594257
vt 0.419855 0.588378
vt 0.417685 0.590023
vt 0.420090 0.608713
vt 0.421289 0.599833
vt 0.420799 0.573150
vt 0.422066 0.568780
vt 0.424069 0.578076
vt 0.427050 0.552397
vt 0.428475 0.543114
vt 0.432528 0.544228
vt 0.421484 0.556614
vt 0.418663 0.555786
vt 0.421562 0.549643
vt 0.420459 0.642363
vt 0.429935 0.556429
vt 0.435802 0.645766
vt 0.431624 0.645186
vt 0.433120 0.635711
vt 0.428806 0.635411
vt 0.845745 0.792726
vt 0.843318 0.792998
vt 0.843898 0.791125
vt 0.842137 0.790163
vt 0.838973 0.799849
vt 0.840099 0.794317
vt 0.975323 0.228282
vt 0.973690 0.232918
vt 0.974190 0.225919
vt 0.845037 0.776889
vt 0.847195 0.773382
vt 0.847317 0.777655
vt 0.843470 0.785411
vt 0.971124 0.219967
vt 0.972205 0.228477
vt 0.842378 0.800719
vt 0.833077 0.796636
vt 0.970322 0.203044
vt 0.973284 0.203146
vt 0.975682 0.217492
vt 0.965255 0.182557
vt 0.969292 0.171644
vt 0.970523 0.187789
vt 0.832207 0.816864
vt 0.832554 0.814266
vt 0.836564 0.814882
vt 0.963121 0.172013
vt 0.967936 0.187533
vt 0.972566 0.187870
vt 0.974103 0.183563
vt 0.844178 0.818348
vt 0.844422 0.813591
vt 0.861740 0.147334
vt 0.859294 0.149513
vt 0.859510 0.144170
vt 0.614391 0.809419
vt 0.619084 0.813612
vt 0.614786 0.817881
vt 0.860995 0.139025
vt 0.863248 0.155501
vt 0.857112 0.155727
vt 0.862260 0.132290
vt 0.862211 0.125599
vt 0.865557 0.132842
vt 0.856878 0.142213
vt 0.856175 0.138470
vt 0.621117 0.825161
vt 0.617987 0.833504
vt 0.619033 0.823416
vt 0.857101 0.145965
vt 0.603504 0.764989
vt 0.612670 0.774100
vt 0.608623 0.780838
vt 0.626656 0.778356
vt 0.622852 0.778863
vt 0.627361 0.771986
vt 0.856036 0.177451
vt 0.859352 0.177450
vt 0.860138 0.183634
vt 0.266216 0.884076
vt 0.270174 0.880706
vt 0.270375 0.888537
vt 0.962888 0.355491
vt 0.965767 0.352550
vt 0.968134 0.359677
vt 0.970914 0.358540
vt 0.970647 0.363601
vt 0.261671 0.890899
vt 0.267196 0.873552
vt 0.279047 0.879794
vt 0.274402 0.883123
vt 0.274204 0.876550
vt 0.965410 0.370249
vt 0.972755 0.351956
vt 0.972979 0.357877
vt 0.972869 0.364043
vt 0.969994 0.369409
vt 0.967853 0.382999
vt 0.966097 0.377811
vt 0.268733 0.865110
vt 0.271827 0.861305
vt 0.270637 0.869572
vt 0.978077 0.351586
vt 0.972652 0.330596
vt 0.968700 0.330218
vt 0.968252 0.315766
vt 0.274899 0.931144
vt 0.269497 0.916284
vt 0.273271 0.915626
vt 0.262015 0.915514
vt 0.265046 0.916440
vt 0.260720 0.921435
vt 0.960165 0.326413
vt 0.964393 0.329529
vt 0.959665 0.331828
vt 0.237109 0.902005
vt 0.240815 0.901685
vt 0.242346 0.908761
vt 0.245035 0.907764
vt 0.245015 0.911955
vt 0.929306 0.746442
vt 0.932075 0.741556
vt 0.934171 0.749594
vt 0.245046 0.917461
vt 0.246138 0.925515
vt 0.247858 0.933395
vt 0.243301 0.927309
vt 0.247294 0.912570
vt 0.249601 0.915836
vt 0.925285 0.732700
vt 0.927212 0.726395
vt 0.927493 0.736501
vt 0.925608 0.741221
vt 0.240019 0.919474
vt 0.247540 0.901246
vt 0.246762 0.908365
vt 0.566576 0.914748
vt 0.568513 0.923638
vt 0.563817 0.927194
vt 0.921882 0.787804
vt 0.926325 0.788530
vt 0.917974 0.797261
vt 0.235543 0.864940
vt 0.240400 0.865870
vt 0.237019 0.874292
vt 0.251948 0.880276
vt 0.248298 0.878761
vt 0.248154 0.861130
vt 0.244770 0.878677
vt 0.244013 0.870104
vt 0.862259 0.805662
vt 0.864650 0.802236
vt 0.868878 0.809754
vt 0.872906 0.809998
vt 0.875442 0.805840
vt 0.875806 0.811683
vt 0.973642 0.032457
vt 0.970390 0.033171
vt 0.974958 0.021393
vt 0.871160 0.801573
vt 0.978589 0.020795
vt 0.975733 0.016194
vt 0.971507 0.017263
vt 0.871207 0.815558
vt 0.868147 0.813580
vt 0.871007 0.809509
vt 0.869303 0.818805
vt 0.972721 0.002423
vt 0.974736 0.001112
vt 0.973848 0.003034
vt 0.873906 0.815333
vt 0.877644 0.826870
vt 0.873754 0.821813
vt 0.875455 0.827516
vt 0.978935 0.034013
vt 0.979972 0.028123
vt 0.967063 0.033377
vt 0.963987 0.032373
vt 0.965363 0.019972
vt 0.970055 0.058530
vt 0.967133 0.059623
vt 0.966756 0.048960
vt 0.870056 0.777854
vt 0.862861 0.781300
vt 0.859480 0.773326
vt 0.974975 0.059311
vt 0.973394 0.049053
vt 0.963564 0.048994
vt 0.964660 0.053231
vt 0.871059 0.788043
vt 0.866225 0.788816
vt 0.927574 0.171815
vt 0.931910 0.176715
vt 0.925178 0.174757
vt 0.910463 0.173587
vt 0.915158 0.173312
vt 0.908981 0.177623
vt 0.209140 0.944614
vt 0.201076 0.938145
vt 0.212041 0.940102
vt 0.938124 0.182019
vt 0.932699 0.184218
vt 0.934913 0.179570
vt 0.929394 0.181645
vt 0.948581 0.186401
vt 0.954075 0.194163
vt 0.945131 0.195171
vt 0.225514 0.920393
vt 0.220171 0.918316
vt 0.228190 0.915463
vt 0.941857 0.182400
vt 0.919924 0.178601
vt 0.911277 0.183722
vt 0.920315 0.184021
vt 0.927297 0.193325
vt 0.934624 0.193269
vt 0.213386 0.928392
vt 0.208802 0.926046
vt 0.221278 0.891710
vt 0.219703 0.899651
vt 0.208092 0.891829
vt 0.208031 0.884639
vt 0.210080 0.909355
vt 0.390611 0.867647
vt 0.398558 0.857507
vt 0.408049 0.872162
vt 0.371556 0.855695
vt 0.391055 0.853458
vt 0.921560 0.259110
vt 0.931230 0.271417
vt 0.927524 0.272344
vt 0.935806 0.260553
vt 0.941270 0.251368
vt 0.939658 0.270033
vt 0.932172 0.198389
vt 0.925135 0.201280
vt 0.904466 0.202338
vt 0.896789 0.199108
vt 0.905649 0.185293
vt 0.942109 0.223399
vt 0.936482 0.209429
vt 0.950172 0.204247
vt 0.898040 0.217289
vt 0.931156 0.228104
vt 0.195750 0.882014
vt 0.955313 0.201463
vt 0.945756 0.189957
vt 0.941564 0.197638
vt 0.223292 0.880904
vt 0.218133 0.883890
vt 0.216345 0.867755
vt 0.216384 0.872282
vt 0.205762 0.871085
vt 0.947055 0.184819
vt 0.354587 0.926715
vt 0.355667 0.958207
vt 0.961362 0.080286
vt 0.353733 0.974165
vt 0.965978 0.090934
vt 0.962746 0.118537
vt 0.354180 0.960754
vt 0.175818 0.875530
vt 0.193992 0.871014
vt 0.194633 0.876159
vt 0.890134 0.223743
vt 0.884526 0.210669
vt 0.165151 0.864496
vt 0.167671 0.872786
vt 0.170677 0.884990
vt 0.342615 0.877149
vt 0.357961 0.880332
vt 0.327285 0.882349
vt 0.354957 0.904237
vt 0.344818 0.896816
vt 0.357026 0.899276
vt 0.377425 0.922159
vt 0.378683 0.909202
vt 0.393525 0.898669
vt 0.342826 0.901429
vt 0.327912 0.896497
vt 0.153488 0.884113
vt 0.153198 0.870146
vt 0.157490 0.920812
vt 0.153577 0.910636
vt 0.168186 0.919965
vt 0.157627 0.905270
vt 0.148727 0.902914
vt 0.164376 0.889858
vt 0.170862 0.890309
vt 0.171703 0.896549
vt 0.160903 0.900476
vt 0.563885 0.813693
vt 0.574810 0.810294
vt 0.576567 0.813612
vt 0.387880 0.895888
vt 0.382565 0.883994
vt 0.391375 0.893190
vt 0.387288 0.874364
vt 0.393203 0.871084
vt 0.401856 0.875583
vt 0.401093 0.878634
vt 0.531085 0.810897
vt 0.559180 0.799465
vt 0.560684 0.804815
vt 0.475768 0.090260
vt 0.475091 0.071256
vt 0.491657 0.073743
vt 0.497329 0.818096
vt 0.498737 0.811968
vt 0.512115 0.816788
vt 0.481697 0.813775
vt 0.424071 0.892060
vt 0.410411 0.892599
vt 0.410136 0.888355
vt 0.399873 0.074834
vt 0.407296 0.889049
vt 0.409325 0.883999
vt 0.241582 0.599540
vt 0.257000 0.597253
vt 0.246922 0.613269
vt 0.239177 0.737706
vt 0.223747 0.731237
vt 0.225513 0.720013
vt 0.242816 0.692420
vt 0.235425 0.707240
vt 0.227226 0.689192
vt 0.165238 0.670157
vt 0.183728 0.661172
vt 0.170061 0.680924
vt 0.360470 0.303727
vt 0.357637 0.307849
vt 0.356465 0.305210
vt 0.388423 0.686940
vt 0.389890 0.702093
vt 0.384592 0.687741
vt 0.405812 0.884316
vt 0.499498 0.824103
vt 0.445493 0.064110
vt 0.441903 0.052999
vt 0.513007 0.821757
vt 0.404581 0.880734
vt 0.408207 0.879190
vt 0.395254 0.876030
vt 0.368194 0.879990
vt 0.368333 0.885808
vt 0.924322 0.273947
vt 0.889696 0.254859
vt 0.884842 0.259907
vt 0.872276 0.261373
vt 0.900130 0.252057
vt 0.975556 0.187622
vt 0.834377 0.819905
vt 0.972440 0.216725
vt 0.846166 0.786892
vt 0.843604 0.788167
vt 0.965203 0.215799
vt 0.969604 0.219467
vt 0.966432 0.221389
vt 0.963953 0.204277
vt 0.967558 0.208866
vt 0.976167 0.204001
vt 0.979676 0.211727
vt 0.279756 0.325216
vt 0.274542 0.350730
vt 0.199178 0.100238
vt 0.191975 0.120322
vt 0.594031 0.936739
vt 0.592024 0.932182
vt 0.600663 0.930578
vt 0.882116 0.648577
vt 0.897122 0.651061
vt 0.900885 0.657335
vt 0.874408 0.660170
vt 0.875404 0.646785
vt 0.626956 0.918491
vt 0.632571 0.910784
vt 0.634242 0.921920
vt 0.843015 0.667046
vt 0.848947 0.670698
vt 0.839128 0.680013
vt 0.586263 0.916219
vt 0.586352 0.921496
vt 0.563132 0.859831
vt 0.566776 0.854086
vt 0.568960 0.867329
vt 0.575220 0.861573
vt 0.851188 0.749754
vt 0.852312 0.744446
vt 0.863950 0.747139
vt 0.600537 0.879373
vt 0.594347 0.884701
vt 0.602844 0.870734
vt 0.583237 0.873998
vt 0.572477 0.890916
vt 0.622031 0.899588
vt 0.631567 0.900797
vt 0.898460 0.516060
vt 0.914474 0.517766
vt 0.911081 0.531554
vt 0.821212 0.513260
vt 0.829323 0.516510
vt 0.820520 0.524026
vt 0.854973 0.767187
vt 0.840139 0.761984
vt 0.616540 0.880813
vt 0.626557 0.873880
vt 0.624511 0.889981
vt 0.897052 0.682541
vt 0.891919 0.687920
vt 0.892396 0.678503
vt 0.899346 0.730960
vt 0.911289 0.724494
vt 0.899652 0.741468
vt 0.864760 0.734252
vt 0.850038 0.729008
vt 0.878387 0.696131
vt 0.882305 0.683880
vt 0.875791 0.702466
vt 0.888524 0.700048
vt 0.876524 0.708612
vt 0.869858 0.709051
vt 0.876936 0.673588
vt 0.868428 0.685664
vt 0.853486 0.700051
vt 0.847155 0.708787
vt 0.849595 0.693162
vt 0.567698 0.885195
vt 0.558126 0.887684
vt 0.561462 0.879258
vt 0.609402 0.866057
vt 0.618161 0.866905
vt 0.609222 0.877443
vt 0.812221 0.530405
vt 0.815996 0.539880
vt 0.876923 0.514662
vt 0.874148 0.526633
vt 0.870024 0.510283
vt 0.877562 0.576006
vt 0.871251 0.580541
vt 0.869821 0.556354
vt 0.243949 0.157624
vt 0.895787 0.668204
vt 0.902773 0.670683
vt 0.900527 0.676428
vt 0.866546 0.668360
vt 0.299568 0.415519
vt 0.358492 0.681691
vt 0.364220 0.678001
vt 0.376101 0.704937
vt 0.688009 0.723394
vt 0.683332 0.717403
vt 0.691603 0.707785
vt 0.611647 0.336758
vt 0.621007 0.336521
vt 0.615794 0.343742
vt 0.545578 0.474368
vt 0.553572 0.491604
vt 0.784200 0.254219
vt 0.067292 0.416693
vt 0.085819 0.428930
vt 0.051766 0.428869
vt 0.027860 0.428901
vt 0.052293 0.415942
vt 0.781618 0.904619
vt 0.770843 0.905416
vt 0.766180 0.897186
vt 0.132109 0.141414
vt 0.164070 0.135866
vt 0.164313 0.175207
vt 0.777318 0.706571
vt 0.752787 0.716988
vt 0.757452 0.702664
vt 0.095700 0.892660
vt 0.075049 0.903287
vt 0.067176 0.893787
vt 0.245981 0.655882
vt 0.241670 0.639869
vt 0.254961 0.636964
vt 0.873864 0.696536
vt 0.865133 0.703259
vt 0.866482 0.716212
vt 0.875361 0.715793
vt 0.875714 0.726710
vt 0.869350 0.679189
vt 0.876206 0.756260
vt 0.918453 0.526282
vt 0.866350 0.647317
vt 0.861022 0.651425
vt 0.596423 0.921786
vt 0.607948 0.920894
vt 0.866990 0.639381
vt 0.903122 0.537729
vt 0.417054 0.735573
vt 0.426789 0.734918
vt 0.424349 0.741610
vt 0.534634 0.387661
vt 0.551504 0.392907
vt 0.531079 0.391591
vt 0.570496 0.393712
vt 0.573901 0.387139
vt 0.191702 0.390930
vt 0.775292 0.181335
vt 0.769832 0.181949
vt 0.771004 0.177923
vt 0.800992 0.163455
vt 0.793834 0.170868
vt 0.828494 0.141833
vt 0.822002 0.148392
vt 0.832942 0.138656
vt 0.523398 0.417688
vt 0.416295 0.742777
vt 0.422667 0.748685
vt 0.527689 0.381819
vt 0.518584 0.374609
vt 0.795237 0.280326
vt 0.796289 0.274788
vt 0.801979 0.284359
vt 0.766904 0.190372
vt 0.764268 0.198604
vt 0.510212 0.400363
vt 0.526597 0.399989
vt 0.531272 0.409104
vt 0.543953 0.404643
vt 0.520940 0.396350
vt 0.522122 0.387897
vt 0.517690 0.387281
vt 0.521587 0.382672
vt 0.626396 0.328482
vt 0.635960 0.336743
vt 0.627588 0.343918
vt 0.039132 0.728681
vt 0.032962 0.743144
vt 0.029314 0.728680
vt 0.061550 0.782663
vt 0.041487 0.772410
vt 0.066967 0.827406
vt 0.062635 0.816797
vt 0.075274 0.841254
vt 0.104899 0.876822
vt 0.096825 0.867794
vt 0.111315 0.884637
vt 0.126987 0.427681
vt 0.120511 0.429043
vt 0.116818 0.422336
vt 0.129052 0.397860
vt 0.128517 0.406050
vt 0.137284 0.388223
vt 0.291081 0.067351
vt 0.263185 0.062756
vt 0.291985 0.053877
vt 0.740638 0.729487
vt 0.754733 0.733107
vt 0.733531 0.733453
vt 0.750499 0.691910
vt 0.750427 0.705169
vt 0.829065 0.048852
vt 0.834030 0.045665
vt 0.837254 0.049747
vt 0.825377 0.050569
vt 0.831273 0.059301
vt 0.812085 0.046418
vt 0.509967 0.589984
vt 0.520295 0.586701
vt 0.522745 0.595725
vt 0.523799 0.569376
vt 0.531376 0.574153
vt 0.509942 0.582568
vt 0.511506 0.560347
vt 0.504082 0.548739
vt 0.522661 0.564668
vt 0.514754 0.500809
vt 0.746951 0.016074
vt 0.766505 0.012439
vt 0.757775 0.026023
vt 0.742585 0.038281
vt 0.746887 0.025704
vt 0.745149 0.044241
vt 0.785419 0.003299
vt 0.771412 0.006569
vt 0.772227 0.002594
vt 0.505501 0.560152
vt 0.834187 0.032294
vt 0.822415 0.035574
vt 0.472438 0.515597
vt 0.483958 0.534954
vt 0.463670 0.513848
vt 0.804667 0.037065
vt 0.814755 0.043203
vt 0.944411 0.428636
vt 0.944341 0.406809
vt 0.947642 0.406663
vt 0.972736 0.772308
vt 0.976120 0.767023
vt 0.977374 0.780032
vt 0.970255 0.765109
vt 0.946751 0.439731
vt 0.948931 0.438143
vt 0.948105 0.444958
vt 0.946523 0.434744
vt 0.944519 0.434420
vt 0.951556 0.460341
vt 0.950117 0.460507
vt 0.952620 0.453665
vt 0.976685 0.798425
vt 0.974938 0.797518
vt 0.971795 0.787821
vt 0.971052 0.791826
vt 0.967818 0.783424
vt 0.969565 0.778837
vt 0.974087 0.781219
vt 0.942924 0.445284
vt 0.956746 0.434177
vt 0.954417 0.430180
vt 0.959054 0.428777
vt 0.996052 0.664172
vt 0.990444 0.655903
vt 0.999178 0.647762
vt 0.941110 0.408914
vt 0.943104 0.395786
vt 0.969515 0.743756
vt 0.965333 0.743544
vt 0.967340 0.726160
vt 0.959451 0.742476
vt 0.965111 0.747332
vt 0.950810 0.407083
vt 0.950732 0.400719
vt 0.269277 0.266742
vt 0.249605 0.274273
vt 0.242217 0.262953
vt 0.814973 0.910047
vt 0.823734 0.872744
vt 0.830663 0.916749
vt 0.667789 0.252837
vt 0.670539 0.274888
vt 0.654665 0.251284
vt 0.273894 0.441885
vt 0.255076 0.441739
vt 0.222826 0.172020
vt 0.185886 0.176572
vt 0.182454 0.157527
vt 0.798062 0.581058
vt 0.797324 0.592833
vt 0.785317 0.579390
vt 0.797688 0.747525
vt 0.811698 0.762951
vt 0.794043 0.763145
vt 0.720218 0.887342
vt 0.720471 0.872799
vt 0.743950 0.874845
vt 0.807471 0.820066
vt 0.807422 0.812552
vt 0.815015 0.824373
vt 0.396221 0.455777
vt 0.420084 0.449057
vt 0.424460 0.457750
vt 0.067228 0.563565
vt 0.081312 0.583019
vt 0.058200 0.575371
vt 0.263148 0.161567
vt 0.296980 0.157563
vt 0.298474 0.170514
vt 0.067534 0.441144
vt 0.086606 0.454479
vt 0.064868 0.454418
vt 0.100348 0.591081
vt 0.104953 0.580549
vt 0.104045 0.627117
vt 0.101031 0.605713
vt 0.119567 0.607779
vt 0.522408 0.504957
vt 0.541743 0.510212
vt 0.526686 0.520129
vt 0.051117 0.698964
vt 0.053424 0.686163
vt 0.064900 0.690366
vt 0.073861 0.597830
vt 0.312766 0.484554
vt 0.315168 0.470413
vt 0.329487 0.485108
vt 0.746621 0.867014
vt 0.265720 0.490630
vt 0.269073 0.473937
vt 0.279440 0.498654
vt 0.808071 0.230735
vt 0.813835 0.220361
vt 0.825421 0.220582
vt 0.760499 0.241702
vt 0.784105 0.240059
vt 0.600176 0.616550
vt 0.612646 0.614351
vt 0.605635 0.629462
vt 0.253367 0.467295
vt 0.255332 0.453185
vt 0.479834 0.610924
vt 0.490501 0.608291
vt 0.479000 0.618020
vt 0.822402 0.021313
vt 0.817559 0.026150
vt 0.805706 0.016273
vt 0.799175 0.005216
vt 0.810341 0.004389
vt 0.361972 0.304568
vt 0.366093 0.303449
vt 0.364879 0.307894
vt 0.615906 0.740863
vt 0.616523 0.739177
vt 0.621530 0.741558
vt 0.614396 0.746076
vt 0.615571 0.743768
vt 0.623275 0.745011
vt 0.618106 0.750022
vt 0.617337 0.745147
vt 0.606892 0.639053
vt 0.604653 0.653426
vt 0.598268 0.643479
vt 0.619932 0.657791
vt 0.609530 0.663100
vt 0.595178 0.622987
vt 0.601459 0.627142
vt 0.600668 0.628251
vt 0.557197 0.623188
vt 0.567764 0.632610
vt 0.551218 0.627495
vt 0.551383 0.604655
vt 0.554200 0.612321
vt 0.538524 0.616445
vt 0.596313 0.620409
vt 0.590922 0.628003
vt 0.586811 0.622120
vt 0.593607 0.625481
vt 0.571213 0.620717
vt 0.554707 0.617786
vt 0.516715 0.621169
vt 0.510579 0.605461
vt 0.517226 0.608672
vt 0.528062 0.601579
vt 0.535997 0.600877
vt 0.520203 0.638398
vt 0.514493 0.632134
vt 0.521581 0.628749
vt 0.575906 0.637633
vt 0.583150 0.633567
vt 0.493512 0.657126
vt 0.489204 0.658285
vt 0.491040 0.642160
vt 0.590171 0.651243
vt 0.587759 0.697891
vt 0.588351 0.704552
vt 0.578184 0.683785
vt 0.612289 0.740288
vt 0.612401 0.755340
vt 0.609401 0.755386
vt 0.856692 0.323674
vt 0.836065 0.323256
vt 0.833223 0.316105
vt 0.580239 0.124872
vt 0.565526 0.144504
vt 0.558594 0.132497
vt 0.536689 0.870274
vt 0.549083 0.858682
vt 0.553035 0.869779
vt 0.584104 0.178185
vt 0.568228 0.165176
vt 0.579150 0.160312
vt 0.566717 0.091103
vt 0.558462 0.086976
vt 0.570164 0.083199
vt 0.846356 0.485412
vt 0.826539 0.492196
vt 0.822529 0.482946
vt 0.656675 0.037502
vt 0.636931 0.048701
vt 0.630675 0.035284
vt 0.925446 0.471315
vt 0.890748 0.476514
vt 0.885684 0.466386
vt 0.925810 0.351573
vt 0.892523 0.337110
vt 0.874866 0.322408
vt 0.535614 0.087523
vt 0.578616 0.116128
vt 0.566420 0.117294
vt 0.875911 0.420226
vt 0.859256 0.433654
vt 0.851041 0.423127
vt 0.714044 0.127254
vt 0.703577 0.130460
vt 0.712409 0.102569
vt 0.673208 0.174304
vt 0.671028 0.152091
vt 0.690242 0.154799
vt 0.678134 0.127240
vt 0.680766 0.102818
vt 0.661681 0.293013
vt 0.689451 0.297198
vt 0.684156 0.253291
vt 0.662117 0.210222
vt 0.655605 0.175809
vt 0.861405 0.472892
vt 0.859203 0.461947
vt 0.744334 0.761580
vt 0.750421 0.761732
vt 0.749865 0.774803
vt 0.743737 0.738552
vt 0.748571 0.750816
vt 0.639587 0.125060
vt 0.625843 0.117953
vt 0.641610 0.114792
vt 0.628035 0.214047
vt 0.639668 0.175561
vt 0.646516 0.211733
vt 0.104380 0.960459
vt 0.098447 0.945857
vt 0.100781 0.942338
vt 0.103442 0.944646
vt 0.104204 0.932393
vt 0.106503 0.944274
vt 0.099446 0.957893
vt 0.111229 0.958902
vt 0.106182 0.958993
vt 0.109759 0.955454
vt 0.377054 0.943073
vt 0.378006 0.938413
vt 0.379789 0.942307
vt 0.370733 0.951435
vt 0.374582 0.943517
vt 0.375966 0.944838
vt 0.107490 0.973327
vt 0.104457 0.970515
vt 0.105499 0.969068
vt 0.110454 0.970191
vt 0.107315 0.968008
vt 0.377191 0.928472
vt 0.378003 0.924580
vt 0.378795 0.930424
vt 0.379263 0.952275
vt 0.380693 0.945815
vt 0.381886 0.952369
vt 0.374404 0.939368
vt 0.367523 0.947934
vt 0.105115 0.928483
vt 0.100755 0.929434
vt 0.098783 0.932578
vt 0.097755 0.928839
vt 0.095097 0.930351
vt 0.094536 0.926187
vt 0.367879 0.963663
vt 0.372487 0.965661
vt 0.367638 0.968627
vt 0.381776 0.964764
vt 0.381960 0.968678
vt 0.379036 0.966805
vt 0.735471 0.295398
vt 0.738161 0.295423
vt 0.737475 0.297828
vt 0.121232 0.935575
vt 0.125716 0.930804
vt 0.124309 0.945625
vt 0.128629 0.930687
vt 0.132363 0.934103
vt 0.127097 0.946677
vt 0.736063 0.292025
vt 0.745235 0.293195
vt 0.121834 0.929032
vt 0.117506 0.934426
vt 0.744702 0.300696
vt 0.743733 0.303762
vt 0.128039 0.916115
vt 0.130650 0.922085
vt 0.128670 0.922421
vt 0.729526 0.294947
vt 0.730475 0.292769
vt 0.731956 0.295592
vt 0.126509 0.921517
vt 0.126913 0.960761
vt 0.129536 0.960309
vt 0.129734 0.964383
vt 0.755257 0.307978
vt 0.757632 0.303112
vt 0.759751 0.309786
vt 0.758924 0.297565
vt 0.758411 0.294250
vt 0.762537 0.294387
vt 0.414427 0.962469
vt 0.413733 0.960163
vt 0.416072 0.959907
vt 0.978788 0.940711
vt 0.975187 0.946084
vt 0.973735 0.930919
vt 0.972678 0.948296
vt 0.968249 0.944009
vt 0.970809 0.929780
vt 0.411097 0.963117
vt 0.409734 0.953548
vt 0.979429 0.947009
vt 0.982796 0.940811
vt 0.417596 0.952943
vt 0.420799 0.953451
vt 0.975323 0.959983
vt 0.971748 0.954823
vt 0.973748 0.955780
vt 0.416754 0.967980
vt 0.414355 0.968041
vt 0.416288 0.965410
vt 0.975990 0.955348
vt 0.969739 0.915404
vt 0.974120 0.901016
vt 0.973120 0.910799
vt 0.426776 0.940141
vt 0.422048 0.939537
vt 0.421768 0.925449
vt 0.415403 0.927511
vt 0.416789 0.939015
vt 0.410579 0.939755
vt 0.406930 0.941539
vt 0.405689 0.930358
vt 0.981237 0.916420
vt 0.976125 0.914967
vt 0.983650 0.904675
vt 0.973112 0.915734
vt 0.429952 0.889484
vt 0.435113 0.885790
vt 0.431901 0.899591
vt 0.438200 0.885328
vt 0.440490 0.890942
vt 0.434636 0.900657
vt 0.458592 0.948011
vt 0.461425 0.944531
vt 0.465309 0.952311
vt 0.457535 0.940802
vt 0.458385 0.944108
vt 0.432077 0.883184
vt 0.439843 0.872635
vt 0.441075 0.878811
vt 0.439607 0.878052
vt 0.455338 0.939812
vt 0.455895 0.944142
vt 0.433943 0.878639
vt 0.437447 0.877223
vt 0.455849 0.933453
vt 0.458258 0.927060
vt 0.457923 0.935895
vt 0.451946 0.952277
vt 0.451436 0.945823
vt 0.454135 0.945412
vt 0.455134 0.949546
vt 0.459850 0.954526
vt 0.443363 0.893364
vt 0.437134 0.900995
vt 0.462798 0.976994
vt 0.464763 0.971915
vt 0.467122 0.978414
vt 0.434078 0.912631
vt 0.436089 0.919371
vt 0.431263 0.912630
vt 0.424857 0.681420
vt 0.424713 0.669464
vt 0.429012 0.680379
vt 0.431153 0.689537
vt 0.429623 0.687642
vt 0.432527 0.687138
vt 0.428883 0.690599
vt 0.963890 0.263444
vt 0.967264 0.258995
vt 0.967215 0.265131
vt 0.972533 0.250645
vt 0.975898 0.251415
vt 0.970368 0.264634
vt 0.429800 0.695010
vt 0.426015 0.692841
vt 0.433642 0.679033
vt 0.431110 0.665943
vt 0.436209 0.667815
vt 0.434964 0.688332
vt 0.973700 0.234954
vt 0.975215 0.238915
vt 0.974395 0.239885
vt 0.970723 0.238209
vt 0.972076 0.239535
vt 0.433952 0.707668
vt 0.431635 0.704273
vt 0.433776 0.703778
vt 0.970655 0.248268
vt 0.973744 0.244814
vt 0.977287 0.249988
vt 0.431686 0.699265
vt 0.422439 0.665456
vt 0.973009 0.280297
vt 0.970484 0.280145
vt 0.973312 0.277409
vt 0.977448 0.296902
vt 0.975485 0.285530
vt 0.980193 0.296314
vt 0.592669 0.813755
vt 0.587926 0.807271
vt 0.592139 0.805199
vt 0.438713 0.847852
vt 0.438907 0.843225
vt 0.443004 0.838918
vt 0.430840 0.847819
vt 0.433887 0.844174
vt 0.433646 0.848854
vt 0.601927 0.811732
vt 0.596854 0.807610
vt 0.594834 0.800030
vt 0.433562 0.851455
vt 0.436178 0.849392
vt 0.438908 0.851899
vt 0.433675 0.838130
vt 0.435960 0.844059
vt 0.440285 0.870530
vt 0.437641 0.854927
vt 0.442090 0.863495
vt 0.597088 0.834378
vt 0.592557 0.827327
vt 0.593874 0.823274
vt 0.590249 0.818593
vt 0.597391 0.816875
vt 0.432810 0.855188
vt 0.442793 0.854550
vt 0.583582 0.802404
vt 0.587523 0.799841
vt 0.433734 0.819534
vt 0.429274 0.817732
vt 0.432499 0.815037
vt 0.435890 0.814254
vt 0.441989 0.810772
vt 0.438843 0.809583
vt 0.435602 0.800269
vt 0.431763 0.801040
vt 0.584738 0.778718
vt 0.589113 0.775614
vt 0.589718 0.779294
vt 0.580964 0.779101
vt 0.579591 0.773251
vt 0.438914 0.816019
vt 0.292344 0.913454
vt 0.288409 0.910004
vt 0.292409 0.904401
vt 0.966243 0.427640
vt 0.966551 0.406244
vt 0.970711 0.405352
vt 0.964417 0.439302
vt 0.966474 0.433682
vt 0.966589 0.439412
vt 0.961100 0.426473
vt 0.296320 0.917688
vt 0.296697 0.909663
vt 0.968672 0.437961
vt 0.970617 0.437655
vt 0.969257 0.443796
vt 0.968557 0.434175
vt 0.291763 0.931069
vt 0.287855 0.928490
vt 0.290041 0.924994
vt 0.292385 0.924462
vt 0.974373 0.448083
vt 0.978896 0.451792
vt 0.965702 0.444366
vt 0.283610 0.910571
vt 0.288756 0.897209
vt 0.295043 0.898295
vt 0.291827 0.897274
vt 0.979682 0.394352
vt 0.976413 0.400655
vt 0.975125 0.392229
vt 0.970857 0.391822
vt 0.287158 0.877344
vt 0.291633 0.877771
vt 0.291729 0.882234
vt 0.284013 0.878273
vt 0.282693 0.872605
vt 0.974812 0.406858
vt 0.952450 0.362132
vt 0.948179 0.361421
vt 0.953137 0.356073
vt 0.625030 0.698685
vt 0.625976 0.721736
vt 0.622418 0.721644
vt 0.944629 0.357956
vt 0.949864 0.353425
vt 0.631001 0.691894
vt 0.628666 0.696664
vt 0.625198 0.687655
vt 0.634838 0.698566
vt 0.953369 0.374315
vt 0.950556 0.369634
vt 0.955746 0.365479
vt 0.622263 0.688553
vt 0.620154 0.689456
vt 0.622253 0.682911
vt 0.622339 0.692714
vt 0.624242 0.693097
vt 0.623880 0.668568
vt 0.622922 0.675710
vt 0.620415 0.673227
vt 0.948518 0.390473
vt 0.946534 0.383283
vt 0.948664 0.380043
vt 0.946904 0.374105
vt 0.626884 0.684633
vt 0.616913 0.681501
vt 0.614720 0.726158
vt 0.618829 0.722564
vt 0.618249 0.735924
vt 0.629361 0.720743
vt 0.625822 0.738036
vt 0.634617 0.721136
vt 0.635450 0.737319
vt 0.948459 0.333621
vt 0.953668 0.334246
vt 0.953624 0.338033
vt 0.894606 0.798990
vt 0.898180 0.799020
vt 0.893255 0.811949
vt 0.978544 0.875594
vt 0.975110 0.880723
vt 0.974042 0.865349
vt 0.972155 0.880197
vt 0.968391 0.877169
vt 0.970635 0.864492
vt 0.983661 0.871128
vt 0.982146 0.877077
vt 0.977225 0.865512
vt 0.979461 0.881660
vt 0.900895 0.785738
vt 0.899890 0.790530
vt 0.898151 0.785496
vt 0.978596 0.896409
vt 0.976904 0.895328
vt 0.976559 0.889647
vt 0.973825 0.889106
vt 0.900716 0.779205
vt 0.894777 0.788060
vt 0.895788 0.791267
vt 0.889404 0.794851
vt 0.970721 0.838245
vt 0.973666 0.839873
vt 0.970359 0.848938
vt 0.889808 0.819710
vt 0.896997 0.823174
vt 0.886413 0.827682
vt 0.882989 0.807723
vt 0.887400 0.810545
vt 0.885091 0.817844
vt 0.898050 0.812913
vt 0.912667 0.114904
vt 0.908345 0.119816
vt 0.905944 0.116882
vt 0.927245 0.111909
vt 0.924480 0.112147
vt 0.927297 0.105071
vt 0.080602 0.975606
vt 0.075832 0.968993
vt 0.082962 0.967184
vt 0.891242 0.118075
vt 0.893141 0.115277
vt 0.896441 0.118906
vt 0.887365 0.115960
vt 0.913535 0.107870
vt 0.917901 0.106469
vt 0.915665 0.112052
vt 0.900733 0.117839
vt 0.910124 0.110000
vt 0.074735 0.942054
vt 0.080186 0.940159
vt 0.082861 0.945090
vt 0.920973 0.104368
vt 0.908008 0.098153
vt 0.915372 0.097910
vt 0.922826 0.094343
vt 0.935794 0.090413
vt 0.927980 0.099350
vt 0.886247 0.107891
vt 0.892180 0.107634
vt 0.900867 0.113877
vt 0.055879 0.922373
vt 0.063589 0.933934
vt 0.047651 0.918789
vt 0.068063 0.932160
vt 0.073358 0.962398
vt 0.063634 0.970838
vt 0.063157 0.951058
vt 0.866053 0.032809
vt 0.876695 0.033654
vt 0.880400 0.039071
vt 0.906900 0.044340
vt 0.891172 0.039439
vt 0.902129 0.032237
vt 0.921597 0.041462
vt 0.916575 0.031061
vt 0.920635 0.021898
vt 0.876177 0.062840
vt 0.880237 0.072698
vt 0.870824 0.067971
vt 0.877979 0.093724
vt 0.886088 0.094711
vt 0.901118 0.107784
vt 0.896970 0.095351
vt 0.868030 0.106850
vt 0.875437 0.103959
vt 0.872740 0.115071
vt 0.051849 0.960882
vt 0.033733 0.974737
vt 0.050358 0.978830
vt 0.030377 0.985465
vt 0.062028 0.982944
vt 0.062530 0.976788
vt 0.073026 0.976266
vt 0.934750 0.097358
vt 0.939486 0.099744
vt 0.077799 0.979860
vt 0.108498 0.925577
vt 0.110195 0.916757
vt 0.113902 0.915855
vt 0.381193 0.978779
vt 0.377438 0.977141
vt 0.376371 0.933306
vt 0.112987 0.955153
vt 0.378511 0.945628
vt 0.860627 0.064276
vt 0.483497 0.864647
vt 0.492220 0.852590
vt 0.497796 0.864501
vt 0.019561 0.995904
vt 0.016729 0.987823
vt 0.026654 0.975105
vt 0.484139 0.909059
vt 0.476015 0.918883
vt 0.463985 0.911841
vt 0.475873 0.879483
vt 0.487339 0.875087
vt 0.488696 0.894528
vt 0.473306 0.873199
vt 0.465665 0.866012
vt 0.508996 0.865188
vt 0.507263 0.852095
vt 0.523842 0.875738
vt 0.911941 0.020441
vt 0.492882 0.909289
vt 0.502985 0.912943
vt 0.485715 0.925033
vt 0.458240 0.877833
vt 0.456938 0.893059
vt 0.450936 0.882199
vt 0.011019 0.973695
vt 0.015932 0.980946
vt 0.008668 0.949900
vt 0.012168 0.939715
vt 0.022863 0.940567
vt 0.016411 0.966147
vt 0.004661 0.970599
vt 0.015565 0.960055
vt 0.938551 0.467200
vt 0.936802 0.457378
vt 0.884950 0.373650
vt 0.919212 0.372376
vt 0.884463 0.385007
vt 0.511895 0.890294
vt 0.518173 0.878509
vt 0.521657 0.881200
vt 0.521056 0.906725
vt 0.517226 0.900190
vt 0.523325 0.903131
vt 0.532206 0.898783
vt 0.892672 0.355088
vt 0.872097 0.353565
vt 0.873728 0.348845
vt 0.540661 0.886043
vt 0.540472 0.882001
vt 0.554277 0.880735
vt 0.569810 0.222943
vt 0.584366 0.225829
vt 0.581080 0.229082
vt 0.658712 0.229533
vt 0.748158 0.575334
vt 0.761515 0.575723
vt 0.762511 0.588499
vt 0.677844 0.508718
vt 0.711713 0.521002
vt 0.676594 0.517922
vt 0.736188 0.521969
vt 0.743158 0.506787
vt 0.739758 0.484132
vt 0.734259 0.470222
vt 0.747181 0.464108
vt 0.368697 0.612922
vt 0.364379 0.596714
vt 0.370065 0.595024
vt 0.376992 0.629526
vt 0.378496 0.647483
vt 0.373026 0.630363
vt 0.355409 0.301576
vt 0.354132 0.305142
vt 0.350845 0.303055
vt 0.354396 0.307067
vt 0.356205 0.311294
vt 0.350925 0.310100
vt 0.536219 0.889876
vt 0.834864 0.349589
vt 0.843501 0.351387
vt 0.833641 0.352332
vt 0.602363 0.234905
vt 0.629761 0.236747
vt 0.625690 0.247786
vt 0.640216 0.250989
vt 0.874592 0.343862
vt 0.485277 0.870128
vt 0.908350 0.019101
vt 0.905114 0.017412
vt 0.531396 0.915926
vt 0.521306 0.920919
vt 0.965104 0.285499
vt 0.969067 0.296163
vt 0.963385 0.296047
vt 0.433776 0.698736
vt 0.966412 0.246579
vt 0.967102 0.249292
vt 0.969513 0.236699
vt 0.979445 0.256309
vt 0.964757 0.281458
vt 0.671642 0.033630
vt 0.673087 0.013473
vt 0.683642 0.029547
vt 0.871800 0.488111
vt 0.865352 0.483318
vt 0.259277 0.507127
vt 0.373130 0.833434
vt 0.388133 0.830965
vt 0.383312 0.838358
vt 0.398671 0.808200
vt 0.405901 0.802555
vt 0.400461 0.816907
vt 0.961418 0.671926
vt 0.949367 0.660309
vt 0.962439 0.657497
vt 0.930127 0.670425
vt 0.929776 0.722691
vt 0.927399 0.716712
vt 0.932991 0.709590
vt 0.939340 0.715214
vt 0.958497 0.693629
vt 0.964244 0.697013
vt 0.966720 0.705609
vt 0.933078 0.695180
vt 0.945946 0.700124
vt 0.940985 0.710401
vt 0.334323 0.803201
vt 0.328584 0.800558
vt 0.329818 0.792790
vt 0.907951 0.932815
vt 0.897620 0.933925
vt 0.910242 0.918397
vt 0.935882 0.924594
vt 0.944140 0.925498
vt 0.943029 0.932458
vt 0.368976 0.731054
vt 0.353371 0.734903
vt 0.356213 0.726376
vt 0.404098 0.737753
vt 0.393284 0.730976
vt 0.393457 0.716179
vt 0.990302 0.702530
vt 0.981799 0.705176
vt 0.988072 0.686085
vt 0.382926 0.794077
vt 0.388027 0.799464
vt 0.383401 0.803507
vt 0.923735 0.683610
vt 0.936056 0.685980
vt 0.387110 0.758686
vt 0.402293 0.757214
vt 0.394423 0.775494
vt 0.357497 0.766766
vt 0.349392 0.768722
vt 0.358443 0.757067
vt 0.379328 0.782415
vt 0.366825 0.779520
vt 0.367585 0.773387
vt 0.365214 0.785448
vt 0.360973 0.772801
vt 0.754668 0.437671
vt 0.744980 0.445995
vt 0.750516 0.426154
vt 0.755512 0.480403
vt 0.724451 0.574015
vt 0.713045 0.583968
vt 0.712577 0.566855
vt 0.360424 0.801841
vt 0.346752 0.797572
vt 0.350360 0.790907
vt 0.336691 0.775917
vt 0.323588 0.774834
vt 0.330265 0.765408
vt 0.972982 0.698811
vt 0.970978 0.684220
vt 0.925284 0.697832
vt 0.811380 0.919581
vt 0.819898 0.925087
vt 0.827909 0.850142
vt 0.818114 0.842052
vt 0.391505 0.805565
vt 0.397531 0.798130
vt 0.393742 0.811247
vt 0.386680 0.813425
vt 0.342008 0.806026
vt 0.336922 0.795167
vt 0.320447 0.789252
vt 0.955787 0.682821
vt 0.052222 0.441805
vt 0.693121 0.745868
vt 0.708260 0.746412
vt 0.691596 0.759113
vt 0.666322 0.883490
vt 0.654840 0.885578
vt 0.654671 0.872867
vt 0.394079 0.700618
vt 0.393089 0.685678
vt 0.381672 0.595927
vt 0.596221 0.663336
vt 0.117497 0.564608
vt 0.126774 0.579817
vt 0.111615 0.572853
vt 0.317331 0.457330
vt 0.316614 0.442301
vt 0.332303 0.458151
vt 0.740382 0.894248
vt 0.770851 0.888952
vt 0.756111 0.749200
vt 0.777313 0.760316
vt 0.757446 0.764239
vt 0.461272 0.497606
vt 0.734663 0.538304
vt 0.747457 0.540954
vt 0.356182 0.778684
vt 0.345340 0.730159
vt 0.374588 0.822420
vt 0.364925 0.821471
vt 0.374251 0.815678
vt 0.838213 0.947073
vt 0.829847 0.942862
vt 0.971128 0.655214
vt 0.957963 0.652888
vt 0.366340 0.835182
vt 0.357174 0.835079
vt 0.351916 0.830741
vt 0.961427 0.644813
vt 0.960050 0.639308
vt 0.965717 0.646422
vt 0.902282 0.912247
vt 0.584856 0.723177
vt 0.593010 0.725531
vt 0.595431 0.732216
vt 0.551269 0.589679
vt 0.570618 0.589446
vt 0.574073 0.595987
vt 0.561979 0.575535
vt 0.569982 0.564834
vt 0.311734 0.267705
vt 0.293383 0.273760
vt 0.291957 0.261280
vt 0.753886 0.100735
vt 0.750764 0.096218
vt 0.753605 0.090901
vt 0.754046 0.065037
vt 0.762077 0.030213
vt 0.765478 0.031270
vt 0.782043 0.021586
vt 0.797348 0.028316
vt 0.793199 0.031671
vt 0.821819 0.054515
vt 0.518292 0.543978
vt 0.735679 0.050931
vt 0.743951 0.021659
vt 0.499536 0.554109
vt 0.536131 0.627981
vt 0.534472 0.640128
vt 0.796070 0.219307
vt 0.795033 0.213771
vt 0.801767 0.209681
vt 0.526771 0.583243
vt 0.517574 0.596535
vt 0.626606 0.654032
vt 0.618026 0.638456
vt 0.626079 0.645042
vt 0.035690 0.713926
vt 0.036456 0.700596
vt 0.119642 0.589048
vt 0.128919 0.490823
vt 0.121592 0.488425
vt 0.128848 0.483301
vt 0.116679 0.435682
vt 0.111638 0.482172
vt 0.120984 0.474447
vt 0.137422 0.469643
vt 0.130058 0.478820
vt 0.129424 0.468563
vt 0.212883 0.528372
vt 0.228076 0.535940
vt 0.217471 0.541498
vt 0.538410 0.895149
vt 0.553214 0.901319
vt 0.542595 0.903586
vt 0.852083 0.028731
vt 0.865849 0.019474
vt 0.934517 0.408011
vt 0.929677 0.421027
vt 0.916264 0.423218
vt 0.929024 0.399245
vt 0.915224 0.399456
vt 0.557460 0.755799
vt 0.563369 0.743807
vt 0.572496 0.755439
vt 0.553372 0.765957
vt 0.568921 0.766342
vt 0.570934 0.779209
vt 0.566703 0.719667
vt 0.566312 0.734144
vt 0.552755 0.732165
vt 0.362976 0.301893
vt 0.366196 0.301565
vt 0.737210 0.094045
vt 0.743955 0.093276
vt 0.743573 0.099904
vt 0.782577 0.009555
vt 0.773903 0.012102
vt 0.750337 0.154640
vt 0.750083 0.140303
vt 0.758834 0.176059
vt 0.748251 0.185337
vt 0.743647 0.104621
vt 0.775545 0.190035
vt 0.829475 0.153883
vt 0.746521 0.121186
vt 0.748837 0.118020
vt 0.747787 0.101926
vt 0.781611 0.015257
vt 0.745257 0.082721
vt 0.749379 0.062373
vt 0.747992 0.083131
vt 0.752714 0.034322
vt 0.816910 0.161295
vt 0.722616 0.123580
vt 0.727801 0.126621
vt 0.731465 0.143481
vt 0.452089 0.484311
vt 0.448885 0.491693
vt 0.722892 0.107012
vt 0.721435 0.113001
vt 0.450412 0.498278
vt 0.462963 0.503366
vt 0.747446 0.093909
vt 0.807602 0.034433
vt 0.744259 0.110696
vt 0.747923 0.109003
vt 0.438368 0.711317
vt 0.434934 0.725969
vt 0.433242 0.710142
vt 0.491663 0.331678
vt 0.495089 0.333607
vt 0.492163 0.343888
vt 0.837901 0.267408
vt 0.811512 0.255670
vt 0.848343 0.170079
vt 0.843996 0.157095
vt 0.848598 0.156457
vt 0.833036 0.064575
vt 0.833746 0.061243
vt 0.835481 0.063816
vt 0.477226 0.636370
vt 0.474458 0.643524
vt 0.838210 0.226754
vt 0.811691 0.235864
vt 0.833680 0.221649
vt 0.860810 0.215685
vt 0.866301 0.211669
vt 0.867863 0.213736
vt 0.460245 0.640330
vt 0.471517 0.649725
vt 0.458612 0.644534
vt 0.848427 0.032752
vt 0.845754 0.046265
vt 0.839900 0.032892
vt 0.623651 0.751458
vt 0.448731 0.354162
vt 0.846629 0.029392
vt 0.461974 0.634533
vt 0.857811 0.279936
vt 0.860429 0.277340
vt 0.737900 0.241786
vt 0.805365 0.216483
vt 0.816626 0.215623
vt 0.784122 0.228181
vt 0.774913 0.234581
vt 0.760318 0.230605
vt 0.854395 0.211736
vt 0.795923 0.224656
vt 0.791538 0.222484
vt 0.805519 0.277545
vt 0.816757 0.278316
vt 0.796227 0.269501
vt 0.760470 0.263778
vt 0.773395 0.260173
vt 0.836650 0.185839
vt 0.836464 0.017360
vt 0.456509 0.478146
vt 0.501450 0.588380
vt 0.503888 0.580324
vt 0.819863 0.010702
vt 0.719485 0.088897
vt 0.721301 0.082166
vt 0.722359 0.091407
vt 0.484999 0.605524
vt 0.492240 0.598795
vt 0.734270 0.157657
vt 0.497457 0.428763
vt 0.811636 0.193833
vt 0.720411 0.116385
vt 0.795932 0.881660
vt 0.787601 0.872616
vt 0.797374 0.873452
vt 0.810454 0.786625
vt 0.127027 0.422062
vt 0.138967 0.428881
vt 0.107454 0.428914
vt 0.984431 0.554595
vt 0.982115 0.545412
vt 0.404507 0.980056
vt 0.399498 0.979516
vt 0.969267 0.549853
vt 0.975068 0.558325
vt 0.970171 0.560919
vt 0.411057 0.929376
vt 0.931313 0.653270
vt 0.928833 0.645754
vt 0.934135 0.647388
vt 0.941314 0.649351
vt 0.947560 0.643300
vt 0.949359 0.654979
vt 0.285672 0.864744
vt 0.982516 0.639527
vt 0.979040 0.644750
vt 0.979836 0.635571
vt 0.582958 0.762313
vt 0.395404 0.829014
vt 0.391922 0.824675
vt 0.960447 0.736485
vt 0.834514 0.674454
vt 0.828572 0.679738
vt 0.830453 0.666493
vt 0.853681 0.652726
vt 0.845929 0.650050
vt 0.854247 0.645474
vt 0.861725 0.642336
vt 0.263630 0.929928
vt 0.892412 0.643588
vt 0.890266 0.638795
vt 0.618085 0.775233
vt 0.622706 0.761636
vt 0.903918 0.653462
vt 0.348114 0.534063
vt 0.433149 0.509953
vt 0.370840 0.598040
vt 0.308773 0.770419
vt 0.348140 0.756000
vt 0.356563 0.779418
vt 0.516889 0.030165
vt 0.463320 0.068510
vt 0.340740 0.066895
vt 0.314530 0.012950
vt 0.477236 0.307017
vt 0.403100 0.291670
vt 0.476790 0.247750
vt 0.360744 0.835988
vt 0.290359 0.785668
vt 0.350190 0.807350
vt 0.813177 0.572042
vt 0.754700 0.579940
vt 0.795980 0.502750
vt 0.403070 0.140150
vt 0.524909 0.131616
vt 0.435270 0.170750
vt 0.885848 0.346995
vt 0.789307 0.324613
vt 0.778210 0.242220
vt 0.808290 0.411539
vt 0.307297 0.202122
vt 0.370310 0.107170
vt 0.899430 0.677170
vt 0.969177 0.562261
vt 0.969420 0.710680
vt 0.779376 0.929287
vt 0.838820 0.788880
vt 0.893280 0.842530
vt 0.582860 0.814380
vt 0.672330 0.763710
vt 0.704800 0.815450
vt 0.476750 0.596580
vt 0.473451 0.540341
vt 0.527090 0.541510
vt 0.362140 0.692820
vt 0.309862 0.711956
vt 0.342140 0.669240
vt 0.275020 0.810140
vt 0.379640 0.714680
vt 0.328380 0.740550
vt 0.271964 0.710140
vt 0.286500 0.737530
vt 0.133730 0.603680
vt 0.175945 0.745506
vt 0.089120 0.603600
vt 0.851588 0.335401
vt 0.817390 0.369910
vt 0.810172 0.330749
vt 0.788572 0.166357
vt 0.835343 0.179619
vt 0.800521 0.205616
vt 0.736871 0.237573
vt 0.740573 0.201493
vt 0.843031 0.473167
vt 0.764320 0.485346
vt 0.764320 0.467909
vt 0.794344 0.072684
vt 0.748047 0.068367
vt 0.764320 0.048170
vt 0.764320 0.104910
vt 0.818617 0.117790
vt 0.764320 0.120673
vt 0.811861 0.142345
vt 0.764320 0.143027
vt 0.854015 0.258450
vt 0.882269 0.241865
vt 0.897476 0.177551
vt 0.912000 0.242070
vt 0.891450 0.369277
vt 0.842661 0.428166
vt 0.827890 0.396000
vt 0.957347 0.307187
vt 0.918100 0.389950
vt 0.927280 0.400600
vt 0.934615 0.412215
vt 0.848680 0.448020
vt 0.922921 0.437588
vt 0.826119 0.503158
vt 0.899139 0.121144
vt 0.957338 0.182295
vt 0.898325 0.129828
vt 0.863620 0.108480
vt 0.815130 0.092858
vt 0.861485 0.145936
vt 0.866263 0.123584
vt 0.905179 0.158413
vt 0.941089 0.220141
vt 0.954170 0.208050
vt 0.828393 0.084671
vt 0.831290 0.075380
vt 0.685418 0.472834
vt 0.764320 0.554224
vt 0.702091 0.504013
vt 0.653850 0.537010
vt 0.688208 0.057818
vt 0.764320 0.096131
vt 0.686694 0.111490
vt 0.714015 0.092526
vt 0.716451 0.141893
vt 0.708160 0.125004
vt 0.734673 0.164388
vt 0.693634 0.179839
vt 0.646179 0.242335
vt 0.656367 0.175951
vt 0.676905 0.250073
vt 0.718729 0.333128
vt 0.676751 0.335535
vt 0.625615 0.305421
vt 0.616650 0.242070
vt 0.638180 0.368565
vt 0.573015 0.306959
vt 0.610550 0.389950
vt 0.685455 0.429497
vt 0.592506 0.412368
vt 0.554980 0.306971
vt 0.601370 0.400600
vt 0.679891 0.449983
vt 0.605485 0.437312
vt 0.580960 0.141740
vt 0.629399 0.121298
vt 0.571649 0.179296
vt 0.695775 0.076409
vt 0.669591 0.101266
vt 0.622741 0.139476
vt 0.710070 0.112380
vt 0.662520 0.131930
vt 0.626624 0.168727
vt 0.574480 0.208040
vt 0.764142 0.073243
vt 0.618190 0.103040
vt 0.657940 0.086330
vt 0.425423 0.094593
vt 0.279377 0.109965
vt 0.453033 0.008926
vt 0.510480 0.065331
vt 0.480909 0.126944
vt 0.277997 0.193871
vt 0.277981 0.172971
vt 0.320099 0.186619
vt 0.350996 0.203495
vt 0.410117 0.229783
vt 0.372670 0.228750
vt 0.398755 0.257180
vt 0.365752 0.259096
vt 0.321279 0.225634
vt 0.517654 0.264670
vt 0.443505 0.219595
vt 0.400968 0.176052
vt 0.315102 0.318378
vt 0.278155 0.357140
vt 0.278057 0.317677
vt 0.278018 0.285687
vt 0.322650 0.263990
vt 0.363298 0.281491
vt 0.319330 0.288560
vt 0.400672 0.286155
vt 0.435500 0.302290
vt 0.435900 0.335202
vt 0.362595 0.328815
vt 0.456298 0.406216
vt 0.388497 0.437318
vt 0.505497 0.441185
vt 0.448317 0.483054
vt 0.275950 0.714316
vt 0.326627 0.718798
vt 0.275290 0.732031
vt 0.390485 0.717417
vt 0.323014 0.748251
vt 0.396550 0.696100
vt 0.471167 0.665153
vt 0.461168 0.625856
vt 0.522785 0.506787
vt 0.544997 0.512984
vt 0.524003 0.317098
vt 0.478786 0.322189
vt 0.477450 0.350380
vt 0.393567 0.664258
vt 0.448580 0.608460
vt 0.332408 0.683773
vt 0.326670 0.665690
vt 0.331362 0.646441
vt 0.427982 0.267511
vt 0.472490 0.277480
vt 0.463130 0.254420
vt 0.536110 0.077240
vt 0.430286 0.737030
vt 0.396153 0.556353
vt 0.341415 0.520302
vt 0.397120 0.507590
vt 0.373173 0.191303
vt 0.306933 0.199136
vt 0.316510 0.209320
vt 0.112718 0.125993
vt 0.120729 0.196582
vt 0.036608 0.266716
vt 0.238782 0.210625
vt 0.228255 0.234319
vt 0.183170 0.228750
vt 0.156570 0.261878
vt 0.121145 0.298244
vt 0.130040 0.258360
vt 0.199961 0.317830
vt 0.237083 0.288529
vt 0.240630 0.318380
vt 0.200868 0.370328
vt 0.123832 0.330069
vt 0.171531 0.417265
vt 0.240032 0.355542
vt 0.277934 0.402800
vt 0.231270 0.398450
vt 0.277855 0.261222
vt 0.233795 0.252681
vt 0.277786 0.242084
vt 0.108011 0.472875
vt 0.052501 0.449091
vt 0.078263 0.349916
vt 0.160204 0.490912
vt 0.277931 0.483485
vt 0.214625 0.519595
vt 0.219464 0.457346
vt 0.278029 0.570180
vt 0.227386 0.615489
vt 0.217563 0.568326
vt 0.267002 0.685701
vt 0.213649 0.706821
vt 0.221080 0.680970
vt 0.235168 0.717861
vt 0.164937 0.716996
vt 0.238955 0.743006
vt 0.027979 0.440825
vt 0.032116 0.319310
vt 0.225742 0.646581
vt 0.229671 0.665761
vt 0.162363 0.663828
vt 0.085697 0.271681
vt 0.076973 0.309689
vt 0.152098 0.224628
vt 0.106560 0.227120
vt 0.002122 0.515026
vt 0.163327 0.555485
vt 0.155157 0.286378
vt 0.190476 0.262613
vt 0.277330 0.224362
vt 0.277842 0.209650
vt 0.251596 0.197308
vt 0.209955 0.198951
vt 0.182159 0.191688
vt 0.101889 0.010217
vt 0.211343 0.139127
vt 0.277806 0.525651
vt 0.294698 0.649847
vt 0.277920 0.671540
vt 0.274580 0.793926
vt 0.228270 0.756266
vt 0.280477 0.764670
vt 0.315360 0.355560
vt 0.332056 0.615236
vt 0.505584 0.520343
vt 0.338400 0.567366
vt 0.070054 0.525566
vt 0.049037 0.520080
vt 0.012933 0.516251
vt 0.235944 0.186230
vt 0.482910 0.177368
vt 0.123100 0.606035
vt 0.142716 0.613926
vt 0.123100 0.664833
vt 0.139613 0.694806
vt 0.123100 0.814717
vt 0.132720 0.845757
vt 0.125922 0.989133
vt 0.252616 0.530486
vt 0.246480 0.534397
vt 0.250401 0.525270
vt 0.136928 0.997710
vt 0.147052 0.958762
vt 0.149328 0.962381
vt 0.161056 0.902029
vt 0.171920 0.753146
vt 0.180243 0.785162
vt 0.205680 0.668669
vt 0.220890 0.619210
vt 0.204456 0.585303
vt 0.234620 0.570060
vt 0.223520 0.424390
vt 0.199522 0.389768
vt 0.221220 0.387570
vt 0.181010 0.351630
vt 0.180301 0.388643
vt 0.162900 0.351840
vt 0.165253 0.579798
vt 0.176300 0.626037
vt 0.154133 0.674440
vt 0.165854 0.692973
vt 0.149293 0.743751
vt 0.131018 0.992255
vt 0.159666 0.756014
vt 0.185458 0.665347
vt 0.123100 0.390250
vt 0.101311 0.352160
vt 0.123100 0.352220
vt 0.119677 0.990643
vt 0.244465 0.525458
vt 0.246220 0.519750
vt 0.085086 0.903057
vt 0.074896 0.758067
vt 0.095469 0.930958
vt 0.040510 0.668653
vt 0.065937 0.785185
vt 0.083300 0.351830
vt 0.083320 0.389130
vt 0.095071 0.504508
vt 0.080476 0.573799
vt 0.073630 0.500850
vt 0.049393 0.596461
vt 0.051540 0.538890
vt 0.066190 0.610740
vt 0.097527 0.751759
vt 0.078879 0.680701
vt 0.092370 0.678875
vt 0.105521 0.666990
vt 0.114911 0.991894
vt 0.109989 0.993895
vt 0.086755 0.758341
vt 0.028969 0.540591
vt 0.227948 0.769783
vt 0.235864 0.785950
vt 0.223100 0.779631
vt 0.250507 0.809071
vt 0.222613 0.726781
vt 0.216008 0.771983
vt 0.198430 0.731276
vt 0.227244 0.657090
vt 0.275811 0.792622
vt 0.313898 0.757197
vt 0.335134 0.794906
vt 0.261989 0.759888
vt 0.268358 0.723070
vt 0.340280 0.727079
vt 0.364853 0.731039
vt 0.291710 0.686620
vt 0.762834 0.161245
vt 0.740652 0.149532
vt 0.782519 0.155918
vt 0.768792 0.298366
vt 0.742797 0.291529
vt 0.762834 0.292750
vt 0.803241 0.179741
vt 0.811133 0.266188
vt 0.776561 0.210823
vt 0.749682 0.207253
vt 0.778010 0.175456
vt 0.694060 0.293390
vt 0.734410 0.317830
vt 0.801626 0.156902
vt 0.770182 0.285742
vt 0.723360 0.249351
vt 0.757763 0.279370
vt 0.710926 0.576200
vt 0.704377 0.560422
vt 0.727937 0.553679
vt 0.687057 0.586487
vt 0.670019 0.615227
vt 0.646831 0.654882
vt 0.625585 0.583623
vt 0.709588 0.539589
vt 0.791810 0.579190
vt 0.749209 0.580659
vt 0.713789 0.639251
vt 0.722095 0.598055
vt 0.679912 0.721529
vt 0.640150 0.689461
vt 0.594090 0.479282
vt 0.612319 0.480411
vt 0.608377 0.488773
vt 0.405672 0.473716
vt 0.426654 0.467793
vt 0.419409 0.497143
vt 0.401783 0.437264
vt 0.424267 0.434201
vt 0.559109 0.440370
vt 0.479450 0.454835
vt 0.526853 0.481001
vt 0.472613 0.492381
vt 0.568602 0.537552
vt 0.619631 0.517400
vt 0.609500 0.543810
vt 0.596924 0.492839
vt 0.580192 0.641710
vt 0.601773 0.640775
vt 0.587205 0.669914
vt 0.541990 0.658153
vt 0.424127 0.615738
vt 0.449465 0.627721
vt 0.420718 0.628760
vt 0.535617 0.572393
vt 0.467816 0.593113
vt 0.525073 0.609230
vt 0.560378 0.628174
vt 0.594640 0.597935
vt 0.578069 0.610204
vt 0.939937 0.315921
vt 0.943976 0.318934
vt 0.939489 0.317737
vt 0.951870 0.269635
vt 0.964750 0.282583
vt 0.940755 0.280505
vt 0.961402 0.318120
vt 0.957486 0.298227
vt 0.975699 0.296810
vt 0.985566 0.311590
vt 0.976041 0.275462
vt 0.943020 0.259160
vt 0.933119 0.309865
vt 0.942380 0.321197
vt 0.939049 0.319207
vt 0.267365 0.608672
vt 0.302775 0.655580
vt 0.287141 0.666171
vt 0.306318 0.491580
vt 0.288164 0.494970
vt 0.311926 0.476130
vt 0.346969 0.663780
vt 0.314938 0.661979
vt 0.339309 0.633096
vt 0.301900 0.541231
vt 0.328165 0.516527
vt 0.276627 0.486894
vt 0.236143 0.516896
vt 0.344118 0.488854
vt 0.375633 0.552149
vt 0.336900 0.562602
vt 0.264370 0.662910
vt 0.182388 0.335844
vt 0.206823 0.346383
vt 0.198565 0.366117
vt 0.319866 0.416750
vt 0.235103 0.346482
vt 0.272458 0.323687
vt 0.311559 0.371283
vt 0.216305 0.313085
vt 0.327197 0.346228
vt 0.281264 0.296949
vt 0.360327 0.367990
vt 0.374640 0.415484
vt 0.378146 0.432276
vt 0.837456 0.067000
vt 0.855410 0.024534
vt 0.856284 0.061390
vt 0.791165 0.050507
vt 0.819701 0.072112
vt 0.787515 0.109418
vt 0.830593 0.034652
vt 0.823691 0.117634
vt 0.888940 0.046262
vt 0.867597 0.121842
vt 0.862605 0.506122
vt 0.890085 0.508002
vt 0.871492 0.518454
vt 0.910117 0.511861
vt 0.897224 0.558087
vt 0.883620 0.544326
vt 0.894005 0.488415
vt 0.822829 0.492765
vt 0.798394 0.468554
vt 0.820634 0.442298
vt 0.864218 0.492011
vt 0.825082 0.562231
vt 0.810263 0.519977
vt 0.828713 0.832908
vt 0.829053 0.817712
vt 0.850801 0.827498
vt 0.833923 0.808597
vt 0.851137 0.812931
vt 0.885137 0.859113
vt 0.911596 0.831574
vt 0.909574 0.872465
vt 0.849566 0.753292
vt 0.900039 0.789083
vt 0.889532 0.834884
vt 0.546788 0.757870
vt 0.563884 0.748663
vt 0.558479 0.767945
vt 0.631422 0.835894
vt 0.610659 0.813361
vt 0.650894 0.768520
vt 0.622717 0.763587
vt 0.578731 0.771544
vt 0.590457 0.838098
vt 0.563500 0.830751
vt 0.410627 0.793965
vt 0.415280 0.820889
vt 0.399151 0.840489
vt 0.422100 0.880928
vt 0.443474 0.870785
vt 0.370651 0.841887
vt 0.381098 0.908498
vt 0.368715 0.815391
vt 0.405869 0.899984
vt 0.430030 0.903914
vt 0.384616 0.843641
vt 0.459607 0.866149
vt 0.071324 0.864323
vt 0.061611 0.813091
vt 0.091867 0.854031
vt 0.106615 0.792640
vt 0.103664 0.849238
vt 0.061767 0.793128
vt 0.029699 0.902156
vt 0.035427 0.801278
vt 0.061691 0.898441
vt 0.111446 0.884870
vt 0.076517 0.949153
vt 0.098344 0.952788
vt 0.087920 0.968891
vt 0.065383 0.966773
vt 0.141999 0.937160
vt 0.083510 0.983325
vt 0.125901 0.934976
vt 0.120607 0.917862
vt 0.804840 0.906013
vt 0.803131 0.888691
vt 0.814149 0.896306
vt 0.720749 0.952777
vt 0.743082 0.955435
vt 0.754938 0.973825
vt 0.798249 0.943414
vt 0.740785 0.904797
vt 0.727630 0.877700
vt 0.735939 0.940182
vt 0.739780 0.855300
vt 0.121608 0.372996
vt 0.107768 0.344191
vt 0.130203 0.347434
vt 0.150007 0.355832
vt 0.094541 0.442837
vt 0.138957 0.451300
vt 0.076813 0.506802
vt 0.060224 0.506128
vt 0.041997 0.494321
vt 0.155839 0.484012
vt 0.029812 0.417946
vt 0.038260 0.478559
vt 0.028076 0.492571
vt 0.186985 0.405039
vt 0.213820 0.439910
vt 0.161309 0.319964
vt 0.135273 0.332718
vt 0.125466 0.324153
vt 0.105007 0.313998
vt 0.185448 0.848036
vt 0.185773 0.875775
vt 0.166397 0.863944
vt 0.203672 0.862539
vt 0.265234 0.884809
vt 0.256860 0.874470
vt 0.266403 0.877759
vt 0.243535 0.835884
vt 0.231372 0.862606
vt 0.283250 0.854480
vt 0.217194 0.833757
vt 0.196387 0.890714
vt 0.868478 0.184943
vt 0.861761 0.164623
vt 0.882603 0.173009
vt 0.897593 0.184541
vt 0.931255 0.197828
vt 0.908266 0.205811
vt 0.861518 0.259377
vt 0.928128 0.259002
vt 0.851329 0.264625
vt 0.896329 0.166927
vt 0.919315 0.162075
vt 0.736994 0.839165
vt 0.732401 0.820774
vt 0.745442 0.782830
vt 0.775765 0.746147
vt 0.773146 0.770304
vt 0.795285 0.777936
vt 0.688014 0.803837
vt 0.676490 0.746590
vt 0.701774 0.772564
vt 0.720067 0.825231
vt 0.723276 0.844685
vt 0.749218 0.851909
vt 0.652056 0.028766
vt 0.623517 0.002632
vt 0.681349 0.043850
vt 0.600120 0.225663
vt 0.599483 0.181003
vt 0.653457 0.181903
vt 0.683590 0.185870
vt 0.633788 0.230156
vt 0.558156 0.076592
vt 0.526672 0.106389
vt 0.513440 0.089210
vt 0.611027 0.031578
vt 0.644951 0.054875
vt 0.550191 0.039561
vt 0.701307 0.062364
vt 0.720188 0.114305
vt 0.692514 0.106077
vt 0.676538 0.078877
vt 0.504637 0.060216
vt 0.583440 0.209602
vt 0.762221 0.433837
vt 0.785851 0.434422
vt 0.770623 0.449303
vt 0.620342 0.428412
vt 0.634909 0.439735
vt 0.615883 0.442951
vt 0.608769 0.413840
vt 0.634718 0.403375
vt 0.678093 0.414261
vt 0.635759 0.423027
vt 0.655242 0.354366
vt 0.750507 0.409712
vt 0.768392 0.477983
vt 0.781192 0.426453
vt 0.657198 0.488954
vt 0.724483 0.464024
vt 0.655714 0.455580
vt 0.704182 0.439705
vt 0.665170 0.524200
vt 0.618544 0.464173
vt 0.914243 0.576993
vt 0.931574 0.572919
vt 0.922644 0.591038
vt 0.928501 0.559062
vt 0.932755 0.553412
vt 0.966269 0.604909
vt 0.973945 0.623098
vt 0.971306 0.612224
vt 0.495842 0.975121
vt 0.500347 0.983549
vt 0.454821 0.945459
vt 0.535385 0.903625
vt 0.527056 0.890697
vt 0.568607 0.922160
vt 0.550171 0.957244
vt 0.517836 0.972021
vt 0.511236 0.909056
vt 0.540758 0.929411
vt 0.523918 0.988835
vt 0.491480 0.950414
vt 0.505766 0.883090
vt 0.053521 0.265845
vt 0.062966 0.226814
vt 0.076597 0.269325
vt 0.071439 0.145063
vt 0.101718 0.228695
vt 0.146188 0.055231
vt 0.194970 0.115826
vt 0.180268 0.176469
vt 0.028092 0.133319
vt 0.216116 0.231467
vt 0.204185 0.255409
vt 0.143573 0.221506
vt 0.121167 0.159071
vt 0.128183 0.078134
vt 0.094652 0.280473
vt 0.062408 0.291109
vt 0.039393 0.281189
vt 0.807780 0.337709
vt 0.796919 0.363577
vt 0.790498 0.339352
vt 0.801073 0.313406
vt 0.858267 0.323345
vt 0.882739 0.339124
vt 0.861954 0.356251
vt 0.914230 0.357870
vt 0.876966 0.381328
vt 0.895583 0.342271
vt 0.817535 0.352851
vt 0.823524 0.332836
vt 0.834318 0.359630
vt 0.681566 0.891406
vt 0.675302 0.915636
vt 0.668238 0.894599
vt 0.598341 0.913207
vt 0.602722 0.928605
vt 0.589516 0.870349
vt 0.598718 0.939011
vt 0.698159 0.913612
vt 0.693022 0.894904
vt 0.693342 0.852057
vt 0.683127 0.871729
vt 0.638855 0.851348
vt 0.622834 0.901248
vt 0.602242 0.899235
vt 0.601742 0.876088
vt 0.616893 0.917212
vt 0.607368 0.912804
vt 0.885039 0.678852
vt 0.854458 0.693454
vt 0.868105 0.677865
vt 0.853680 0.726360
vt 0.776703 0.706666
vt 0.763542 0.678977
vt 0.842541 0.669871
vt 0.863706 0.652358
vt 0.895183 0.635081
vt 0.809634 0.601934
vt 0.830535 0.595033
vt 0.482985 0.104554
vt 0.465685 0.098206
vt 0.451816 0.079554
vt 0.451360 0.115701
vt 0.432553 0.095742
vt 0.325425 0.083880
vt 0.324149 0.054950
vt 0.371325 0.043439
vt 0.450296 0.055849
vt 0.287939 0.060807
vt 0.429951 0.145841
vt 0.472086 0.131247
vt 0.463368 0.168690
vt 0.455589 0.023599
vt 0.480179 0.086050
vt 0.395562 0.197543
vt 0.336590 0.221631
vt 0.371247 0.171305
vt 0.281844 0.077307
vt 0.262232 0.068900
vt 0.051853 0.569076
vt 0.082510 0.569920
vt 0.061480 0.588712
vt 0.190601 0.661303
vt 0.157528 0.750311
vt 0.158185 0.618589
vt 0.128778 0.715230
vt 0.114304 0.767337
vt 0.097758 0.759532
vt 0.110161 0.772731
vt 0.121970 0.786170
vt 0.098413 0.785977
vt 0.013624 0.639201
vt 0.051590 0.623088
vt 0.042434 0.681146
vt 0.128240 0.608842
vt 0.097765 0.602270
vt 0.581060 0.881280
vt 0.520863 0.875821
vt 0.567280 0.864690
vt 0.579647 0.844665
vt 0.613485 0.854611
vt 0.462140 0.756220
vt 0.424640 0.742652
vt 0.492789 0.704721
vt 0.180343 0.583810
vt 0.195765 0.595194
vt 0.196872 0.614757
vt 0.596661 0.826952
vt 0.569478 0.812114
vt 0.534042 0.829073
vt 0.746959 0.549682
vt 0.811110 0.569416
vt 0.754840 0.595190
vt 0.794991 0.620542
vt 0.743920 0.636750
vt 0.705160 0.610856
vt 0.222173 0.575478
vt 0.210998 0.550764
vt 0.248691 0.602817
vt 0.380137 0.704473
vt 0.396054 0.686770
vt 0.441792 0.667856
vt 0.425644 0.665607
vt 0.424512 0.654279
vt 0.664217 0.765972
vt 0.660487 0.793664
vt 0.645079 0.768309
vt 0.786036 0.440948
vt 0.776721 0.390804
vt 0.815496 0.429009
vt 0.702885 0.486256
vt 0.745318 0.499373
vt 0.697974 0.577730
vt 0.564677 0.540032
vt 0.597350 0.539240
vt 0.577220 0.590750
vt 0.528673 0.600964
vt 0.317684 0.678268
vt 0.372583 0.682075
vt 0.377910 0.734190
vt 0.865680 0.666770
vt 0.889277 0.616868
vt 0.892224 0.733602
vt 0.238463 0.154729
vt 0.305531 0.120060
vt 0.266151 0.163452
vt 0.223861 0.124459
vt 0.439100 0.479570
vt 0.462691 0.511081
vt 0.409330 0.525960
vt 0.550721 0.359953
vt 0.537772 0.427750
vt 0.508035 0.422862
vt 0.470662 0.426836
vt 0.516432 0.353730
vt 0.483878 0.307634
vt 0.521405 0.264414
vt 0.540838 0.292360
vt 0.457402 0.275242
vt 0.557303 0.237078
vt 0.487142 0.204008
vt 0.436268 0.246915
vt 0.434665 0.202094
vt 0.623166 0.299880
vt 0.593780 0.305980
vt 0.580930 0.270190
vt 0.566827 0.423523
vt 0.519659 0.488245
vt 0.489040 0.462600
vt 0.358548 0.229434
vt 0.265385 0.295983
vt 0.316431 0.208520
vt 0.331029 0.137784
vt 0.337520 0.083732
vt 0.672343 0.227584
vt 0.669391 0.182426
vt 0.716390 0.242770
vt 0.711113 0.326916
vt 0.675961 0.308222
vt 0.671952 0.366509
vt 0.594581 0.347583
vt 0.622391 0.390630
vt 0.651487 0.448755
vt 0.611368 0.442809
vt 0.520871 0.550920
vt 0.461548 0.591433
vt 0.439530 0.564670
vt 0.313997 0.592797
vt 0.283134 0.547392
vt 0.311179 0.525827
vt 0.312810 0.464020
vt 0.296302 0.433894
vt 0.338620 0.431780
vt 0.299126 0.305901
vt 0.353634 0.290313
vt 0.308907 0.350946
vt 0.232820 0.291906
vt 0.256726 0.245925
vt 0.139306 0.316724
vt 0.148425 0.253498
vt 0.090960 0.270635
vt 0.148609 0.225964
vt 0.045840 0.287760
vt 0.055590 0.239061
vt 0.795903 0.801446
vt 0.846428 0.855047
vt 0.808070 0.765530
vt 0.818771 0.717075
vt 0.772879 0.759887
vt 0.762922 0.720991
vt 0.836056 0.631361
vt 0.730445 0.719132
vt 0.724427 0.677547
vt 0.700578 0.746308
vt 0.695872 0.677394
vt 0.657558 0.741769
vt 0.626818 0.732993
vt 0.635169 0.693428
vt 0.658540 0.703530
vt 0.603833 0.797825
vt 0.589355 0.766821
vt 0.622328 0.752453
vt 0.631954 0.793148
vt 0.653331 0.817464
vt 0.666007 0.858811
vt 0.636213 0.879163
vt 0.649834 0.939948
vt 0.572060 0.927330
vt 0.624930 0.916090
vt 0.723031 0.914252
vt 0.700970 0.964357
vt 0.076398 0.566538
vt 0.130296 0.549746
vt 0.135165 0.616709
vt 0.203470 0.670790
vt 0.238242 0.700632
vt 0.162588 0.674248
vt 0.246823 0.753867
vt 0.304212 0.733661
vt 0.303319 0.805551
vt 0.248710 0.778340
vt 0.350661 0.822038
vt 0.466511 0.864572
vt 0.452146 0.847190
vt 0.383384 0.804693
vt 0.418887 0.802598
vt 0.403391 0.831587
vt 0.367977 0.768651
vt 0.421102 0.778695
vt 0.398740 0.756260
vt 0.365936 0.622744
vt 0.366411 0.637618
vt 0.329982 0.659240
vt 0.406825 0.621613
vt 0.421296 0.606676
vt 0.450149 0.628514
vt 0.422024 0.638884
vt 0.396957 0.656376
vt 0.386935 0.640716
vt 0.406106 0.671542
vt 0.465385 0.647904
vt 0.483426 0.627008
vt 0.504860 0.614480
vt 0.514786 0.659010
vt 0.490329 0.595884
vt 0.482880 0.669027
vt 0.458323 0.695166
vt 0.574403 0.667814
vt 0.591334 0.685193
vt 0.539492 0.732828
vt 0.519464 0.778911
vt 0.475141 0.792935
vt 0.469700 0.775200
vt 0.551101 0.785692
vt 0.640090 0.662010
vt 0.667950 0.676420
vt 0.639316 0.608861
vt 0.670209 0.573009
vt 0.670930 0.628241
vt 0.645400 0.549882
vt 0.665617 0.527335
vt 0.674664 0.426638
vt 0.745607 0.401961
vt 0.722176 0.462134
vt 0.700358 0.368443
vt 0.809741 0.362187
vt 0.869418 0.402461
vt 0.868180 0.318085
vt 0.921340 0.376010
vt 0.214350 0.014340
vt 0.225401 0.047889
vt 0.140977 0.049630
vt 0.289520 0.038990
vt 0.253537 0.078498
vt 0.128146 0.144177
vt 0.090701 0.140364
vt 0.048110 0.137790
vt 0.853790 0.590640
vt 0.874501 0.475316
vt 0.201600 0.181391
vt 0.153160 0.161355
vt 0.737306 0.347105
vt 0.616440 0.579990
vt 0.575130 0.635860
vt 0.247165 0.666543
vt 0.242080 0.630490
vt 0.264703 0.634404
vt 0.234203 0.550406
vt 0.266191 0.597063
vt 0.231601 0.518294
vt 0.250800 0.543200
vt 0.282641 0.503078
vt 0.253887 0.471035
vt 0.215952 0.454672
vt 0.200366 0.403808
vt 0.088045 0.330230
vt 0.011132 0.368427
vt 0.002140 0.325350
vt 0.736766 0.854885
vt 0.720662 0.824542
vt 0.779130 0.832550
vt 0.704620 0.809674
vt 0.738920 0.803574
vt 0.685987 0.802647
vt 0.685371 0.773755
vt 0.716634 0.763016
vt 0.055259 0.436097
vt 0.018858 0.460341
vt 0.113380 0.485825
vt 0.096644 0.449113
vt 0.163530 0.517726
vt 0.174939 0.631938
vt 0.238285 0.609431
vt 0.209160 0.609129
vt 0.199846 0.579826
vt 0.194691 0.517622
vt 0.150776 0.491552
vt 0.187955 0.491787
vt 0.194523 0.440235
vt 0.186810 0.466510
vt 0.151086 0.462515
vt 0.134111 0.433769
vt 0.176433 0.544248
vt 0.163246 0.562154
vt 0.186281 0.570688
vt 0.274141 0.677069
vt 0.295180 0.668658
vt 0.331578 0.748768
vt 0.471634 0.886894
vt 0.267660 0.352760
vt 0.626120 0.529009
vt 0.607430 0.492030
vt 0.833169 0.145336
vt 0.830786 0.150671
vt 0.634902 0.739220
vt 0.628458 0.741782
vt 0.630635 0.739329
vt 0.829914 0.139800
vt 0.762786 0.172293
vt 0.753592 0.137536
vt 0.752191 0.117375
vt 0.750982 0.107903
vt 0.472131 0.360121
vt 0.490921 0.355169
vt 0.491483 0.362720
vt 0.499667 0.380152
vt 0.499353 0.369505
vt 0.510353 0.377801
vt 0.527041 0.414143
vt 0.515136 0.393656
vt 0.518440 0.459101
vt 0.490378 0.463723
vt 0.500948 0.442277
vt 0.518191 0.439280
vt 0.822953 0.167269
vt 0.818126 0.176890
vt 0.739520 0.122169
vt 0.463039 0.352473
vt 0.472988 0.339625
vt 0.476914 0.346960
vt 0.834651 0.170521
vt 0.487846 0.436453
vt 0.515752 0.476681
vt 0.509311 0.393246
vt 0.500967 0.394985
vt 0.494247 0.382974
vt 0.462525 0.364470
vt 0.449974 0.357962
vt 0.472178 0.368434
vt 0.947304 0.033520
vt 0.951189 0.033997
vt 0.949480 0.051635
vt 0.943944 0.055837
vt 0.952752 0.028477
vt 0.948689 0.027321
vt 0.952268 0.015399
vt 0.954109 0.780738
vt 0.942741 0.781266
vt 0.939529 0.779239
vt 0.938361 0.759971
vt 0.954654 0.033928
vt 0.953899 0.055243
vt 0.957413 0.759266
vt 0.957957 0.780668
vt 0.955148 0.753950
vt 0.959617 0.033920
vt 0.962360 0.022456
vt 0.939929 0.749608
vt 0.961720 0.018267
vt 0.950014 0.727548
vt 0.948263 0.726165
vt 0.635612 0.927563
vt 0.630329 0.928043
vt 0.941326 0.792740
vt 0.938134 0.791337
vt 0.949693 0.055393
vt 0.949784 0.059751
vt 0.944864 0.063365
vt 0.957250 0.787372
vt 0.952789 0.787446
vt 0.029175 0.833846
vt 0.046533 0.820469
vt 0.050686 0.833004
vt 0.034337 0.849059
vt 0.069956 0.860605
vt 0.049751 0.873863
vt 0.042161 0.861378
vt 0.061499 0.845610
vt 0.101035 0.902440
vt 0.081362 0.914670
vt 0.019155 0.759802
vt 0.001022 0.757241
vt 0.249662 0.040877
vt 0.272056 0.041068
vt 0.242267 0.052169
vt 0.220207 0.042218
vt 0.235612 0.062372
vt 0.209980 0.051764
vt 0.090424 0.367203
vt 0.088506 0.373085
vt 0.066510 0.358073
vt 0.071795 0.350878
vt 0.221850 0.336468
vt 0.227030 0.322887
vt 0.235063 0.346763
vt 0.199394 0.369213
vt 0.187210 0.359838
vt 0.141817 0.370858
vt 0.163235 0.369979
vt 0.168874 0.380552
vt 0.128519 0.374665
vt 0.129853 0.379115
vt 0.120840 0.383513
vt 0.122535 0.373057
vt 0.111538 0.375852
vt 0.120248 0.366366
vt 0.955694 0.581516
vt 0.966801 0.571319
vt 0.964798 0.603901
vt 0.957902 0.604779
vt 0.163526 0.657837
vt 0.157311 0.644786
vt 0.175547 0.640984
vt 0.181348 0.650528
vt 0.223787 0.741669
vt 0.180720 0.735342
vt 0.186061 0.722950
vt 0.206444 0.630849
vt 0.214233 0.646030
vt 0.850703 0.585505
vt 0.839610 0.592407
vt 0.843653 0.563410
vt 0.852803 0.557280
vt 0.166620 0.728053
vt 0.167644 0.719630
vt 0.839005 0.505190
vt 0.841485 0.530741
vt 0.831863 0.535100
vt 0.834289 0.569713
vt 0.824873 0.577007
vt 0.168038 0.618825
vt 0.196164 0.606690
vt 0.201798 0.619290
vt 0.169519 0.628401
vt 0.165487 0.762178
vt 0.196550 0.773873
vt 0.187277 0.783993
vt 0.156083 0.778549
vt 0.813897 0.583778
vt 0.818963 0.607932
vt 0.807215 0.616659
vt 0.186523 0.688776
vt 0.170809 0.697842
vt 0.219060 0.657371
vt 0.217547 0.750767
vt 0.177460 0.741733
vt 0.951516 0.536457
vt 0.966801 0.528027
vt 0.933331 0.581012
vt 0.939619 0.539522
vt 0.910848 0.575805
vt 0.922267 0.538304
vt 0.920149 0.578131
vt 0.852013 0.526326
vt 0.861130 0.525490
vt 0.861239 0.553936
vt 0.269154 0.103588
vt 0.248245 0.098308
vt 0.253953 0.082210
vt 0.280320 0.085761
vt 0.199201 0.081016
vt 0.204366 0.065709
vt 0.228292 0.077888
vt 0.226458 0.093349
vt 0.182403 0.048354
vt 0.190496 0.032509
vt 0.248985 0.823605
vt 0.257480 0.812684
vt 0.274977 0.828791
vt 0.265189 0.842400
vt 0.294854 0.844115
vt 0.283184 0.859945
vt 0.313485 0.563876
vt 0.290509 0.574359
vt 0.284534 0.549694
vt 0.311142 0.542682
vt 0.307745 0.607397
vt 0.289470 0.645556
vt 0.283924 0.633910
vt 0.294195 0.606656
vt 0.289747 0.663888
vt 0.279055 0.653378
vt 0.293359 0.697031
vt 0.293628 0.705504
vt 0.287635 0.703792
vt 0.279949 0.684736
vt 0.311304 0.733098
vt 0.301133 0.732781
vt 0.307034 0.755207
vt 0.293897 0.757084
vt 0.310838 0.776120
vt 0.313485 0.791473
vt 0.298473 0.787991
vt 0.296954 0.772708
vt 0.287228 0.813884
vt 0.292879 0.804106
vt 0.308820 0.813988
vt 0.306009 0.828959
vt 0.267787 0.799560
vt 0.272667 0.791364
vt 0.279420 0.780042
vt 0.281134 0.767510
vt 0.283252 0.756200
vt 0.287841 0.728785
vt 0.276763 0.698749
vt 0.269530 0.673531
vt 0.270830 0.651674
vt 0.268039 0.582515
vt 0.260456 0.562815
vt 0.269703 0.588740
vt 0.273241 0.631331
vt 0.268048 0.613825
vt 0.233716 0.796836
vt 0.246548 0.783631
vt 0.235291 0.584715
vt 0.474564 0.243488
vt 0.497345 0.247850
vt 0.487846 0.267164
vt 0.476499 0.174126
vt 0.478268 0.188309
vt 0.457818 0.185994
vt 0.455978 0.175775
vt 0.471819 0.124975
vt 0.469925 0.149169
vt 0.755360 0.680875
vt 0.755972 0.665358
vt 0.774522 0.659796
vt 0.514562 0.235487
vt 0.511055 0.208127
vt 0.525107 0.214158
vt 0.532519 0.237636
vt 0.519152 0.172998
vt 0.506460 0.145988
vt 0.518525 0.146979
vt 0.530257 0.173539
vt 0.510885 0.276104
vt 0.523403 0.280614
vt 0.511838 0.300204
vt 0.499281 0.292486
vt 0.777513 0.733451
vt 0.263510 0.145254
vt 0.710863 0.733442
vt 0.708509 0.721670
vt 0.734536 0.720789
vt 0.648513 0.705323
vt 0.647722 0.697575
vt 0.658381 0.697647
vt 0.659325 0.706060
vt 0.720258 0.894313
vt 0.684321 0.905454
vt 0.683006 0.897143
vt 0.506194 0.075301
vt 0.517368 0.078356
vt 0.529698 0.022911
vt 0.530105 0.042503
vt 0.515558 0.047360
vt 0.651004 0.897147
vt 0.659358 0.897134
vt 0.654836 0.908678
vt 0.647007 0.907047
vt 0.118094 0.410436
vt 0.126143 0.413270
vt 0.238359 0.366628
vt 0.211638 0.378786
vt 0.221816 0.394615
vt 0.219647 0.407170
vt 0.221151 0.107283
vt 0.221135 0.128762
vt 0.243882 0.132128
vt 0.246095 0.112946
vt 0.266157 0.118496
vt 0.263439 0.133686
vt 0.215358 0.417980
vt 0.202235 0.405955
vt 0.198497 0.417150
vt 0.159087 0.417837
vt 0.137736 0.420740
vt 0.118407 0.399823
vt 0.204018 0.393620
vt 0.255803 0.351930
vt 0.153488 0.047109
vt 0.167980 0.047352
vt 0.268827 0.601671
vt 0.162225 0.026882
vt 0.176075 0.028174
vt 0.183795 0.015221
vt 0.666100 0.689804
vt 0.686153 0.696090
vt 0.202672 0.018019
vt 0.706056 0.709795
vt 0.707225 0.698060
vt 0.733576 0.701066
vt 0.734806 0.710163
vt 0.128861 0.125268
vt 0.117697 0.139929
vt 0.114636 0.124770
vt 0.128822 0.097562
vt 0.125491 0.050026
vt 0.128900 0.081946
vt 0.119198 0.033800
vt 0.312538 0.372466
vt 0.797343 0.651809
vt 0.797410 0.719402
vt 0.794050 0.704780
vt 0.811709 0.704129
vt 0.775330 0.913666
vt 0.777349 0.925288
vt 0.786291 0.913316
vt 0.787785 0.923072
vt 0.515040 0.190167
vt 0.528619 0.198225
vt 0.487238 0.205315
vt 0.499475 0.235910
vt 0.474232 0.226156
vt 0.464936 0.198946
vt 0.004185 0.107136
vt 0.033586 0.105228
vt 0.322135 0.347230
vt 0.340016 0.353790
vt 0.329265 0.371842
vt 0.111578 0.087028
vt 0.107690 0.057826
vt 0.063480 0.105313
vt 0.037104 0.083064
vt 0.063552 0.078404
vt 0.388758 0.362868
vt 0.414045 0.378485
vt 0.404984 0.386364
vt 0.377901 0.378328
vt 0.094854 0.093046
vt 0.094135 0.110365
vt 0.062555 0.118406
vt 0.367465 0.398527
vt 0.372512 0.388853
vt 0.062123 0.131444
vt 0.064173 0.144125
vt 0.033319 0.143931
vt 0.112652 0.106388
vt 0.092867 0.064981
vt 0.354779 0.360006
vt 0.346009 0.373268
vt 0.338851 0.386016
vt 0.332189 0.398798
vt 0.093472 0.127753
vt 0.096244 0.142172
vt 0.002131 0.143428
vt 0.443798 0.376625
vt 0.429711 0.390616
vt 0.017563 0.080061
vt 0.058154 0.881981
vt 0.081417 0.874541
vt 0.298477 0.144613
vt 0.304060 0.117819
vt 0.300700 0.132350
vt 0.314298 0.093701
vt 0.307308 0.106638
vt 0.314276 0.058946
vt 0.333380 0.070132
vt 0.321385 0.080870
vt 0.038095 0.806440
vt 0.024694 0.817948
vt 0.020705 0.328569
vt 0.001638 0.333331
vt 0.051592 0.402673
vt 0.028109 0.398194
vt 0.061037 0.369337
vt 0.065880 0.386920
vt 0.103698 0.388147
vt 0.104181 0.396203
vt 0.087358 0.390848
vt 0.085492 0.381707
vt 0.064965 0.403443
vt 0.086640 0.403413
vt 0.105973 0.406072
vt 0.105090 0.417912
vt 0.126130 0.877086
vt 0.056459 0.802214
vt 0.133695 0.863599
vt 0.036451 0.756772
vt 0.069902 0.798949
vt 0.073737 0.777228
vt 0.084405 0.795152
vt 0.093974 0.809799
vt 0.051980 0.743111
vt 0.544735 0.427283
vt 0.533144 0.420115
vt 0.561833 0.407633
vt 0.532126 0.460368
vt 0.552732 0.449849
vt 0.531062 0.440450
vt 0.543416 0.442788
vt 0.790383 0.933010
vt 0.780319 0.936517
vt 0.708488 0.685811
vt 0.733621 0.686335
vt 0.664938 0.677426
vt 0.687109 0.681760
vt 0.642189 0.916603
vt 0.654645 0.921385
vt 0.654559 0.928796
vt 0.637145 0.925553
vt 0.694483 0.928477
vt 0.118854 0.393564
vt 0.499965 0.349271
vt 0.748157 0.266840
vt 0.817097 0.288116
vt 0.827806 0.289746
vt 0.833560 0.272186
vt 0.791283 0.261598
vt 0.784279 0.266018
vt 0.790151 0.260328
vt 0.787270 0.258925
vt 0.794946 0.261005
vt 0.791979 0.261846
vt 0.557764 0.435581
vt 0.613047 0.368066
vt 0.569738 0.418489
vt 0.586163 0.397671
vt 0.580194 0.404419
vt 0.595622 0.387463
vt 0.589001 0.376705
vt 0.138795 0.871904
vt 0.488883 0.324992
vt 0.471175 0.333560
vt 0.191298 0.002888
vt 0.252311 0.428639
vt 0.822556 0.181319
vt 0.550947 0.355671
vt 0.535859 0.355223
vt 0.369006 0.307178
vt 0.632681 0.750171
vt 0.606510 0.344056
vt 0.609202 0.319520
vt 0.619946 0.324475
vt 0.585501 0.357397
vt 0.592305 0.354233
vt 0.582806 0.365279
vt 0.572245 0.368443
vt 0.553306 0.378183
vt 0.500822 0.360477
vt 0.506095 0.352035
vt 0.585472 0.361364
vt 0.553605 0.382852
vt 0.500625 0.340893
vt 0.507074 0.344260
vt 0.549565 0.347433
vt 0.443714 0.711891
vt 0.443530 0.726935
vt 0.409067 0.757951
vt 0.419743 0.754748
vt 0.428955 0.731206
vt 0.419140 0.724485
vt 0.420217 0.717718
vt 0.432203 0.727513
vt 0.424341 0.711864
vt 0.424942 0.795306
vt 0.427275 0.775891
vt 0.429940 0.777073
vt 0.421079 0.772268
vt 0.464703 0.745864
vt 0.446203 0.750687
vt 0.446997 0.730133
vt 0.468346 0.731518
vt 0.457034 0.767496
vt 0.475025 0.763182
vt 0.471713 0.800802
vt 0.462841 0.784090
vt 0.484198 0.783212
vt 0.501785 0.795783
vt 0.656629 0.939041
vt 0.640905 0.936620
vt 0.480296 0.810062
vt 0.472306 0.813893
vt 0.472825 0.809822
vt 0.392190 0.107032
vt 0.405291 0.093104
vt 0.400324 0.122620
vt 0.387331 0.120494
vt 0.367463 0.044935
vt 0.363377 0.036963
vt 0.376613 0.030222
vt 0.382322 0.038613
vt 0.382792 0.156701
vt 0.384111 0.137317
vt 0.395292 0.140450
vt 0.386422 0.172102
vt 0.374800 0.168280
vt 0.917713 0.279669
vt 0.912666 0.270844
vt 0.885148 0.272221
vt 0.930166 0.285490
vt 0.921563 0.290674
vt 0.401426 0.079912
vt 0.371027 0.181236
vt 0.382625 0.183484
vt 0.383633 0.193536
vt 0.372257 0.196363
vt 0.472003 0.717456
vt 0.444983 0.713798
vt 0.448643 0.701138
vt 0.477719 0.697952
vt 0.399079 0.167313
vt 0.396239 0.175829
vt 0.407838 0.146013
vt 0.413125 0.124971
vt 0.436097 0.127768
vt 0.423323 0.082702
vt 0.424241 0.876005
vt 0.423972 0.884055
vt 0.375617 0.058466
vt 0.477994 0.825262
vt 0.453405 0.219194
vt 0.444541 0.194669
vt 0.374664 0.213802
vt 0.373758 0.207872
vt 0.384028 0.209894
vt 0.386366 0.217580
vt 0.453894 0.236846
vt 0.376966 0.094860
vt 0.451542 0.072844
vt 0.442725 0.035403
vt 0.397911 0.039397
vt 0.434510 0.242102
vt 0.428822 0.255230
vt 0.398467 0.230836
vt 0.399791 0.216978
vt 0.433266 0.212678
vt 0.435868 0.226374
vt 0.399238 0.209078
vt 0.396046 0.197165
vt 0.425847 0.190839
vt 0.394821 0.184651
vt 0.528486 0.689020
vt 0.563352 0.694030
vt 0.571445 0.707187
vt 0.523206 0.792019
vt 0.500564 0.781539
vt 0.522672 0.780684
vt 0.516997 0.764632
vt 0.495204 0.762565
vt 0.493802 0.721091
vt 0.365515 0.076439
vt 0.351814 0.213256
vt 0.353978 0.222726
vt 0.356211 0.062336
vt 0.368562 0.127934
vt 0.375127 0.112532
vt 0.349903 0.192083
vt 0.352804 0.179723
vt 0.363678 0.146587
vt 0.353462 0.163889
vt 0.352938 0.055582
vt 0.390925 0.026157
vt 0.065175 0.063016
vt 0.089935 0.045117
vt 0.038484 0.064142
vt 0.102974 0.039796
vt 0.797170 0.951054
vt 0.793144 0.957922
vt 0.496973 0.197974
vt 0.499514 0.211920
vt 0.202650 0.001593
vt 0.504304 0.233478
vt 0.494346 0.173549
vt 0.487243 0.148695
vt 0.500367 0.047491
vt 0.511175 0.061582
vt 0.494288 0.060182
vt 0.485835 0.126207
vt 0.499846 0.271246
vt 0.505770 0.249530
vt 0.513646 0.250973
vt 0.782995 0.961074
vt 0.769430 0.942497
vt 0.791119 0.640721
vt 0.806946 0.634778
vt 0.741924 0.936000
vt 0.720571 0.932587
vt 0.667930 0.665462
vt 0.687135 0.665824
vt 0.677518 0.941966
vt 0.668413 0.934113
vt 0.694183 0.938026
vt 0.731818 0.671743
vt 0.708489 0.671057
vt 0.528297 0.256401
vt 0.741442 0.698029
vt 0.741439 0.689482
vt 0.748877 0.687620
vt 0.744260 0.705119
vt 0.743121 0.718035
vt 0.906413 0.228154
vt 0.918041 0.230031
vt 0.913919 0.240557
vt 0.902225 0.238757
vt 0.922006 0.215824
vt 0.912214 0.210180
vt 0.880952 0.190594
vt 0.887259 0.184858
vt 0.892844 0.191754
vt 0.174405 0.922196
vt 0.190260 0.926333
vt 0.179451 0.937690
vt 0.167707 0.933353
vt 0.178865 0.899509
vt 0.197180 0.899661
vt 0.195718 0.910563
vt 0.177224 0.910673
vt 0.189989 0.863694
vt 0.954381 0.210325
vt 0.953578 0.227358
vt 0.955153 0.116346
vt 0.951445 0.118788
vt 0.339297 0.942804
vt 0.350683 0.952256
vt 0.356402 0.939127
vt 0.356600 0.961310
vt 0.948549 0.118440
vt 0.966147 0.103984
vt 0.358532 0.962536
vt 0.961497 0.075514
vt 0.338398 0.939285
vt 0.337732 0.933312
vt 0.343425 0.930239
vt 0.954514 0.119326
vt 0.966051 0.132547
vt 0.959910 0.131359
vt 0.951574 0.131249
vt 0.953416 0.123335
vt 0.322892 0.937076
vt 0.326468 0.937046
vt 0.334205 0.936074
vt 0.329125 0.937013
vt 0.483456 0.934008
vt 0.486682 0.932628
vt 0.487770 0.947444
vt 0.488653 0.953041
vt 0.489163 0.958720
vt 0.319804 0.936606
vt 0.314860 0.936242
vt 0.477039 0.948496
vt 0.481109 0.957587
vt 0.488431 0.975699
vt 0.322977 0.932913
vt 0.321644 0.925093
vt 0.468307 0.927030
vt 0.474247 0.926961
vt 0.482470 0.927499
vt 0.489209 0.926978
vt 0.319457 0.933303
vt 0.315299 0.929801
vt 0.317106 0.925829
vt 0.971570 0.530083
vt 0.973964 0.543700
vt 0.970585 0.543999
vt 0.402157 0.949664
vt 0.387437 0.951214
vt 0.394544 0.965740
vt 0.387938 0.945305
vt 0.389279 0.939776
vt 0.968050 0.543421
vt 0.968281 0.528430
vt 0.397762 0.924625
vt 0.393147 0.977107
vt 0.420452 0.582566
vt 0.426741 0.567413
vt 0.411482 0.635302
vt 0.412760 0.622584
vt 0.427404 0.577130
vt 0.423268 0.583409
vt 0.416355 0.613212
vt 0.422234 0.610842
vt 0.435802 0.547984
vt 0.412770 0.642075
vt 0.424656 0.650171
vt 0.416855 0.648162
vt 0.412316 0.649943
vt 0.423493 0.542682
vt 0.967211 0.203171
vt 0.846198 0.801569
vt 0.964551 0.186406
vt 0.827790 0.812161
vt 0.839075 0.788726
vt 0.849162 0.802510
vt 0.849561 0.812933
vt 0.848380 0.792504
vt 0.977262 0.218445
vt 0.970612 0.229426
vt 0.973233 0.170524
vt 0.977447 0.171100
vt 0.976442 0.181812
vt 0.980214 0.171721
vt 0.851204 0.818253
vt 0.851204 0.828919
vt 0.843169 0.829542
vt 0.826919 0.815031
vt 0.828123 0.822400
vt 0.824885 0.823731
vt 0.622597 0.799743
vt 0.618813 0.800112
vt 0.617978 0.779539
vt 0.618628 0.805597
vt 0.623214 0.805569
vt 0.622203 0.818357
vt 0.862237 0.177666
vt 0.866597 0.155706
vt 0.866512 0.177600
vt 0.852545 0.175569
vt 0.852595 0.156076
vt 0.615329 0.800679
vt 0.613716 0.779459
vt 0.626582 0.800617
vt 0.627625 0.810217
vt 0.610150 0.801238
vt 0.609685 0.813515
vt 0.854213 0.145627
vt 0.611418 0.817948
vt 0.864953 0.147579
vt 0.866155 0.139661
vt 0.859071 0.193426
vt 0.855074 0.192679
vt 0.608920 0.933404
vt 0.615921 0.931394
vt 0.865367 0.183109
vt 0.849783 0.189844
vt 0.266617 0.897131
vt 0.269668 0.896651
vt 0.269611 0.911949
vt 0.976668 0.331954
vt 0.272799 0.896412
vt 0.975150 0.363266
vt 0.277323 0.914133
vt 0.278036 0.893838
vt 0.974241 0.368652
vt 0.279970 0.930885
vt 0.584902 0.931946
vt 0.978358 0.316591
vt 0.928309 0.761523
vt 0.931901 0.760566
vt 0.932328 0.778031
vt 0.927265 0.781904
vt 0.931177 0.753870
vt 0.926862 0.754366
vt 0.241364 0.878988
vt 0.236361 0.879800
vt 0.252278 0.901612
vt 0.935473 0.759141
vt 0.249087 0.910942
vt 0.936847 0.781952
vt 0.923426 0.781768
vt 0.923769 0.759430
vt 0.921765 0.750639
vt 0.256919 0.879400
vt 0.257446 0.901559
vt 0.253489 0.909354
vt 0.239221 0.909865
vt 0.932113 0.785832
vt 0.936949 0.801718
vt 0.928996 0.802106
vt 0.932380 0.781814
vt 0.257987 0.861633
vt 0.970410 0.048527
vt 0.969034 0.015306
vt 0.860308 0.790196
vt 0.856064 0.793396
vt 0.867645 0.802022
vt 0.875450 0.788410
vt 0.874697 0.801359
vt 0.978219 0.049427
vt 0.964423 0.060295
vt 0.858142 0.783158
vt 0.855016 0.790155
vt 0.852388 0.784661
vt 0.853312 0.774117
vt 0.878152 0.774797
vt 0.980175 0.064526
vt 0.225088 0.932319
vt 0.226340 0.927899
vt 0.230918 0.931176
vt 0.227140 0.936912
vt 0.216836 0.931545
vt 0.228559 0.902329
vt 0.233819 0.906240
vt 0.234359 0.913927
vt 0.944018 0.179055
vt 0.946511 0.179696
vt 0.234359 0.888928
vt 0.228281 0.893371
vt 0.226300 0.885584
vt 0.234257 0.885531
vt 0.920028 0.173826
vt 0.906634 0.175597
vt 0.898935 0.177325
vt 0.902982 0.174651
vt 0.901426 0.170649
vt 0.213984 0.876250
vt 0.960562 0.192531
vt 0.961792 0.196404
vt 0.207363 0.877600
vt 0.192964 0.941755
vt 0.891955 0.176623
vt 0.892293 0.242737
vt 0.881393 0.243502
vt 0.376034 0.873331
vt 0.375568 0.885864
vt 0.375930 0.879608
vt 0.384091 0.879646
vt 0.378256 0.898496
vt 0.910372 0.251852
vt 0.926374 0.246729
vt 0.930629 0.238166
vt 0.367477 0.909878
vt 0.361887 0.921791
vt 0.368657 0.904406
vt 0.378722 0.903547
vt 0.893483 0.229755
vt 0.939882 0.239058
vt 0.916234 0.196310
vt 0.937217 0.203205
vt 0.180214 0.892337
vt 0.179066 0.885802
vt 0.202289 0.861307
vt 0.882920 0.234458
vt 0.879949 0.227465
vt 0.355450 0.849301
vt 0.362605 0.865061
vt 0.352677 0.865766
vt 0.345738 0.855445
vt 0.368361 0.873808
vt 0.358354 0.872774
vt 0.369837 0.899449
vt 0.945947 0.248249
vt 0.349260 0.916476
vt 0.353082 0.909872
vt 0.950439 0.255315
vt 0.874130 0.200256
vt 0.876769 0.206924
vt 0.171577 0.905551
vt 0.946770 0.233425
vt 0.878164 0.218225
vt 0.341449 0.870364
vt 0.333695 0.862480
vt 0.335331 0.908332
vt 0.952266 0.241701
vt 0.957833 0.246916
vt 0.956967 0.235433
vt 0.874406 0.210308
vt 0.325361 0.874064
vt 0.321826 0.866814
vt 0.961792 0.239854
vt 0.315767 0.899328
vt 0.320581 0.892533
vt 0.319264 0.886758
vt 0.317761 0.879578
vt 0.314670 0.872253
vt 0.869048 0.206921
vt 0.148557 0.895930
vt 0.150101 0.889495
vt 0.161745 0.894388
vt 0.557346 0.792726
vt 0.576467 0.694528
vt 0.401736 0.901351
vt 0.393564 0.917930
vt 0.660931 0.947705
vt 0.666063 0.926142
vt 0.666191 0.897135
vt 0.666576 0.908414
vt 0.665455 0.918277
vt 0.521698 0.059468
vt 0.231733 0.755667
vt 0.227800 0.763534
vt 0.207334 0.764159
vt 0.168476 0.711773
vt 0.187557 0.709973
vt 0.236342 0.748685
vt 0.152096 0.627940
vt 0.257350 0.763838
vt 0.258747 0.752138
vt 0.252341 0.772068
vt 0.231365 0.603794
vt 0.224731 0.590574
vt 0.224513 0.788325
vt 0.236100 0.768585
vt 0.237611 0.619962
vt 0.262738 0.740687
vt 0.272024 0.727019
vt 0.264662 0.698195
vt 0.251703 0.671604
vt 0.187188 0.701233
vt 0.167619 0.706103
vt 0.889847 0.531692
vt 0.886659 0.580261
vt 0.902042 0.585060
vt 0.229438 0.626250
vt 0.255180 0.714399
vt 0.219444 0.611163
vt 0.214006 0.781301
vt 0.214203 0.597477
vt 0.252540 0.734121
vt 0.245896 0.751817
vt 0.242490 0.758143
vt 0.940494 0.607912
vt 0.914414 0.602482
vt 0.861055 0.581228
vt 0.145926 0.767684
vt 0.152114 0.756585
vt 0.163243 0.737477
vt 0.925881 0.608124
vt 0.153125 0.621610
vt 0.886644 0.518568
vt 0.937199 0.527364
vt 0.860442 0.506185
vt 0.849493 0.506811
vt 0.944979 0.524475
vt 0.962999 0.519042
vt 0.353875 0.580035
vt 0.343195 0.548623
vt 0.351606 0.546265
vt 0.359786 0.578505
vt 0.695057 0.733445
vt 0.683520 0.733443
vt 0.343380 0.581586
vt 0.336488 0.593340
vt 0.325581 0.579254
vt 0.334772 0.551350
vt 0.328263 0.601926
vt 0.320426 0.590410
vt 0.368990 0.652722
vt 0.363975 0.655368
vt 0.356276 0.638531
vt 0.362344 0.633973
vt 0.363351 0.614149
vt 0.358571 0.597947
vt 0.378748 0.665852
vt 0.382580 0.664667
vt 0.356609 0.659592
vt 0.348549 0.643060
vt 0.374029 0.648952
vt 0.369134 0.631526
vt 0.386323 0.702219
vt 0.381779 0.705568
vt 0.374986 0.691968
vt 0.379222 0.688242
vt 0.369288 0.671457
vt 0.373208 0.667313
vt 0.336332 0.619141
vt 0.345353 0.617690
vt 0.348896 0.599684
vt 0.396864 0.890663
vt 0.404323 0.886535
vt 0.643373 0.948668
vt 0.391298 0.877049
vt 0.386460 0.883634
vt 0.564496 0.690229
vt 0.969552 0.231197
vt 0.457060 0.015109
vt 0.435364 0.020419
vt 0.489289 0.287321
vt 0.385394 0.226730
vt 0.371751 0.222080
vt 0.352439 0.229293
vt 0.508312 0.677235
vt 0.488230 0.674204
vt 0.468384 0.668109
vt 0.517230 0.001652
vt 0.532519 0.000592
vt 0.300055 0.429344
vt 0.623365 0.929112
vt 0.623176 0.935046
vt 0.619465 0.936589
vt 0.571317 0.929480
vt 0.578487 0.927159
vt 0.574336 0.930407
vt 0.896666 0.645852
vt 0.870910 0.638141
vt 0.843752 0.659631
vt 0.842981 0.651921
vt 0.897498 0.662465
vt 0.864677 0.661859
vt 0.905730 0.661995
vt 0.909455 0.665039
vt 0.907688 0.673954
vt 0.916096 0.667179
vt 0.914854 0.680709
vt 0.570050 0.899494
vt 0.598215 0.904514
vt 0.860038 0.499016
vt 0.848612 0.500627
vt 0.870189 0.501388
vt 0.885520 0.508233
vt 0.875218 0.504439
vt 0.561909 0.871185
vt 0.558970 0.862653
vt 0.557805 0.860655
vt 0.556105 0.858972
vt 0.557852 0.875508
vt 0.841258 0.748569
vt 0.847743 0.735905
vt 0.837646 0.730493
vt 0.835308 0.724737
vt 0.576902 0.866454
vt 0.906326 0.685268
vt 0.913018 0.693034
vt 0.607781 0.904721
vt 0.607427 0.892075
vt 0.557077 0.913612
vt 0.560383 0.895807
vt 0.838894 0.688990
vt 0.831333 0.704110
vt 0.851136 0.675865
vt 0.845563 0.685369
vt 0.883239 0.665906
vt 0.943869 0.517515
vt 0.959918 0.508868
vt 0.935342 0.519628
vt 0.890465 0.756441
vt 0.878592 0.746401
vt 0.888453 0.744015
vt 0.902135 0.751257
vt 0.911364 0.741709
vt 0.872179 0.767772
vt 0.894740 0.772141
vt 0.902249 0.766111
vt 0.626600 0.859064
vt 0.635612 0.887646
vt 0.633502 0.894076
vt 0.895504 0.696583
vt 0.901673 0.691023
vt 0.908021 0.700019
vt 0.903436 0.706583
vt 0.836756 0.713514
vt 0.855888 0.684251
vt 0.887923 0.736189
vt 0.878263 0.737329
vt 0.895679 0.722592
vt 0.888694 0.728407
vt 0.858296 0.712951
vt 0.886044 0.716623
vt 0.892304 0.716804
vt 0.863255 0.709899
vt 0.859380 0.691004
vt 0.215477 0.797931
vt 0.205699 0.791571
vt 0.811333 0.519249
vt 0.157427 0.746901
vt 0.171864 0.753305
vt 0.224256 0.805168
vt 0.828756 0.599840
vt 0.293416 0.041403
vt 0.212106 0.428730
vt 0.186450 0.428775
vt 0.117803 0.157441
vt 0.097258 0.154385
vt 0.329955 0.625362
vt 0.321276 0.609540
vt 0.341662 0.647357
vt 0.349740 0.664077
vt 0.314670 0.601345
vt 0.443714 0.778674
vt 0.441825 0.799124
vt 0.597322 0.315766
vt 0.144742 0.879481
vt 0.135051 0.886165
vt 0.047353 0.728673
vt 0.717788 0.246854
vt 0.117455 0.892808
vt 0.393459 0.415301
vt 0.031291 0.157355
vt 0.000592 0.157284
vt 0.065746 0.157391
vt 0.420568 0.418088
vt 0.159464 0.428847
vt 0.638267 0.709180
vt 0.637190 0.696128
vt 0.750518 0.101866
vt 0.446742 0.487602
vt 0.728484 0.103397
vt 0.597171 0.937036
vt 0.341706 0.046906
vt 0.348719 0.063746
vt 0.753742 0.109606
vt 0.807917 0.155726
vt 0.756377 0.137692
vt 0.766174 0.171257
vt 0.782543 0.180535
vt 0.753479 0.168713
vt 0.744723 0.180735
vt 0.622158 0.346489
vt 0.128607 0.367103
vt 0.157726 0.360662
vt 0.175299 0.350693
vt 0.213863 0.000592
vt 0.218655 0.012529
vt 0.228910 0.032833
vt 0.212433 0.329071
vt 0.216970 0.315926
vt 0.830597 0.052202
vt 0.833118 0.057550
vt 0.835550 0.060208
vt 0.837486 0.063192
vt 0.774705 0.021039
vt 0.769239 0.020561
vt 0.751669 0.085184
vt 0.491198 0.628123
vt 0.472409 0.623226
vt 0.491742 0.620578
vt 0.499595 0.613779
vt 0.499889 0.603133
vt 0.518500 0.524166
vt 0.501043 0.541019
vt 0.490428 0.519590
vt 0.800873 0.023369
vt 0.737867 0.080593
vt 0.725171 0.071022
vt 0.727709 0.093309
vt 0.839732 0.046102
vt 0.463161 0.630962
vt 0.488700 0.546913
vt 0.489245 0.503252
vt 0.500809 0.560328
vt 0.445802 0.639240
vt 0.447945 0.635786
vt 0.448638 0.628932
vt 0.462770 0.618929
vt 0.472419 0.614912
vt 0.966856 0.765367
vt 0.962894 0.765325
vt 0.968322 0.770449
vt 0.964256 0.771594
vt 0.955742 0.407356
vt 0.951024 0.428997
vt 0.940341 0.430032
vt 0.949814 0.433925
vt 0.950953 0.442363
vt 0.944189 0.439103
vt 0.943642 0.441220
vt 0.953841 0.444807
vt 0.959568 0.406797
vt 0.974367 0.745042
vt 0.954398 0.400627
vt 0.958792 0.401440
vt 0.050716 0.624354
vt 0.046560 0.636887
vt 0.029200 0.623508
vt 0.034369 0.608292
vt 0.061534 0.611751
vt 0.042198 0.595973
vt 0.049793 0.583489
vt 0.101099 0.554921
vt 0.075105 0.554065
vt 0.081422 0.542682
vt 0.001333 0.714513
vt 0.016258 0.716793
vt 0.005234 0.684228
vt 0.025204 0.684935
vt 0.019164 0.697558
vt 0.001030 0.700116
vt 0.235554 0.252761
vt 0.220128 0.272923
vt 0.209899 0.263362
vt 0.090414 0.490898
vt 0.071517 0.507360
vt 0.066188 0.500068
vt 0.088481 0.484962
vt 0.337027 0.278033
vt 0.334559 0.286716
vt 0.199668 0.488298
vt 0.235430 0.510581
vt 0.187529 0.497724
vt 0.238448 0.528655
vt 0.169121 0.477112
vt 0.163519 0.487708
vt 0.051774 0.525796
vt 0.038629 0.540224
vt 0.029970 0.535698
vt 0.047034 0.516861
vt 0.954851 0.868457
vt 0.957059 0.845192
vt 0.963956 0.846072
vt 0.965958 0.878655
vt 0.668760 0.537859
vt 0.650651 0.534325
vt 0.656638 0.521321
vt 0.674386 0.528333
vt 0.715475 0.437082
vt 0.715575 0.447536
vt 0.678044 0.456333
vt 0.672506 0.444058
vt 0.707033 0.532390
vt 0.699486 0.547518
vt 0.842797 0.886572
vt 0.838762 0.857574
vt 0.849859 0.864476
vt 0.851962 0.892702
vt 0.659747 0.459951
vt 0.658574 0.451580
vt 0.695020 0.559018
vt 0.689596 0.571556
vt 0.661601 0.559896
vt 0.662947 0.550396
vt 0.840687 0.919253
vt 0.678101 0.395324
vt 0.687596 0.405258
vt 0.656783 0.417551
vt 0.647065 0.401395
vt 0.813052 0.866207
vt 0.806365 0.833326
vt 0.679013 0.490336
vt 0.662788 0.498367
vt 0.663262 0.481570
vt 0.719491 0.489419
vt 0.669144 0.437740
vt 0.709070 0.428036
vt 0.965958 0.921944
vt 0.950677 0.913517
vt 0.938780 0.910450
vt 0.932488 0.868974
vt 0.921426 0.911670
vt 0.910005 0.874174
vt 0.919305 0.871846
vt 0.860400 0.896044
vt 0.860296 0.924491
vt 0.851179 0.923656
vt 0.269133 0.211539
vt 0.280299 0.229376
vt 0.253917 0.232922
vt 0.248212 0.216809
vt 0.228240 0.237232
vt 0.204285 0.249405
vt 0.199126 0.234086
vt 0.226414 0.221762
vt 0.190383 0.282627
vt 0.182296 0.266755
vt 0.739310 0.353785
vt 0.755333 0.334179
vt 0.765680 0.347816
vt 0.748225 0.364683
vt 0.773251 0.315766
vt 0.785601 0.331630
vt 0.777566 0.626937
vt 0.783220 0.602501
vt 0.806031 0.612627
vt 0.803931 0.633594
vt 0.799922 0.569682
vt 0.786539 0.570547
vt 0.775448 0.541091
vt 0.781500 0.532154
vt 0.785034 0.481324
vt 0.771838 0.493485
vt 0.779490 0.474680
vt 0.785317 0.473089
vt 0.781636 0.514044
vt 0.792849 0.446476
vt 0.803326 0.446233
vt 0.786564 0.420683
vt 0.799891 0.422867
vt 0.803679 0.401067
vt 0.789400 0.404757
vt 0.790674 0.389030
vt 0.806031 0.385142
vt 0.800692 0.362097
vt 0.784580 0.372620
vt 0.778566 0.362743
vt 0.797418 0.346837
vt 0.764138 0.386082
vt 0.759004 0.377817
vt 0.771193 0.397531
vt 0.773018 0.410346
vt 0.775210 0.422021
vt 0.780268 0.449673
vt 0.768654 0.479620
vt 0.761586 0.504629
vt 0.763076 0.526286
vt 0.753638 0.614217
vt 0.760930 0.594668
vt 0.760621 0.563717
vt 0.765590 0.546357
vt 0.737744 0.394432
vt 0.724483 0.381333
vt 0.728538 0.592836
vt 0.734599 0.578113
vt 0.681140 0.052943
vt 0.658360 0.057303
vt 0.662058 0.112479
vt 0.660289 0.126661
vt 0.641807 0.147635
vt 0.653711 0.151616
vt 0.776021 0.788304
vt 0.774511 0.807111
vt 0.755960 0.801546
vt 0.755351 0.786029
vt 0.698356 0.065307
vt 0.716313 0.063159
vt 0.708899 0.086636
vt 0.694847 0.092666
vt 0.702314 0.153806
vt 0.699476 0.176343
vt 0.698175 0.204392
vt 0.686250 0.207495
vt 0.683079 0.008310
vt 0.695635 0.000592
vt 0.707199 0.020182
vt 0.694681 0.024690
vt 0.734558 0.746141
vt 0.658375 0.769239
vt 0.647865 0.769246
vt 0.648506 0.761560
vt 0.659317 0.760822
vt 0.701155 0.222425
vt 0.689981 0.225480
vt 0.684331 0.888834
vt 0.713896 0.258278
vt 0.713491 0.277871
vt 0.698007 0.277804
vt 0.699349 0.253422
vt 0.646917 0.887067
vt 0.127459 0.436223
vt 0.126246 0.444636
vt 0.118664 0.446376
vt 0.140558 0.459737
vt 0.166462 0.463350
vt 0.211864 0.478673
vt 0.238218 0.490235
vt 0.221972 0.462798
vt 0.219746 0.450258
vt 0.221114 0.207821
vt 0.199134 0.214858
vt 0.188407 0.194738
vt 0.221114 0.186331
vt 0.266142 0.196626
vt 0.246072 0.202169
vt 0.243873 0.182982
vt 0.263429 0.181431
vt 0.215409 0.439467
vt 0.186775 0.452864
vt 0.164381 0.440436
vt 0.198549 0.440376
vt 0.202340 0.451552
vt 0.273045 0.455221
vt 0.139185 0.450586
vt 0.137752 0.437037
vt 0.162545 0.451677
vt 0.128607 0.451837
vt 0.129171 0.460025
vt 0.118503 0.458084
vt 0.117368 0.451778
vt 0.204177 0.463879
vt 0.191874 0.466619
vt 0.255069 0.524056
vt 0.180525 0.218104
vt 0.162518 0.218432
vt 0.162811 0.194144
vt 0.160557 0.243900
vt 0.179255 0.239213
vt 0.167854 0.267745
vt 0.153347 0.267972
vt 0.164722 0.288020
vt 0.149687 0.289384
vt 0.183676 0.299935
vt 0.176130 0.287043
vt 0.196839 0.295333
vt 0.208014 0.298843
vt 0.652738 0.240649
vt 0.664076 0.239644
vt 0.691257 0.872754
vt 0.686897 0.879555
vt 0.686144 0.770803
vt 0.666089 0.777085
vt 0.733569 0.765833
vt 0.707217 0.768835
vt 0.734800 0.756735
vt 0.778198 0.774772
vt 0.756724 0.776883
vt 0.128840 0.189735
vt 0.114608 0.190192
vt 0.117744 0.175094
vt 0.132111 0.173624
vt 0.128729 0.217444
vt 0.125319 0.265018
vt 0.128781 0.233071
vt 0.118995 0.281260
vt 0.299626 0.441581
vt 0.793487 0.788816
vt 0.797333 0.815104
vt 0.775342 0.880715
vt 0.777368 0.869096
vt 0.782048 0.888873
vt 0.658027 0.074634
vt 0.683269 0.064882
vt 0.671031 0.095475
vt 0.648728 0.101842
vt 0.420590 0.438572
vt 0.393580 0.440690
vt 0.030150 0.195634
vt 0.033399 0.209507
vt 0.003813 0.206246
vt 0.340308 0.503107
vt 0.322463 0.509740
vt 0.107506 0.257182
vt 0.111447 0.227953
vt 0.063325 0.209527
vt 0.063315 0.236495
vt 0.036828 0.231715
vt 0.405103 0.470318
vt 0.414214 0.477561
vt 0.388976 0.493848
vt 0.378070 0.478441
vt 0.363282 0.442862
vt 0.372659 0.467937
vt 0.367568 0.458290
vt 0.062439 0.196413
vt 0.094025 0.204541
vt 0.094709 0.221892
vt 0.062044 0.183366
vt 0.031127 0.183747
vt 0.033273 0.170785
vt 0.064133 0.170693
vt 0.112565 0.208577
vt 0.092673 0.249991
vt 0.355033 0.496857
vt 0.346218 0.483616
vt 0.339009 0.470907
vt 0.093389 0.187109
vt 0.096171 0.172617
vt 0.000922 0.184694
vt 0.002078 0.171171
vt 0.429766 0.466000
vt 0.443798 0.479973
vt 0.017358 0.234728
vt 0.300695 0.182778
vt 0.304053 0.197314
vt 0.307300 0.208500
vt 0.314291 0.221441
vt 0.321377 0.234281
vt 0.333376 0.245032
vt 0.314266 0.256186
vt 0.291056 0.247798
vt 0.012800 0.667273
vt 0.024715 0.639406
vt 0.038115 0.650919
vt 0.032101 0.668311
vt 0.019788 0.529519
vt 0.000592 0.524550
vt 0.014993 0.494875
vt 0.040632 0.504012
vt 0.022408 0.476131
vt 0.049412 0.477926
vt 0.051435 0.455104
vt 0.027862 0.459422
vt 0.027466 0.443898
vt 0.065624 0.471131
vt 0.060748 0.488682
vt 0.103721 0.469820
vt 0.085432 0.476280
vt 0.087302 0.467094
vt 0.104210 0.461728
vt 0.105998 0.451814
vt 0.105081 0.439972
vt 0.067001 0.629953
vt 0.062662 0.640567
vt 0.075310 0.616112
vt 0.622782 0.635333
vt 0.627296 0.639269
vt 0.133739 0.593791
vt 0.056480 0.655151
vt 0.052022 0.668809
vt 0.041566 0.684924
vt 0.069924 0.658421
vt 0.084538 0.662056
vt 0.073750 0.680144
vt 0.060334 0.673945
vt 0.079877 0.644204
vt 0.098227 0.639724
vt 0.544855 0.555922
vt 0.544113 0.578556
vt 0.533279 0.563110
vt 0.051978 0.714244
vt 0.528840 0.568948
vt 0.531157 0.542783
vt 0.543505 0.540423
vt 0.780345 0.857871
vt 0.790383 0.861399
vt 0.733611 0.780565
vt 0.708478 0.781085
vt 0.687098 0.785134
vt 0.664925 0.789462
vt 0.642210 0.877630
vt 0.637178 0.868676
vt 0.654594 0.865456
vt 0.694517 0.865822
vt 0.118952 0.464359
vt 0.252316 0.482287
vt 0.500247 0.634007
vt 0.864723 0.209621
vt 0.722835 0.238768
vt 0.747961 0.227648
vt 0.855885 0.204994
vt 0.842754 0.211674
vt 0.781159 0.217884
vt 0.789890 0.215960
vt 0.816614 0.205852
vt 0.838614 0.203072
vt 0.791206 0.232580
vt 0.790028 0.233864
vt 0.787187 0.235295
vt 0.795834 0.233739
vt 0.794852 0.233137
vt 0.799390 0.240621
vt 0.798154 0.237112
vt 0.791890 0.232342
vt 0.796411 0.235523
vt 0.554257 0.534374
vt 0.552536 0.522420
vt 0.551550 0.507017
vt 0.557865 0.547603
vt 0.586292 0.585462
vt 0.589156 0.606359
vt 0.595731 0.595644
vt 0.138839 0.585495
vt 0.191182 0.312278
vt 0.262985 0.252132
vt 0.840692 0.050741
vt 0.526830 0.620088
vt 0.531270 0.591629
vt 0.583071 0.617744
vt 0.582565 0.612220
vt 0.572468 0.614658
vt 0.572886 0.609049
vt 0.506371 0.631234
vt 0.501081 0.622802
vt 0.522502 0.605783
vt 0.585678 0.609269
vt 0.572803 0.602546
vt 0.603484 0.633459
vt 0.553805 0.600317
vt 0.534831 0.595552
vt 0.500917 0.642379
vt 0.564269 0.637787
vt 0.549863 0.635737
vt 0.507364 0.639008
vt 0.577751 0.709281
vt 0.588430 0.712486
vt 0.591375 0.718629
vt 0.597641 0.736028
vt 0.588903 0.749517
vt 0.587826 0.742749
vt 0.600889 0.739721
vt 0.593029 0.755369
vt 0.598610 0.690162
vt 0.595961 0.691341
vt 0.593480 0.672100
vt 0.606654 0.668819
vt 0.605505 0.689352
vt 0.589766 0.694965
vt 0.603602 0.741268
vt 0.826674 0.420184
vt 0.830421 0.434500
vt 0.809098 0.436044
vt 0.808139 0.415506
vt 0.818835 0.398606
vt 0.836872 0.402788
vt 0.845918 0.382674
vt 0.824518 0.381946
vt 0.833283 0.365127
vt 0.852699 0.365413
vt 0.640952 0.857615
vt 0.656677 0.855214
vt 0.841833 0.355782
vt 0.834339 0.356069
vt 0.575973 0.193749
vt 0.589073 0.207674
vt 0.551241 0.255855
vt 0.566019 0.262092
vt 0.560421 0.270585
vt 0.547153 0.263832
vt 0.876626 0.019166
vt 0.894654 0.019733
vt 0.897680 0.011135
vt 0.902083 0.000592
vt 0.911486 0.006017
vt 0.587575 0.221885
vt 0.571113 0.214856
vt 0.883704 0.021724
vt 0.891758 0.032084
vt 0.874958 0.329243
vt 0.554823 0.119541
vt 0.556055 0.104415
vt 0.567430 0.107244
vt 0.834177 0.448520
vt 0.840026 0.467954
vt 0.810970 0.464992
vt 0.807215 0.452378
vt 0.582872 0.133466
vt 0.610461 0.120501
vt 0.611593 0.131908
vt 0.615255 0.152479
vt 0.591626 0.154768
vt 0.619884 0.173015
vt 0.596912 0.175808
vt 0.607108 0.218080
vt 0.554244 0.890344
vt 0.539925 0.890330
vt 0.559392 0.242320
vt 0.578450 0.238078
vt 0.839429 0.340541
vt 0.861020 0.341577
vt 0.628334 0.106117
vt 0.637201 0.081594
vt 0.637692 0.063943
vt 0.643758 0.268508
vt 0.858729 0.348250
vt 0.562045 0.214508
vt 0.560747 0.205920
vt 0.636887 0.228073
vt 0.626513 0.265382
vt 0.581696 0.261397
vt 0.618310 0.058686
vt 0.583589 0.083804
vt 0.582264 0.069947
vt 0.612562 0.045623
vt 0.617063 0.088108
vt 0.579843 0.103615
vt 0.583036 0.091704
vt 0.619665 0.074412
vt 0.609641 0.109945
vt 0.864066 0.370230
vt 0.862321 0.384253
vt 0.878859 0.401089
vt 0.857067 0.403276
vt 0.870874 0.442142
vt 0.549289 0.224339
vt 0.559242 0.220191
vt 0.539980 0.238449
vt 0.537777 0.078053
vt 0.533704 0.108693
vt 0.536600 0.121051
vt 0.558909 0.188247
vt 0.552349 0.172843
vt 0.562020 0.218244
vt 0.547468 0.154189
vt 0.537256 0.136884
vt 0.536730 0.245214
vt 0.574710 0.274640
vt 0.253043 0.534820
vt 0.064929 0.251917
vt 0.089719 0.269868
vt 0.037912 0.250837
vt 0.102755 0.275231
vt 0.797208 0.843288
vt 0.793214 0.836505
vt 0.290514 0.523403
vt 0.268028 0.541472
vt 0.277967 0.533701
vt 0.202546 0.313530
vt 0.683308 0.088872
vt 0.688098 0.067315
vt 0.678076 0.240600
vt 0.694964 0.239199
vt 0.701023 0.299133
vt 0.697441 0.049821
vt 0.689565 0.051263
vt 0.783061 0.833326
vt 0.769469 0.851880
vt 0.791105 0.826192
vt 0.806933 0.832142
vt 0.741964 0.858354
vt 0.720608 0.861741
vt 0.667915 0.801428
vt 0.687122 0.801070
vt 0.668453 0.860157
vt 0.677568 0.852314
vt 0.694227 0.856274
vt 0.731807 0.795157
vt 0.708477 0.795839
vt 0.712092 0.044395
vt 0.926360 0.446269
vt 0.745772 0.778506
vt 0.887098 0.063522
vt 0.882733 0.052812
vt 0.894589 0.051092
vt 0.898730 0.061625
vt 0.907348 0.069603
vt 0.892931 0.081491
vt 0.861716 0.101130
vt 0.868096 0.086305
vt 0.029082 0.938339
vt 0.022389 0.927179
vt 0.034135 0.922847
vt 0.044939 0.934208
vt 0.033535 0.961028
vt 0.031896 0.949864
vt 0.930168 0.086163
vt 0.922459 0.066489
vt 0.934372 0.064129
vt 0.935077 0.081309
vt 0.044652 0.996849
vt 0.048656 0.989528
vt 0.362168 0.960986
vt 0.373534 0.951572
vt 0.109576 0.947709
vt 0.113175 0.946574
vt 0.376485 0.938607
vt 0.379480 0.938342
vt 0.090215 0.920910
vt 0.095674 0.917947
vt 0.099200 0.960388
vt 0.109655 0.941706
vt 0.109065 0.929954
vt 0.366841 0.973652
vt 0.360562 0.970541
vt 0.361235 0.964557
vt 0.370779 0.974537
vt 0.106436 0.917375
vt 0.098321 0.917396
vt 0.099770 0.925423
vt 0.123305 0.960374
vt 0.126743 0.957686
vt 0.134607 0.961001
vt 0.130438 0.945901
vt 0.134698 0.947619
vt 0.744779 0.296920
vt 0.120221 0.960794
vt 0.121571 0.944828
vt 0.734851 0.299522
vt 0.115677 0.959010
vt 0.116119 0.944999
vt 0.133711 0.931509
vt 0.136463 0.936394
vt 0.132755 0.929152
vt 0.723277 0.295017
vt 0.717496 0.292840
vt 0.123389 0.964547
vt 0.127043 0.971858
vt 0.122059 0.972357
vt 0.132515 0.972739
vt 0.766171 0.306844
vt 0.766112 0.312782
vt 0.135086 0.965997
vt 0.765635 0.298592
vt 0.766171 0.291858
vt 0.115960 0.968184
vt 0.119872 0.964157
vt 0.115086 0.963253
vt 0.424414 0.955205
vt 0.413841 0.953453
vt 0.976829 0.931215
vt 0.417807 0.961697
vt 0.967169 0.914896
vt 0.967479 0.931319
vt 0.982372 0.929785
vt 0.419300 0.964798
vt 0.968794 0.948765
vt 0.967571 0.946395
vt 0.419405 0.973438
vt 0.420251 0.979956
vt 0.980351 0.901767
vt 0.440089 0.914955
vt 0.436229 0.912956
vt 0.439830 0.903721
vt 0.457795 0.964051
vt 0.450811 0.966249
vt 0.462517 0.966219
vt 0.455894 0.946683
vt 0.428066 0.912899
vt 0.428668 0.899220
vt 0.467087 0.964891
vt 0.447107 0.965914
vt 0.449097 0.955564
vt 0.441318 0.885426
vt 0.443714 0.925906
vt 0.439431 0.928752
vt 0.434650 0.928879
vt 0.459200 0.970968
vt 0.448709 0.975989
vt 0.444983 0.975797
vt 0.455654 0.979299
vt 0.429314 0.927893
vt 0.429383 0.920505
vt 0.967968 0.280489
vt 0.977130 0.279967
vt 0.974514 0.264032
vt 0.976865 0.267804
vt 0.417838 0.664363
vt 0.419613 0.684488
vt 0.414390 0.668732
vt 0.427017 0.687305
vt 0.432364 0.693620
vt 0.973102 0.297482
vt 0.429748 0.651355
vt 0.437780 0.651982
vt 0.437780 0.662639
vt 0.420958 0.660983
vt 0.413563 0.658015
vt 0.591361 0.800222
vt 0.413512 0.665850
vt 0.443180 0.815954
vt 0.439798 0.838212
vt 0.429079 0.835952
vt 0.593933 0.778715
vt 0.584701 0.813575
vt 0.599293 0.779179
vt 0.599771 0.797953
vt 0.586857 0.818524
vt 0.600727 0.816589
vt 0.972019 0.642588
vt 0.594322 0.774171
vt 0.979625 0.406814
vt 0.978118 0.427897
vt 0.973719 0.428164
vt 0.962439 0.407968
vt 0.974314 0.436768
vt 0.971928 0.433567
vt 0.295451 0.878398
vt 0.284558 0.899144
vt 0.299380 0.880497
vt 0.300190 0.899333
vt 0.301164 0.914781
vt 0.971490 0.443312
vt 0.289018 0.918657
vt 0.284870 0.921061
vt 0.281155 0.864926
vt 0.955105 0.644153
vt 0.296996 0.863578
vt 0.302161 0.863813
vt 0.960946 0.392770
vt 0.613957 0.720723
vt 0.614788 0.697300
vt 0.618179 0.698809
vt 0.619145 0.693684
vt 0.618910 0.684931
vt 0.624366 0.688896
vt 0.956745 0.357092
vt 0.958122 0.333957
vt 0.943360 0.372105
vt 0.944749 0.334410
vt 0.621882 0.737634
vt 0.945696 0.319583
vt 0.947971 0.328897
vt 0.943274 0.328463
vt 0.953402 0.330242
vt 0.950590 0.315766
vt 0.958192 0.315973
vt 0.973991 0.849293
vt 0.891612 0.798774
vt 0.902754 0.789316
vt 0.902463 0.794108
vt 0.899627 0.792775
vt 0.901692 0.799691
vt 0.902408 0.812409
vt 0.897973 0.791505
vt 0.976970 0.848778
vt 0.967187 0.848700
vt 0.967593 0.866128
vt 0.981673 0.848669
vt 0.982470 0.863796
vt 0.898838 0.778155
vt 0.902565 0.773326
vt 0.904911 0.774265
vt 0.895438 0.783677
vt 0.968007 0.837548
vt 0.880245 0.826881
vt 0.879336 0.816338
vt 0.905109 0.826238
vt 0.978479 0.838480
vt 0.983756 0.833326
vt 0.085584 0.929373
vt 0.081009 0.932653
vt 0.079754 0.928234
vt 0.081803 0.923639
vt 0.071513 0.929012
vt 0.088504 0.954308
vt 0.083232 0.958196
vt 0.089031 0.946615
vt 0.089031 0.971638
vt 0.088922 0.975034
vt 0.064148 0.915942
vt 0.066726 0.920451
vt 0.056641 0.915855
vt 0.929424 0.105073
vt 0.073489 0.987923
vt 0.071279 0.992333
vt 0.067353 0.988783
vt 0.068648 0.984296
vt 0.883686 0.117226
vt 0.882387 0.121152
vt 0.878325 0.118223
vt 0.880074 0.115075
vt 0.060514 0.989530
vt 0.872943 0.048983
vt 0.862016 0.048231
vt 0.856141 0.035234
vt 0.534997 0.905693
vt 0.506313 0.901037
vt 0.513458 0.894922
vt 0.506225 0.894724
vt 0.505860 0.888509
vt 0.508557 0.875888
vt 0.911327 0.053472
vt 0.509031 0.870837
vt 0.498971 0.869974
vt 0.884983 0.087984
vt 0.920591 0.052591
vt 0.912714 0.092985
vt 0.905860 0.090372
vt 0.917579 0.083236
vt 0.918487 0.089116
vt 0.873956 0.079891
vt 0.034881 0.968202
vt 0.050828 0.970378
vt 0.056953 0.999237
vt 0.065858 0.993861
vt 0.488641 0.901576
vt 0.498644 0.900552
vt 0.498468 0.894417
vt 0.498628 0.888560
vt 0.500145 0.874926
vt 0.926672 0.043416
vt 0.863062 0.077036
vt 0.931182 0.036363
vt 0.857500 0.084820
vt 0.854875 0.091489
vt 0.026247 0.954984
vt 0.026372 0.963988
vt 0.927471 0.058231
vt 0.025529 0.970228
vt 0.858867 0.073519
vt 0.472915 0.897189
vt 0.932976 0.049969
vt 0.938544 0.044768
vt 0.937639 0.056253
vt 0.855131 0.081441
vt 0.452131 0.907497
vt 0.455666 0.900257
vt 0.942489 0.051827
vt 0.442794 0.876665
vt 0.448078 0.894739
vt 0.444983 0.902059
vt 0.849783 0.084835
vt 0.021687 0.974227
vt 0.019042 0.970678
vt 0.004173 0.957407
vt 0.921007 0.366140
vt 0.922196 0.360404
vt 0.913790 0.433552
vt 0.523897 0.856503
vt 0.532051 0.873451
vt 0.660990 0.846556
vt 0.675444 0.227039
vt 0.666095 0.868125
vt 0.705487 0.241313
vt 0.719175 0.415061
vt 0.723259 0.422918
vt 0.698600 0.414791
vt 0.868981 0.893626
vt 0.869848 0.923853
vt 0.679735 0.469241
vt 0.660710 0.467753
vt 0.717475 0.458732
vt 0.727987 0.429877
vt 0.731341 0.442830
vt 0.645701 0.551073
vt 0.748989 0.414333
vt 0.743806 0.406056
vt 0.727452 0.409834
vt 0.715384 0.390136
vt 0.739738 0.564480
vt 0.730457 0.557954
vt 0.764121 0.451472
vt 0.679498 0.477943
vt 0.717902 0.473480
vt 0.659955 0.473407
vt 0.889091 0.919052
vt 0.875606 0.922995
vt 0.874096 0.891798
vt 0.658121 0.509129
vt 0.900583 0.876683
vt 0.722304 0.551816
vt 0.704954 0.397439
vt 0.737569 0.426613
vt 0.734073 0.420266
vt 0.901870 0.852134
vt 0.913624 0.847515
vt 0.877379 0.869498
vt 0.885951 0.862563
vt 0.939647 0.842064
vt 0.860212 0.868752
vt 0.870406 0.869444
vt 0.643544 0.423402
vt 0.637145 0.412446
vt 0.655027 0.442249
vt 0.925035 0.841853
vt 0.646800 0.557329
vt 0.885808 0.931409
vt 0.876087 0.935316
vt 0.917613 0.923691
vt 0.869224 0.939675
vt 0.859610 0.943797
vt 0.848659 0.943172
vt 0.962160 0.930931
vt 0.360126 0.544324
vt 0.365716 0.577028
vt 0.683547 0.741426
vt 0.683327 0.749484
vt 0.376531 0.573511
vt 0.368835 0.542682
vt 0.390172 0.562863
vt 0.387295 0.580441
vt 0.399996 0.570188
vt 0.398631 0.584020
vt 0.387667 0.647497
vt 0.385113 0.629609
vt 0.391604 0.629559
vt 0.392835 0.648074
vt 0.400572 0.629831
vt 0.401425 0.648183
vt 0.400291 0.685740
vt 0.400549 0.701339
vt 0.390408 0.664880
vt 0.395938 0.664750
vt 0.403432 0.666301
vt 0.391206 0.606040
vt 0.399828 0.603503
vt 0.527150 0.883738
vt 0.534610 0.887865
vt 0.643435 0.845571
vt 0.534767 0.893736
vt 0.531509 0.896003
vt 0.523083 0.897633
vt 0.516746 0.890755
vt 0.938455 0.471796
vt 0.926608 0.475076
vt 0.640849 0.285677
vt 0.619056 0.280363
vt 0.569214 0.074044
vt 0.555548 0.078701
vt 0.536259 0.071479
vt 0.850693 0.491582
vt 0.830911 0.497832
vt 0.716313 0.300191
vt 0.986232 0.641013
vt 0.986523 0.646951
vt 0.957153 0.639600
vt 0.387681 0.836170
vt 0.937041 0.646200
vt 0.336798 0.832205
vt 0.333921 0.830238
vt 0.334507 0.822397
vt 0.344506 0.829434
vt 0.929362 0.662394
vt 0.333768 0.815684
vt 0.388508 0.819541
vt 0.325192 0.807255
vt 0.319843 0.800892
vt 0.355576 0.820207
vt 0.339751 0.811264
vt 0.396756 0.819974
vt 0.329265 0.811715
vt 0.986598 0.670526
vt 0.922068 0.672693
vt 0.920303 0.664455
vt 0.859206 0.950968
vt 0.847778 0.949356
vt 0.869350 0.948577
vt 0.884686 0.941742
vt 0.874388 0.945539
vt 0.923119 0.714444
vt 0.925881 0.705876
vt 0.920322 0.718162
vt 0.921978 0.716462
vt 0.332593 0.733397
vt 0.332229 0.721390
vt 0.336112 0.736930
vt 0.343620 0.737542
vt 0.921753 0.701641
vt 0.341273 0.752907
vt 0.339025 0.746024
vt 0.328940 0.751355
vt 0.326577 0.757073
vt 0.971158 0.671558
vt 0.985124 0.678401
vt 0.994982 0.675207
vt 0.357638 0.813026
vt 0.403947 0.788999
vt 0.820371 0.936718
vt 0.959079 0.941105
vt 0.379623 0.738135
vt 0.381680 0.725763
vt 0.390772 0.740717
vt 0.917918 0.931749
vt 0.346378 0.714916
vt 0.357400 0.714890
vt 0.368123 0.714035
vt 0.386003 0.710142
vt 0.996992 0.681887
vt 0.999178 0.688274
vt 0.979904 0.717493
vt 0.989407 0.719356
vt 0.398975 0.782042
vt 0.392665 0.790999
vt 0.386492 0.785447
vt 0.340536 0.788659
vt 0.367124 0.797821
vt 0.373281 0.797976
vt 0.379067 0.745930
vt 0.369445 0.744755
vt 0.379803 0.753690
vt 0.366855 0.755327
vt 0.355854 0.747598
vt 0.377115 0.765432
vt 0.366453 0.766216
vt 0.383359 0.765272
vt 0.354343 0.772038
vt 0.344524 0.781817
vt 0.701442 0.383828
vt 0.920511 0.692090
vt 0.973331 0.710174
vt 0.810492 0.930737
vt 0.663327 0.426287
vt 0.649042 0.432961
vt 0.714714 0.373137
vt 0.408400 0.587343
vt 0.408450 0.605366
vt 0.408695 0.630302
vt 0.409615 0.648929
vt 0.410298 0.668763
vt 0.402456 0.702262
vt 0.410298 0.577016
vt 0.612401 0.688559
vt 0.144742 0.577909
vt 0.637145 0.770751
vt 0.638230 0.757702
vt 0.728125 0.100862
vt 0.358179 0.842792
vt 0.361820 0.843944
vt 0.521799 0.600566
vt 0.348719 0.251430
vt 0.341691 0.268275
vt 0.807623 0.047117
vt 0.770382 0.024612
vt 0.750356 0.047721
vt 0.635960 0.645828
vt 0.175667 0.506917
vt 0.158060 0.497046
vt 0.218568 0.302638
vt 0.213766 0.314582
vt 0.228837 0.282318
vt 0.934888 0.369555
vt 0.935778 0.365091
vt 0.936615 0.361613
vt 0.931964 0.377468
vt 0.938042 0.352839
vt 0.931181 0.386634
vt 0.417146 0.855075
vt 0.421883 0.870701
vt 0.573228 0.797412
vt 0.874410 0.273088
vt 0.570212 0.788319
vt 0.615610 0.752791
vt 0.614653 0.749036
vt 0.617393 0.752883
vt 0.625771 0.743248
vt 0.626842 0.739502
vt 0.722582 0.098310
vt 0.456181 0.505145
vt 0.801205 0.244442
vt 0.846570 0.052489
vt 0.843207 0.015021
vt 0.832691 0.184856
vt 0.848585 0.186919
vt 0.733284 0.044893
vt 0.740500 0.034331
vt 0.717497 0.095229
vt 0.802460 0.003734
vt 0.847391 0.015555
vt 0.820017 0.191854
vt 0.718232 0.108718
vt 0.797850 0.733454
vt 0.848403 0.172659
vt 0.791907 0.889303
vt 0.791906 0.905097
vt 0.805181 0.848761
vt 0.799505 0.865181
vt 0.824378 0.818392
vt 0.799490 0.929210
vt 0.805181 0.945627
vt 0.810382 0.678929
vt 0.797359 0.920934
vt 0.795921 0.912732
vt 0.824284 0.648644
vt 0.969281 0.898430
vt 0.383417 0.974096
vt 0.426772 0.924547
vt 0.320106 0.816525
vt 0.326991 0.830583
vt 0.968225 0.639203
vt 0.345006 0.837449
vt 0.963155 0.634778
vt 0.991549 0.642407
vt 0.989514 0.638326
vt 0.366825 0.847388
vt 0.381294 0.843309
vt 0.398535 0.825541
vt 0.393232 0.837330
vt 0.402130 0.823687
vt 0.407883 0.822740
vt 0.862496 0.637179
vt 0.837603 0.661259
vt 0.605159 0.936882
vt 0.590414 0.939694
vt 0.627957 0.933054
vt 0.616848 0.940500
vt 0.907252 0.657036
vt 0.910894 0.658994
vt 0.916790 0.660037
vt 0.317930 0.636460
vt 0.296620 0.571710
vt 0.300534 0.470231
vt 0.260544 0.749123
vt 0.238390 0.761850
vt 0.212159 0.679606
vt 0.564630 0.239240
vt 0.545190 0.299590
vt 0.738530 0.351090
vt 0.696050 0.310670
vt 0.705930 0.263890
vt 0.508647 0.375024
vt 0.452542 0.793688
vt 0.644260 0.266580
vt 0.671320 0.204480
vt 0.845440 0.646600
vt 0.858658 0.525914
vt 0.789730 0.742920
vt 0.748090 0.698830
vt 0.707060 0.652740
vt 0.644090 0.713310
vt 0.613810 0.659670
vt 0.667180 0.603430
vt 0.716810 0.539090
vt 0.760520 0.467940
vt 0.603201 0.589921
vt 0.682240 0.498300
vt 0.730330 0.432060
vt 0.770900 0.385150
vt 0.698310 0.397850
vt 0.650960 0.459290
vt 0.660280 0.361160
vt 0.618310 0.422290
vt 0.562605 0.410946
vt 0.612410 0.324290
vt 0.573310 0.482480
vt 0.414710 0.385770
vt 0.352010 0.353060
vt 0.264190 0.404660
vt 0.308160 0.326320
vt 0.370970 0.257610
vt 0.459950 0.205370
vt 0.270910 0.303710
vt 0.339850 0.229140
vt 0.564740 0.181840
vt 0.612960 0.120240
vt 0.136360 0.228480
vt 0.221300 0.135330
vt 0.195520 0.261140
vt 0.235420 0.282620
vt 0.061580 0.181780
vt 0.179860 0.077170
vt 0.088570 0.341220
vt 0.006290 0.318660
vt 0.633470 0.921490
vt 0.656000 0.986950
vt 0.490816 0.841259
vt 0.515900 0.945610
vt 0.565870 0.757760
vt 0.548620 0.703260
vt 0.476030 0.740730
vt 0.525650 0.659330
vt 0.460610 0.704610
vt 0.553990 0.573340
vt 0.501000 0.625140
vt 0.603080 0.517340
vt 0.420760 0.648790
vt 0.398100 0.624310
vt 0.278500 0.652490
vt 0.254000 0.576720
vt 0.216370 0.589180
vt 0.243070 0.492300
vt 0.201990 0.491240
vt 0.224430 0.391510
vt 0.176270 0.599320
vt 0.165750 0.487320
vt 0.185430 0.378830
vt 0.125420 0.478940
vt 0.145080 0.363670
vt 0.069210 0.468720
vt 0.040790 0.620320
vt 0.001950 0.465940
vt 0.181180 0.786700
vt 0.526650 0.998040
vt 0.389460 0.971950
vt 0.386430 0.937100
vt 0.249990 0.789010
vt 0.247610 0.848010
vt 0.274370 0.770470
vt 0.297130 0.754860
vt 0.441550 0.675380
vt 0.764320 0.339128
vt 0.764320 0.379970
vt 0.764320 0.411510
vt 0.764320 0.449114
vt 0.851010 0.056260
vt 0.764320 0.001950
vt 0.890520 0.044560
vt 0.874810 0.537010
vt 0.764320 0.080730
vt 0.823990 0.060240
vt 0.818010 0.103100
vt 0.885420 0.304560
vt 0.916730 0.306090
vt 0.974400 0.306960
vt 0.995962 0.308681
vt 0.982490 0.385630
vt 0.968920 0.131470
vt 0.910460 0.103030
vt 0.951980 0.463520
vt 0.947690 0.141730
vt 0.991410 0.225210
vt 0.870710 0.086330
vt 0.711260 0.369910
vt 0.700750 0.396000
vt 0.638140 0.044560
vt 0.589101 0.221665
vt 0.530610 0.309150
vt 0.546160 0.385610
vt 0.559740 0.131470
vt 0.576670 0.463510
vt 0.537250 0.225220
vt 0.354820 0.370121
vt 0.414549 0.594044
vt 0.336379 0.457444
vt 0.324560 0.398450
vt 0.321690 0.246310
vt 0.331757 0.709232
vt 0.553951 0.516942
vt 0.067750 0.045460
vt 0.070631 0.128691
vt 0.019399 0.077351
vt 0.146315 0.589144
vt 0.103585 0.612972
vt 0.277958 0.446734
vt 0.084465 0.685443
vt 0.085001 0.659829
vt 0.177550 0.778310
vt 0.123100 0.314550
vt 0.123100 0.277500
vt 0.145690 0.277500
vt 0.145370 0.314540
vt 0.144900 0.351970
vt 0.144630 0.389730
vt 0.145090 0.427180
vt 0.123100 0.429120
vt 0.123100 0.466330
vt 0.149210 0.463730
vt 0.123100 0.498538
vt 0.151136 0.504547
vt 0.252916 0.518737
vt 0.256459 0.523770
vt 0.217590 0.535780
vt 0.244250 0.532860
vt 0.240440 0.498870
vt 0.209690 0.499220
vt 0.230640 0.461470
vt 0.205040 0.462140
vt 0.221390 0.351470
vt 0.199370 0.351530
vt 0.200130 0.314680
vt 0.222210 0.314690
vt 0.200550 0.277450
vt 0.222760 0.277330
vt 0.163600 0.314610
vt 0.164070 0.277510
vt 0.182170 0.277500
vt 0.181690 0.314650
vt 0.163970 0.425730
vt 0.182500 0.425430
vt 0.169620 0.461940
vt 0.186600 0.461670
vt 0.172472 0.502963
vt 0.189640 0.499740
vt 0.194660 0.538900
vt 0.100830 0.314540
vt 0.100520 0.277500
vt 0.101120 0.427180
vt 0.096990 0.463730
vt 0.103118 0.605763
vt 0.112279 0.816380
vt 0.058922 0.655746
vt 0.025300 0.619180
vt 0.245780 0.565910
vt 0.011570 0.570030
vt 0.001950 0.532830
vt 0.005770 0.498830
vt 0.036510 0.499200
vt 0.015570 0.461450
vt 0.041170 0.462120
vt 0.022680 0.424380
vt 0.044630 0.425070
vt 0.046770 0.388180
vt 0.024980 0.387560
vt 0.024810 0.351460
vt 0.046830 0.351530
vt 0.046070 0.314680
vt 0.023990 0.314680
vt 0.045650 0.277450
vt 0.023450 0.277320
vt 0.064030 0.277500
vt 0.082130 0.277500
vt 0.082610 0.314600
vt 0.064510 0.314640
vt 0.065190 0.351620
vt 0.065080 0.388620
vt 0.082230 0.425720
vt 0.063710 0.425420
vt 0.076590 0.461940
vt 0.059610 0.461660
vt 0.056560 0.499730
vt 0.368636 0.800518
vt 0.350493 0.767921
vt 0.371408 0.761860
vt 0.356268 0.745988
vt 0.338373 0.747755
vt 0.392220 0.733270
vt 0.784353 0.131118
vt 0.674390 0.211660
vt 0.702712 0.184046
vt 0.820370 0.140020
vt 0.648990 0.249960
vt 0.795750 0.553260
vt 0.697608 0.704628
vt 0.694873 0.718412
vt 0.680251 0.705061
vt 0.752503 0.647602
vt 0.590260 0.690700
vt 0.639098 0.721165
vt 0.594148 0.715845
vt 0.550215 0.409588
vt 0.724381 0.729496
vt 0.412202 0.523282
vt 0.436324 0.487626
vt 0.469164 0.520140
vt 0.548948 0.505583
vt 0.534602 0.744141
vt 0.484950 0.760830
vt 0.422263 0.716139
vt 0.433862 0.694812
vt 0.412629 0.628507
vt 0.423017 0.641032
vt 0.399783 0.630695
vt 0.567816 0.686532
vt 0.546060 0.723781
vt 0.455223 0.650949
vt 0.949239 0.325466
vt 0.969522 0.338005
vt 0.940080 0.338460
vt 0.937366 0.325141
vt 0.378877 0.493998
vt 0.228386 0.284353
vt 0.321160 0.677070
vt 0.390870 0.433662
vt 0.201589 0.296052
vt 0.183569 0.388219
vt 0.301118 0.446788
vt 0.382659 0.343631
vt 0.415730 0.378230
vt 0.405815 0.389771
vt 0.391124 0.408316
vt 0.806007 0.009948
vt 0.879135 0.460930
vt 0.892294 0.447989
vt 0.840639 0.135520
vt 0.762036 0.081934
vt 0.854353 0.882121
vt 0.798429 0.520997
vt 0.852162 0.896341
vt 0.525507 0.826185
vt 0.492798 0.820825
vt 0.561177 0.749673
vt 0.552796 0.849292
vt 0.440265 0.816257
vt 0.427168 0.796628
vt 0.467616 0.798312
vt 0.044504 0.780944
vt 0.029669 0.831839
vt 0.046014 0.873835
vt 0.135835 0.803801
vt 0.149727 0.929503
vt 0.065835 0.907675
vt 0.038990 0.914810
vt 0.036930 0.963190
vt 0.155793 0.920169
vt 0.789648 0.898630
vt 0.759590 0.936724
vt 0.818339 0.955380
vt 0.074224 0.422589
vt 0.081261 0.542096
vt 0.148145 0.525043
vt 0.015226 0.381719
vt 0.848030 0.150050
vt 0.026520 0.308550
vt 0.239169 0.919582
vt 0.179349 0.905203
vt 0.231941 0.895791
vt 0.165518 0.889449
vt 0.260970 0.925960
vt 0.287970 0.894220
vt 0.868974 0.200432
vt 0.877899 0.261818
vt 0.876237 0.252648
vt 0.891660 0.256311
vt 0.884868 0.237399
vt 0.914398 0.253282
vt 0.789818 0.738364
vt 0.763215 0.729939
vt 0.658641 0.780852
vt 0.672197 0.055838
vt 0.734246 0.737405
vt 0.651959 0.081602
vt 0.637809 0.155481
vt 0.568607 0.158119
vt 0.568950 0.203530
vt 0.535104 0.211397
vt 0.573078 0.222512
vt 0.628770 0.345230
vt 0.915457 0.563660
vt 0.941228 0.589689
vt 0.945521 0.617472
vt 0.889679 0.607789
vt 0.092317 0.126667
vt 0.473090 0.900230
vt 0.044023 0.039128
vt 0.077272 0.041693
vt 0.048804 0.052069
vt 0.068421 0.066830
vt 0.160550 0.046820
vt 0.184620 0.076440
vt 0.022974 0.233923
vt 0.001950 0.173110
vt 0.233460 0.189370
vt 0.185350 0.260084
vt 0.882525 0.320953
vt 0.053154 0.028505
vt 0.019399 0.035527
vt 0.817867 0.376236
vt 0.894553 0.332556
vt 0.851335 0.386694
vt 0.913980 0.317850
vt 0.883240 0.289710
vt 0.668630 0.875038
vt 0.649424 0.895983
vt 0.805505 0.577731
vt 0.840607 0.578024
vt 0.272567 0.052697
vt 0.378130 0.001950
vt 0.296559 0.035205
vt 0.313592 0.011697
vt 0.319622 0.209059
vt 0.058789 0.748950
vt 0.041342 0.756649
vt 0.131397 0.582833
vt 0.162819 0.588983
vt 0.076485 0.703569
vt 0.628501 0.829328
vt 0.180010 0.737990
vt 0.134450 0.676970
vt 0.448566 0.814035
vt 0.485040 0.819290
vt 0.550776 0.906048
vt 0.504920 0.932680
vt 0.491230 0.906370
vt 0.567110 0.967460
vt 0.427651 0.895247
vt 0.826268 0.476938
vt 0.783704 0.473481
vt 0.287740 0.629310
vt 0.326577 0.621404
vt 0.310649 0.647594
vt 0.488646 0.166196
vt 0.540690 0.164729
vt 0.013090 0.188230
vt 0.218640 0.216540
vt 0.386800 0.484920
vt 0.414470 0.454170
vt 0.737776 0.762260
vt 0.738390 0.740830
vt 0.727780 0.780503
vt 0.353020 0.513650
vt 0.363820 0.548970
vt 0.548081 0.326160
vt 0.465401 0.374185
vt 0.417571 0.172947
vt 0.454620 0.152460
vt 0.445192 0.344028
vt 0.379830 0.159254
vt 0.430033 0.123590
vt 0.457048 0.085526
vt 0.638188 0.132021
vt 0.586154 0.185720
vt 0.609200 0.223520
vt 0.436460 0.420000
vt 0.399971 0.410584
vt 0.382560 0.371200
vt 0.416872 0.322898
vt 0.380720 0.312022
vt 0.389690 0.245270
vt 0.355400 0.047558
vt 0.537017 0.083317
vt 0.379750 0.010704
vt 0.813025 0.217994
vt 0.795527 0.258057
vt 0.776470 0.292413
vt 0.580570 0.490640
vt 0.403838 0.583988
vt 0.373414 0.597253
vt 0.335300 0.484700
vt 0.364880 0.453770
vt 0.361670 0.401520
vt 0.342712 0.364329
vt 0.274604 0.406764
vt 0.004620 0.281926
vt 0.595951 0.742802
vt 0.693245 0.841804
vt 0.690600 0.870350
vt 0.676970 0.901560
vt 0.721730 0.882450
vt 0.616002 0.992674
vt 0.389540 0.864980
vt 0.404670 0.848420
vt 0.367358 0.812424
vt 0.446780 0.831710
vt 0.362155 0.670088
vt 0.935837 0.474179
vt 0.283040 0.001950
vt 0.244104 0.387463
vt 0.090390 0.373870
vt 0.803330 0.884895
vt 0.779110 0.925950
vt 0.214913 0.634850
s 1
usemtl HOUND
f 5/1/1 602/2/2 4/3/3
f 3198/4/4 8/5/5 9/6/6
f 10/7/7 44/8/8 6/9/9
f 3190/10/10 14/11/11 13/12/12
f 58/13/13 37/14/14 38/15/15
f 68/16/16 39/17/17 1643/18/18
f 3187/19/19 45/20/20 46/21/21
f 50/22/22 51/23/23 53/24/24
f 55/25/25 56/26/26 1603/27/27
f 47/28/28 46/21/21 57/29/29
f 76/30/30 46/21/21 61/31/31
f 69/32/32 68/16/16 1602/33/33
f 74/34/34 66/35/35 73/36/36
f 77/37/37 58/13/13 49/38/38
f 79/39/39 80/40/40 81/41/41
f 44/8/8 12/42/42 13/12/12
f 99/43/43 94/44/44 101/45/45
f 101/45/45 102/46/46 113/47/47
f 112/48/48 108/49/49 100/50/50
f 105/51/51 111/52/52 110/53/53
f 112/48/48 100/50/50 101/45/45
f 101/45/45 113/47/47 112/48/48
f 112/48/48 114/54/54 108/49/49
f 114/54/54 109/55/55 110/56/53
f 118/57/56 116/58/57 117/59/58
f 114/54/54 118/60/56 108/49/49
f 110/53/53 117/59/58 115/61/59
f 102/46/46 96/62/60 103/63/61
f 128/64/62 129/65/63 98/66/64
f 126/67/65 93/68/66 125/69/67
f 142/70/68 143/71/69 141/72/70
f 155/73/71 156/74/72 154/75/73
f 156/76/72 173/77/74 174/78/75
f 301/79/76 302/80/77 303/81/78
f 753/82/79 304/83/80 756/84/81
f 338/85/82 339/86/83 354/87/84
f 343/88/85 344/89/86 371/90/87
f 355/91/88 356/92/89 357/93/90
f 242/94/91 382/95/92 381/96/93
f 386/97/94 289/98/95 288/99/96
f 387/100/97 388/101/98 540/102/99
f 540/102/99 388/101/98 417/103/100
f 418/104/101 388/101/98 321/105/102
f 414/106/103 425/107/104 424/108/105
f 438/109/106 409/110/107 437/111/108
f 453/112/109 454/113/110 463/114/111
f 472/115/112 450/116/113 471/117/114
f 145/118/115 485/119/116 486/120/117
f 533/121/118 1585/122/119 2128/123/120
f 524/124/121 522/125/122 525/126/123
f 510/127/124 502/128/125 506/129/126
f 412/130/127 432/131/128 459/132/129
f 540/102/99 417/103/100 539/133/130
f 415/134/131 397/135/132 292/136/133
f 376/137/134 374/138/135 377/139/136
f 359/140/137 363/141/138 335/142/139
f 145/143/115 144/144/140 483/145/141
f 559/146/142 571/147/143 560/148/144
f 566/149/145 558/150/146 553/151/147
f 556/152/148 2158/153/149 569/154/150
f 573/155/151 576/156/152 572/157/153
f 574/158/154 2179/159/155 585/160/156
f 578/161/157 586/162/158 587/163/159
f 576/156/152 584/164/160 589/165/161
f 550/166/162 355/91/88 340/167/163
f 516/168/164 511/169/165 517/170/166
f 76/171/30 85/172/167 28/173/168
f 76/30/30 61/31/31 85/174/167
f 5/1/1 4/3/3 1/175/169
f 601/176/170 4/177/3 602/178/2
f 3183/179/171 602/180/2 3189/181/172
f 3184/182/173 7/183/174 3183/179/171
f 601/184/170 3182/185/175 1/186/169
f 636/187/176 603/188/177 637/189/178
f 622/190/179 623/191/180 639/192/181
f 631/193/182 632/194/183 638/195/184
f 640/196/185 592/197/186 639/192/181
f 637/189/178 604/198/187 638/195/184
f 645/199/188 651/200/189 616/201/190
f 628/202/191 631/193/182 651/200/189
f 622/190/179 642/203/192 644/204/193
f 625/205/194 641/206/195 627/207/196
f 630/208/197 603/188/177 658/209/198
f 635/210/199 663/211/200 603/188/177
f 615/212/201 654/213/202 616/201/190
f 616/201/190 654/213/202 612/214/203
f 608/215/204 659/216/205 610/217/206
f 615/218/201 660/219/207 654/220/202
f 672/221/208 673/222/209 671/223/210
f 788/224/211 673/222/209 710/225/212
f 1350/226/213 701/227/214 711/228/215
f 706/229/216 707/230/217 725/231/218
f 739/232/219 740/233/220 741/234/221
f 747/235/222 740/233/220 746/236/223
f 750/237/224 278/238/225 749/239/226
f 752/240/227 289/98/95 751/241/228
f 772/242/229 773/243/230 723/244/231
f 720/245/232 773/243/230 774/246/233
f 788/224/211 710/225/212 783/247/234
f 684/248/235 754/249/236 1366/250/237
f 753/82/79 732/251/238 304/83/80
f 787/252/239 793/253/240 792/254/241
f 383/255/242 384/256/243 370/257/244
f 803/258/245 278/259/225 804/260/246
f 794/261/247 739/232/219 776/262/248
f 771/263/249 757/264/250 286/265/251
f 847/266/252 843/267/253 849/268/254
f 860/269/255 856/270/256 854/271/257
f 860/269/255 854/271/257 859/272/258
f 853/273/259 862/274/260 854/271/257
f 863/275/261 848/276/262 849/268/254
f 849/268/254 843/267/253 866/277/263
f 848/278/262 863/279/261 861/280/264
f 873/281/265 868/282/266 871/283/267
f 872/284/268 869/285/269 868/286/266
f 864/287/270 862/288/260 872/284/268
f 873/281/265 871/283/267 861/280/264
f 845/289/271 857/290/272 852/291/273
f 841/292/274 847/293/252 848/278/262
f 877/294/275 878/295/276 876/296/277
f 881/297/278 882/298/279 880/299/280
f 1232/300/281 884/301/282 883/302/283
f 882/298/279 865/303/284 880/299/280
f 884/301/282 858/304/285 883/302/283
f 886/305/286 855/306/287 884/307/282
f 897/308/288 893/309/289 900/310/290
f 899/311/291 900/310/290 898/312/292
f 901/313/293 902/314/294 911/315/295
f 905/316/296 890/317/297 904/318/298
f 908/319/299 904/318/298 909/320/300
f 910/321/301 909/320/300 904/318/298
f 901/313/293 911/315/295 898/322/292
f 901/313/293 895/323/302 902/314/294
f 898/312/292 912/324/303 907/325/304
f 898/322/292 911/315/295 912/326/303
f 914/327/305 915/328/306 913/329/307
f 912/326/303 909/330/300 914/331/305
f 910/321/301 907/325/304 916/332/308
f 909/320/300 916/332/308 915/328/306
f 914/327/305 913/329/307 907/325/304
f 896/333/309 905/316/296 903/334/310
f 889/335/311 897/308/288 899/311/291
f 922/336/312 919/337/313 921/338/314
f 921/338/314 923/339/315 922/336/312
f 925/340/316 892/341/317 923/342/315
f 933/343/318 957/344/319 934/345/320
f 941/346/321 942/347/322 940/348/323
f 943/349/324 944/350/325 952/351/326
f 947/352/327 934/345/320 946/353/328
f 933/343/318 941/354/321 940/355/323
f 950/356/329 946/353/328 951/357/330
f 957/344/319 951/357/330 946/353/328
f 943/349/324 952/351/326 940/348/323
f 936/358/331 937/359/332 943/349/324
f 943/349/324 937/359/332 944/350/325
f 940/355/323 953/360/333 949/361/334
f 940/348/323 952/351/326 953/362/333
f 954/363/335 955/364/336 949/361/334
f 953/362/333 951/365/330 954/366/335
f 957/344/319 949/361/334 956/367/337
f 938/368/338 947/352/327 945/369/339
f 968/370/340 967/371/341 966/372/342
f 958/373/343 948/374/344 969/375/345
f 961/376/346 963/377/347 935/378/348
f 981/379/349 980/380/350 1010/381/351
f 987/382/352 986/383/353 981/379/349
f 984/384/354 985/385/355 995/386/356
f 989/387/357 973/388/358 988/389/359
f 970/390/360 975/391/361 971/392/362
f 991/393/363 981/379/349 986/383/353
f 1000/394/364 992/395/365 988/389/359
f 984/384/354 995/386/356 993/396/366
f 977/397/367 978/398/368 985/385/355
f 996/399/369 997/400/370 999/401/371
f 999/401/371 997/400/370 998/402/372
f 993/396/366 992/403/365 996/404/369
f 999/401/371 998/402/372 1000/394/364
f 985/385/355 991/393/363 986/383/353
f 980/380/350 981/379/349 991/393/363
f 972/405/373 982/406/374 983/407/375
f 1004/408/376 1001/409/377 1002/410/378
f 1003/411/379 990/412/380 1012/413/381
f 1008/414/382 1010/381/351 980/380/350
f 1004/408/376 976/415/383 970/390/360
f 1005/416/384 1006/417/385 976/418/383
f 1008/414/382 979/419/386 1006/417/385
f 1023/420/387 1024/421/388 1025/422/389
f 1025/422/389 1024/421/388 1026/423/390
f 1035/424/391 1033/425/392 1024/421/388
f 1044/426/393 1043/427/394 1046/428/395
f 1045/429/396 1043/430/394 1044/431/393
f 1045/429/396 1044/431/393 1037/432/397
f 1047/433/398 1046/428/395 1042/434/399
f 1023/420/387 1020/435/400 1024/421/388
f 1035/424/391 1028/436/401 1033/425/392
f 1015/437/402 1031/438/403 1030/439/404
f 1060/440/405 1048/441/406 1013/442/407
f 1059/443/408 1032/444/409 1021/445/410
f 1048/441/406 1060/440/405 1061/446/411
f 1062/447/412 1060/440/405 1013/442/407
f 1049/448/413 1013/442/407 1050/449/414
f 1056/450/415 1021/445/410 1019/451/416
f 1077/452/417 1078/453/418 1089/454/419
f 1081/455/420 1087/456/421 1086/457/422
f 1077/452/417 1089/454/419 1088/458/423
f 1069/459/424 1072/460/425 1078/453/418
f 1090/461/426 1091/462/427 1093/463/428
f 1088/458/423 1085/464/429 1086/465/422
f 1093/466/428 1091/467/427 1092/468/430
f 1088/458/423 1086/465/422 1090/461/426
f 1086/457/422 1092/468/430 1091/467/427
f 1078/453/418 1072/460/425 1079/469/431
f 1103/470/432 1104/471/433 1074/472/434
f 1067/473/435 1099/474/436 1098/475/437
f 1071/476/438 1070/477/439 1101/478/440
f 1109/479/441 1127/480/442 1110/481/443
f 1117/482/444 1112/483/445 1119/484/446
f 1119/484/446 1120/485/447 1129/486/448
f 1109/479/441 1117/487/444 1118/488/449
f 1122/489/450 1123/490/451 1126/491/452
f 1127/480/442 1126/491/452 1123/490/451
f 1129/486/448 1118/492/449 1119/484/446
f 1120/485/447 1114/493/453 1121/494/454
f 1129/486/448 1128/495/455 1131/496/456
f 1131/496/456 1132/497/457 1130/498/458
f 1130/499/458 1132/500/457 1133/501/459
f 1118/488/449 1133/501/459 1127/480/442
f 1126/491/452 1133/501/459 1132/500/457
f 1131/496/456 1130/498/458 1118/492/449
f 1114/493/453 1115/502/460 1121/494/454
f 1113/503/461 1140/504/462 1139/505/463
f 1142/506/464 1134/507/465 1125/508/466
f 1111/509/467 1107/510/468 1137/511/469
f 1137/512/469 1138/513/470 1111/514/467
f 1157/515/471 1151/516/472 1159/517/473
f 1159/517/473 1160/518/474 1170/519/475
f 1168/520/476 1167/521/477 1163/522/478
f 1159/517/473 1170/519/475 1169/523/479
f 1172/524/480 1173/525/481 1171/526/482
f 1169/523/479 1166/527/483 1167/528/477
f 1171/529/482 1173/530/481 1174/531/484
f 1169/523/479 1167/528/477 1172/524/480
f 1165/532/485 1174/531/484 1168/520/476
f 1167/521/477 1174/531/484 1173/530/481
f 1172/524/480 1171/526/482 1165/533/485
f 1160/518/474 1154/534/486 1161/535/487
f 1175/536/488 1176/537/489 1180/538/490
f 1179/539/491 1180/540/490 1178/541/492
f 1178/542/492 1181/543/493 1179/544/491
f 1156/545/494 1153/546/495 1183/547/496
f 1153/546/495 1152/548/497 1182/549/498
f 1196/550/499 1190/551/500 1198/552/501
f 1207/553/502 1200/554/503 1205/555/504
f 1202/556/505 1187/557/506 1201/558/507
f 1194/559/508 1200/554/503 1207/553/502
f 1205/560/504 1201/558/507 1206/561/509
f 1201/558/507 1213/562/510 1206/561/509
f 1208/563/511 1197/564/512 1198/552/501
f 1199/565/513 1207/553/502 1208/563/511
f 1197/564/512 1208/563/511 1204/566/514
f 1211/567/515 1210/568/516 1212/569/517
f 1206/561/509 1212/569/517 1210/568/516
f 1206/570/509 1210/571/516 1209/572/518
f 1206/570/509 1209/572/518 1208/563/511
f 1209/572/518 1211/573/515 1204/566/514
f 1199/565/513 1194/559/508 1207/553/502
f 1195/574/519 1202/556/505 1200/575/503
f 1186/576/520 1196/577/499 1197/578/512
f 1215/579/521 1216/580/522 1214/581/523
f 1224/582/524 1223/583/525 1222/584/526
f 1227/585/527 1215/579/521 1203/586/528
f 1188/587/529 1214/581/523 1219/588/530
f 1193/589/531 1192/590/532 1223/583/525
f 1229/591/533 921/592/314 969/593/345
f 1011/594/534 1228/595/535 1231/596/536
f 1005/597/384 1251/598/537 1006/599/385
f 918/600/538 1236/601/539 919/602/313
f 921/592/314 1238/603/540 969/593/345
f 875/604/541 885/605/542 1235/606/543
f 964/607/544 1234/608/545 966/609/342
f 918/600/538 929/610/546 1236/601/539
f 1228/595/535 1243/611/547 1244/612/548
f 1243/611/547 1288/613/549 1244/612/548
f 1238/603/540 1236/601/539 1245/614/550
f 929/610/546 1246/615/551 1236/601/539
f 1288/613/549 1238/603/540 1245/614/550
f 1233/616/552 1252/617/553 1234/608/545
f 1251/598/537 1252/617/553 1233/616/552
f 1230/618/554 1237/619/555 1298/620/556
f 1230/618/554 1298/620/556 1254/621/557
f 1253/622/558 1234/608/545 1252/617/553
f 1261/623/559 1258/624/560 1259/625/561
f 1260/626/562 1263/627/563 1261/623/559
f 704/628/564 1272/629/565 1271/630/566
f 1274/631/567 1276/632/568 1336/633/569
f 1245/614/550 1289/634/570 1290/635/571
f 1282/636/572 1294/637/573 1286/638/574
f 835/639/575 1292/640/576 1293/641/577
f 1282/636/572 1281/642/578 1294/637/573
f 1292/640/576 835/639/575 834/643/579
f 1254/621/557 1298/620/556 1297/644/580
f 885/605/542 1247/645/581 1235/606/543
f 1242/646/582 1235/606/543 1249/647/583
f 881/648/278 1230/618/554 1241/649/584
f 1232/650/281 1240/651/585 1256/652/586
f 875/604/541 1242/646/582 878/653/276
f 1232/300/281 883/302/283 1240/654/585
f 845/289/271 852/291/273 867/655/587
f 871/283/267 870/656/588 853/273/259
f 872/284/268 868/286/266 873/657/265
f 864/658/270 859/272/258 862/274/260
f 860/269/255 858/659/285 855/306/287
f 849/268/254 866/277/263 850/660/589
f 1299/661/590 838/662/591 1300/663/592
f 1281/642/578 1283/664/593 1316/665/594
f 837/666/595 1299/661/590 1323/667/596
f 1323/667/596 1299/661/590 1325/668/597
f 1328/669/598 1307/670/599 1329/671/600
f 1312/672/601 1330/673/602 1309/674/603
f 1309/674/603 1330/673/602 1307/670/599
f 1336/675/569 1277/676/604 1335/677/605
f 1332/678/606 1341/679/607 1330/673/602
f 1330/673/602 1341/679/607 1329/671/600
f 1340/680/608 1337/681/609 1323/667/596
f 1318/682/610 1345/683/611 1319/684/612
f 1346/685/613 1345/683/611 1344/686/614
f 1349/687/615 1324/688/616 1321/689/617
f 1347/690/618 1345/683/611 1346/685/613
f 789/691/619 729/692/620 1352/693/621
f 1334/694/622 1268/695/623 1357/696/624
f 1359/697/625 1261/623/559 1358/698/626
f 1358/698/626 1261/623/559 1360/699/627
f 1360/699/627 1259/625/561 1048/700/406
f 1363/701/628 1354/702/629 730/703/630
f 287/704/631 818/705/632 1365/706/633
f 1367/707/634 779/708/635 1368/709/636
f 779/708/635 1363/701/628 1368/709/636
f 1370/710/637 779/708/635 1367/707/634
f 1371/711/638 736/712/639 1372/713/640
f 708/714/641 1366/250/237 753/82/79
f 1377/715/642 731/716/643 1372/713/640
f 274/717/644 1393/718/645 1394/719/646
f 1404/720/647 186/721/648 1384/722/649
f 1405/723/650 1406/724/651 212/725/652
f 1410/726/653 210/727/654 209/728/655
f 1461/729/656 1460/730/657 1465/731/658
f 3030/732/659 1466/733/660 1452/734/661
f 1377/715/642 1372/713/640 736/712/639
f 1052/735/662 731/716/643 1377/715/642
f 1370/710/637 1367/707/634 735/736/663
f 1369/737/664 760/738/665 751/241/228
f 1368/709/636 1363/701/628 782/739/666
f 1051/740/667 1048/700/406 1361/741/668
f 1360/699/627 1261/623/559 1259/625/561
f 1061/742/411 1360/699/627 1048/700/406
f 1329/671/600 1307/670/599 1330/673/602
f 1307/670/599 1308/743/669 1310/744/670
f 704/628/564 1271/630/566 705/745/671
f 1263/746/563 700/747/672 1258/748/560
f 1263/746/563 1257/749/673 700/747/672
f 1050/449/414 1016/750/674 1049/448/413
f 1057/751/675 1059/443/408 1021/445/410
f 1030/439/404 1046/428/395 1036/752/676
f 1040/753/677 1037/432/397 1044/431/393
f 1039/754/678 1037/432/397 1040/753/677
f 1026/423/390 1039/754/678 1025/422/389
f 1034/755/679 1038/756/680 1037/757/397
f 1028/758/401 1027/759/681 1034/755/679
f 1030/439/404 1017/760/682 1022/761/683
f 1035/424/391 1021/445/410 1032/444/409
f 384/256/243 379/762/684 407/763/685
f 345/764/686 348/765/687 374/138/135
f 1470/766/688 1136/767/689 1606/768/690
f 1100/769/691 127/770/692 1472/771/693
f 1100/769/691 1474/772/694 1102/773/695
f 120/774/696 1486/775/697 121/776/698
f 1183/777/496 1478/778/699 1481/779/700
f 1175/536/488 1484/780/701 1135/781/702
f 1491/782/703 1493/783/704 1492/784/705
f 1492/784/705 1493/783/704 1490/785/706
f 1227/786/527 1225/787/707 1511/788/708
f 1495/789/709 1489/790/710 198/791/711
f 1494/792/712 1489/790/710 1499/793/713
f 1503/794/714 1504/795/715 1486/775/697
f 1506/796/716 1510/797/717 219/798/718
f 1520/799/719 1507/800/720 199/801/721
f 1506/802/716 1493/803/704 1227/786/527
f 1521/804/722 1518/805/723 1522/806/724
f 1527/807/725 1528/808/726 1529/809/727
f 1541/810/728 1518/811/723 1516/812/729
f 1544/813/730 1511/788/708 1498/814/731
f 1561/815/732 1538/816/733 1528/808/726
f 1565/817/734 1562/818/735 1563/819/736
f 1565/817/734 1561/815/732 1562/818/735
f 1565/817/734 1563/819/736 1564/820/737
f 1539/821/738 1538/816/733 1559/822/739
f 1556/823/740 1550/824/741 1532/825/742
f 1500/826/743 1548/827/744 1497/828/745
f 1507/829/720 1520/830/719 1568/831/746
f 1430/832/747 199/801/721 216/833/748
f 1423/834/749 1403/835/750 1426/836/751
f 1400/837/752 1382/838/753 1381/839/754
f 1906/840/755 344/89/86 343/88/85
f 1566/841/756 1480/842/757 1567/843/758
f 1537/844/759 1474/772/694 1539/821/738
f 438/109/106 463/114/111 410/845/760
f 1581/846/761 1464/847/762 3042/848/763
f 1431/849/764 1436/850/765 391/851/766
f 609/852/767 617/853/768 618/854/769
f 1585/122/119 523/855/770 1586/856/771
f 574/158/154 585/160/156 591/857/772
f 493/858/773 1590/859/774 1572/860/775
f 142/861/68 488/862/776 1572/860/775
f 1595/863/777 419/864/778 1596/865/779
f 1598/866/780 373/867/781 1963/868/782
f 398/869/783 816/870/784 399/871/785
f 477/872/786 138/873/787 478/874/788
f 1411/875/789 1407/876/790 1398/877/791
f 1560/878/792 1565/817/734 1557/879/793
f 1551/880/794 1552/881/795 1547/882/796
f 1537/844/759 1539/821/738 1536/883/797
f 1511/788/708 1513/884/798 1227/786/527
f 219/798/718 1510/797/717 1424/885/799
f 1605/886/800 1102/773/695 1139/887/463
f 1606/768/690 1485/888/801 1095/889/802
f 1470/890/688 1102/773/695 1605/886/800
f 219/798/718 1408/891/803 1506/796/716
f 603/892/177 663/893/200 664/894/804
f 648/895/805 647/896/806 619/897/807
f 593/898/808 647/896/806 594/899/809
f 359/140/137 335/142/139 368/900/810
f 561/901/811 15/902/812 560/903/144
f 567/904/813 13/12/12 563/905/814
f 554/906/815 6/9/9 553/907/147
f 6/9/9 3203/908/816 8/5/5
f 37/14/14 58/13/13 534/909/817
f 658/910/198 664/894/804 665/911/818
f 650/912/819 649/913/820 638/195/184
f 638/195/184 604/198/187 631/193/182
f 561/914/811 579/915/821 564/916/822
f 48/917/823 47/28/28 77/918/37
f 35/919/824 620/920/825 36/921/826
f 36/921/826 620/920/825 527/922/827
f 34/923/828 620/920/825 35/919/824
f 621/924/829 33/925/830 1607/926/831
f 2214/927/832 1584/928/833 596/929/834
f 1587/930/835 526/931/836 1588/932/837
f 522/125/122 521/933/838 513/934/839
f 517/170/166 508/935/840 507/936/841
f 511/169/165 506/129/126 505/937/842
f 502/128/125 501/938/843 504/939/844
f 477/872/786 501/938/843 500/940/845
f 1611/941/846 1612/942/847 1610/943/848
f 365/944/849 363/141/138 366/945/850
f 365/944/849 549/946/851 363/141/138
f 479/947/852 599/948/853 1571/949/854
f 817/950/855 312/951/856 315/952/857
f 396/953/858 399/871/785 813/954/859
f 817/950/855 816/870/784 312/951/856
f 2199/955/860 1615/956/861 1614/957/862
f 1616/958/863 1619/959/864 1620/960/865
f 1638/961/866 1639/962/867 2218/963/868
f 1640/964/869 2127/965/870 1663/966/871
f 1662/967/872 1641/968/873 1642/969/874
f 1643/18/18 39/17/17 1678/970/875
f 1685/971/876 3174/972/877 3172/973/878
f 1655/974/879 1656/975/880 1654/976/881
f 1668/977/882 1653/978/883 1686/979/884
f 1662/967/872 1663/966/871 1661/980/885
f 1666/981/886 1615/956/861 1650/982/887
f 1675/983/888 1676/984/889 1682/985/890
f 1620/960/865 1622/986/891 1651/987/892
f 1700/988/893 1723/989/894 1724/990/895
f 1706/991/896 1708/992/897 1705/993/898
f 1708/992/897 1706/991/896 1707/994/899
f 1703/995/900 1702/996/901 1712/997/902
f 1700/988/893 1711/998/903 1709/999/904
f 1714/1000/905 1715/1001/906 1713/1002/907
f 1715/1003/906 1714/1004/905 1717/1005/908
f 1714/1004/905 1713/1006/907 1717/1005/908
f 1717/1005/908 1697/1007/909 1696/1008/910
f 1716/1009/911 1717/1005/908 1696/1008/910
f 1712/997/902 1715/1001/906 1716/1010/911
f 1695/1011/912 1698/1012/913 1691/1013/914
f 1719/1014/915 1720/1015/916 1718/1016/917
f 1723/989/894 1722/1017/918 3048/1018/919
f 1721/1019/920 1730/1020/921 1720/1021/916
f 1727/1022/922 1730/1020/921 1692/1023/923
f 1725/1024/924 1724/990/895 1729/1025/925
f 1746/1026/926 1747/1027/927 1748/1028/928
f 1812/1029/929 1795/1030/930 1794/1031/931
f 1882/1032/932 1883/1033/933 1884/1034/934
f 339/86/83 1932/1035/935 1931/1036/936
f 344/89/86 1938/1037/937 1937/1038/938
f 1937/1038/938 1963/868/782 372/1039/939
f 1976/1040/940 1837/1041/941 1975/1042/942
f 2007/1043/943 2008/1044/944 2009/1045/945
f 2014/1046/946 1983/1047/947 2013/1048/948
f 2021/1049/949 2010/1050/950 2020/1051/951
f 2046/1052/952 2065/1053/953 2064/1054/954
f 2069/1055/955 2070/1056/956 2068/1057/957
f 310/1058/958 140/1059/959 1739/1060/960
f 2084/1061/961 2085/1062/962 2086/1063/963
f 2097/1064/964 2070/1056/956 2096/1065/965
f 2105/1066/966 2106/1067/967 2103/1068/968
f 2128/123/120 1585/122/119 2129/1069/969
f 2130/1070/970 2131/1071/971 2129/1069/969
f 2121/1072/972 2119/1073/973 2118/1074/974
f 1737/1075/975 2070/1056/956 2097/1064/964
f 2003/1076/976 2032/1077/977 2034/1078/978
f 2013/1048/948 1983/1047/947 2136/1079/979
f 2146/1080/980 1948/1081/981 2004/1082/982
f 2169/1083/983 2171/1084/984 2164/1085/985
f 2168/1086/986 2185/1087/987 574/158/154
f 2186/1088/988 2103/1089/968 2187/1090/989
f 1933/1091/990 1936/1092/991 1948/1081/981
f 1690/1093/992 1684/1094/993 1632/1095/994
f 2195/1096/995 1666/981/886 1649/1097/996
f 1669/1098/997 1667/1099/998 2194/1100/999
f 2197/1101/1000 1614/1102/862 2196/1103/1001
f 2198/1104/1002 2199/1105/860 1614/1106/862
f 3175/1107/1003 2198/1104/1002 2200/1108/1004
f 2196/1109/1001 3179/1110/1005 2197/1111/1000
f 2207/1112/1006 2208/1113/1007 2209/1114/1008
f 2210/1115/1009 611/1116/1010 2208/1113/1007
f 2219/1117/1011 2221/1118/1012 2222/1119/1013
f 2204/1120/1014 2213/1121/1015 2205/1122/1016
f 2228/1123/1017 2227/1124/1018 2203/1125/1019
f 2186/1088/988 2187/1090/989 2220/1126/1020
f 2211/1127/1021 2236/1128/1022 2235/1129/1023
f 2238/1130/1024 2204/1120/1014 2243/1131/1025
f 2231/1132/1026 1636/1133/1027 2244/1134/1028
f 2229/1135/1029 2240/1136/1030 2228/1123/1017
f 2220/1126/1020 2187/1090/989 2221/1118/1012
f 2258/1137/1031 2249/1138/1032 2202/1139/1033
f 2252/1140/1034 2213/1121/1015 2212/1141/1035
f 2253/1142/1036 597/1143/1037 2191/1144/1038
f 2246/1145/1039 2209/1114/1008 2208/1113/1007
f 2254/1146/1040 2255/1147/1041 2252/1148/1034
f 2256/1149/1042 597/1150/1037 2253/1151/1036
f 2269/1152/1043 2270/1153/1044 2268/1154/1045
f 2291/1155/1046 2290/1156/1047 2292/1157/1048
f 2321/1158/1049 2301/1159/1050 2320/1160/1051
f 2285/1161/1052 2288/1162/1053 2289/1163/1054
f 2338/1164/1055 2339/1165/1056 2340/1166/1057
f 2337/1167/1058 2342/1168/1059 2341/1169/1060
f 1885/1170/1061 2345/1171/1062 2344/1172/1063
f 2368/1173/1064 2369/1174/1065 2385/1175/1066
f 2380/1176/1067 2373/1177/1068 2303/1178/1069
f 2341/1179/1060 2339/1165/1056 2338/1164/1055
f 2366/1180/1070 2291/1155/1046 2308/1181/1071
f 2383/1182/1072 2378/1183/1073 2384/1184/1074
f 1896/1185/1075 1895/1186/1076 2022/1187/1077
f 2397/1188/1078 2390/1189/1079 1894/1190/1080
f 1895/1186/1076 2391/1191/1081 2387/1192/1082
f 1885/1193/1061 1883/1033/933 2395/1194/1083
f 2393/1195/1084 1883/1033/933 1882/1032/932
f 2397/1188/1078 2396/1196/1085 1878/1197/1086
f 2385/1175/1066 2335/1198/1087 2386/1199/1088
f 2403/1200/1089 2406/1201/1090 2404/1202/1091
f 2407/1203/1092 312/951/856 2408/1204/1093
f 1875/1205/1094 2367/1206/1095 1876/1207/1096
f 2324/1208/1097 1879/1209/1098 1881/1210/1099
f 2458/1211/1100 2432/1212/1101 2430/1213/1102
f 2444/1214/1103 2446/1215/1104 2445/1216/1105
f 2458/1211/1100 2436/1217/1106 2432/1212/1101
f 2449/1218/1107 2450/1219/1108 2443/1220/1109
f 2440/1221/1110 2451/1222/1111 2437/1223/1112
f 2452/1224/1113 2435/1225/1114 2441/1226/1115
f 2455/1227/1116 2454/1228/1117 2459/1229/1118
f 2456/1230/1119 2455/1227/1116 2457/1231/1120
f 2457/1231/1120 2455/1227/1116 2459/1229/1118
f 2454/1232/1117 2455/1233/1116 2456/1234/1119
f 2449/1218/1107 2457/1231/1120 2450/1219/1108
f 2434/1235/1121 2439/1236/1122 2448/1237/1123
f 2436/1238/1106 2435/1225/1114 2432/1239/1101
f 2462/1240/1124 2446/1215/1104 2463/1241/1125
f 2431/1242/1126 2463/1241/1125 2446/1215/1104
f 2468/1243/1127 2466/1244/1128 2469/1245/1129
f 2465/1246/1130 2464/1247/1131 2471/1248/1132
f 2447/1249/1133 2477/1250/1134 2474/1251/1135
f 2490/1252/1136 2495/1253/1137 2497/1254/1138
f 2492/1255/1139 2482/1256/1140 2481/1257/1141
f 2483/1258/1142 2489/1259/1143 2478/1260/1144
f 2495/1253/1137 2491/1261/1145 2494/1262/1146
f 2502/1263/1147 2492/1255/1139 2491/1264/1145
f 2502/1263/1147 2482/1256/1140 2492/1255/1139
f 2485/1265/1148 2487/1266/1149 2497/1254/1138
f 2500/1267/1150 2501/1268/1151 2499/1269/1152
f 2498/1270/1153 2502/1271/1147 2496/1272/1154
f 2503/1273/1155 2500/1267/1150 2499/1269/1152
f 2502/1263/1147 2503/1273/1155 2482/1256/1140
f 2512/1274/1156 2511/1275/1157 2513/1276/1158
f 2510/1277/1159 2509/1278/1160 2514/1279/1161
f 2508/1280/1162 2507/1281/1163 2518/1282/1164
f 2532/1283/1165 2537/1284/1166 2539/1285/1167
f 2534/1286/1168 2524/1287/1169 2523/1288/1170
f 2525/1289/1171 2531/1290/1172 2521/1291/1173
f 2537/1284/1166 2533/1292/1174 2536/1293/1175
f 2544/1294/1176 2534/1286/1168 2533/1295/1174
f 2544/1294/1176 2524/1287/1169 2534/1286/1168
f 2527/1296/1177 2529/1297/1178 2539/1285/1167
f 2542/1298/1179 2543/1299/1180 2541/1300/1181
f 2540/1301/1182 2544/1302/1176 2538/1303/1183
f 2545/1304/1184 2542/1298/1179 2541/1300/1181
f 2544/1294/1176 2545/1304/1184 2524/1287/1169
f 2545/1304/1184 2541/1300/1181 2525/1289/1171
f 2541/1300/1181 2543/1299/1180 2525/1289/1171
f 2553/1305/1185 2546/1306/1186 2554/1307/1187
f 2552/1308/1188 2551/1309/1189 2805/1310/1190
f 2551/1309/1189 2807/1311/1191 2805/1310/1190
f 2551/1309/1189 2550/1312/1192 2807/1311/1191
f 2550/1312/1192 2549/1313/1193 2807/1311/1191
f 2549/1313/1193 2548/1314/1194 2809/1315/1195
f 2548/1316/1194 2547/1317/1196 2809/1318/1195
f 2547/1317/1196 2522/1319/1197 2554/1307/1187
f 2570/1320/1198 2558/1321/1199 2556/1322/1200
f 2559/1323/1201 2565/1324/1202 2557/1325/1203
f 2572/1326/1204 2570/1327/1198 2571/1328/1205
f 2574/1329/1206 2570/1327/1198 2569/1330/1207
f 2574/1331/1206 2558/1321/1199 2570/1320/1198
f 2578/1332/1208 2580/1333/1209 2577/1334/1210
f 2576/1335/1211 2574/1329/1206 2566/1336/1212
f 2579/1337/1213 2578/1332/1208 2581/1338/1214
f 2578/1332/1208 2577/1334/1210 2581/1338/1214
f 2580/1339/1209 2578/1340/1208 2579/1341/1213
f 2575/1342/1215 2564/1343/1216 2568/1344/1217
f 2573/1345/1218 2572/1326/1204 2563/1346/1219
f 2565/1324/1202 2564/1347/1216 2560/1348/1220
f 2596/1349/1221 2595/1350/1222 2597/1351/1223
f 2590/1352/1224 2583/1353/1225 2555/1354/1226
f 2612/1355/1227 2604/1356/1228 2603/1357/1229
f 2606/1358/1230 2616/1359/1231 2619/1360/1232
f 2616/1359/1231 2606/1358/1230 2614/1361/1233
f 2613/1362/1234 2608/1363/1235 2609/1364/1236
f 2600/1365/1237 2617/1366/1238 2598/1367/1239
f 2618/1368/1240 2607/1369/1241 2614/1361/1233
f 2602/1370/1242 2632/1371/1243 2634/1372/1244
f 2602/1370/1242 2605/1373/1245 2619/1360/1232
f 2623/1374/1246 2622/1375/1247 2628/1376/1248
f 2627/1377/1249 2623/1374/1246 2624/1378/1250
f 2624/1378/1250 2623/1374/1246 2628/1376/1248
f 2623/1379/1246 2625/1380/1251 2622/1381/1247
f 2599/1382/1252 2620/1383/1253 2600/1365/1237
f 2620/1383/1253 2628/1376/1248 2621/1384/1254
f 2626/1385/1255 2625/1380/1251 2618/1368/1240
f 2627/1377/1249 2624/1378/1250 2599/1382/1252
f 2632/1371/1243 2604/1356/1228 2633/1386/1256
f 2635/1387/1257 2636/1388/1258 2611/1389/1259
f 2954/1390/1260 2637/1391/1261 2638/1392/1262
f 2648/1393/1263 2649/1394/1264 2647/1395/1265
f 2656/1396/1266 2655/1397/1267 2650/1398/1268
f 2659/1399/1269 2662/1400/1270 2658/1401/1271
f 2659/1402/1269 2660/1403/1272 2661/1404/1273
f 2658/1401/1271 2664/1405/1274 2659/1399/1269
f 2657/1406/1275 2656/1396/1266 2663/1407/1276
f 2652/1408/1277 2665/1409/1278 2662/1400/1270
f 2668/1410/1279 2666/1411/1280 2667/1412/1281
f 2668/1413/1279 2667/1414/1281 2670/1415/1282
f 2670/1415/1282 2671/1416/1283 2648/1393/1263
f 2669/1417/1284 2670/1415/1282 2648/1393/1263
f 2666/1411/1280 2668/1410/1279 2669/1418/1284
f 2667/1412/1281 2666/1411/1280 2671/1419/1283
f 2649/1394/1264 2650/1420/1268 2644/1421/1285
f 2653/1422/1286 2674/1423/1287 2675/1424/1288
f 2653/1422/1286 2675/1424/1288 2676/1425/1289
f 2680/1426/1290 2681/1427/1291 3059/1428/1292
f 2675/1424/1288 2674/1423/1287 3051/1429/1293
f 2679/1430/1294 2683/1431/1295 2645/1432/1296
f 2679/1430/1294 2678/1433/1297 2680/1434/1290
f 2677/1435/1298 2676/1425/1289 2681/1427/1291
f 2688/1436/1299 2689/1437/1300 2687/1438/1301
f 2692/1439/1302 2715/1440/1303 2716/1441/1304
f 2698/1442/1305 2702/1443/1306 2697/1444/1307
f 2702/1443/1306 2698/1442/1305 2701/1445/1308
f 2709/1446/1309 2688/1436/1299 2699/1447/1310
f 2696/1448/1311 2694/1449/1312 2705/1450/1313
f 2692/1439/1302 2704/1451/1314 2702/1443/1306
f 2705/1450/1313 2697/1444/1307 2696/1448/1311
f 2707/1452/1315 2708/1453/1316 2706/1454/1317
f 2707/1452/1315 2706/1454/1317 2710/1455/1318
f 2709/1446/1309 2710/1455/1318 2688/1436/1299
f 2708/1456/1316 2707/1457/1315 2709/1458/1309
f 2689/1437/1300 2695/1459/1319 2685/1460/1320
f 2700/1461/1321 2687/1438/1301 2684/1462/1322
f 2687/1438/1301 2685/1460/1320 2684/1462/1322
f 3050/1463/1323 2720/1464/1324 3169/1465/1325
f 2716/1441/1304 2715/1440/1303 3062/1466/1326
f 2719/1467/1327 2721/1468/1328 2686/1469/1329
f 2719/1467/1327 2718/1470/1330 2720/1471/1324
f 2717/1472/1331 2716/1441/1304 2720/1464/1324
f 2725/1473/1332 2726/1474/1333 2724/1475/1334
f 2731/1476/1335 2754/1477/1336 2755/1478/1337
f 2726/1474/1333 2729/1479/1338 2722/1480/1339
f 2737/1481/1340 2739/1482/1341 2736/1483/1342
f 2739/1482/1341 2737/1481/1340 2738/1484/1343
f 2747/1485/1344 2727/1486/1345 2737/1487/1340
f 2734/1488/1346 2733/1489/1347 2743/1490/1348
f 2731/1476/1335 2742/1491/1349 2740/1492/1350
f 2745/1493/1351 2746/1494/1352 2744/1495/1353
f 2745/1496/1351 2744/1497/1353 2748/1498/1354
f 2748/1498/1354 2728/1499/1355 2727/1486/1345
f 2747/1485/1344 2748/1498/1354 2727/1486/1345
f 2746/1494/1352 2745/1493/1351 2747/1500/1344
f 2744/1495/1353 2746/1494/1352 2728/1501/1355
f 2760/1502/1356 2756/1503/1357 3056/1504/1358
f 2754/1477/1336 2753/1505/1359 3071/1506/1360
f 2753/1505/1359 2751/1507/1361 3065/1508/1362
f 2758/1509/1363 2752/1510/1364 2723/1511/1365
f 2769/1512/1366 2770/1513/1367 2793/1514/1368
f 2776/1515/1369 2765/1516/1370 2763/1517/1371
f 2766/1518/1372 2773/1519/1373 2764/1520/1374
f 2776/1515/1369 2778/1521/1375 2775/1522/1376
f 2778/1521/1375 2776/1515/1369 2777/1523/1377
f 2786/1524/1378 2776/1515/1369 2775/1522/1376
f 2786/1525/1378 2774/1526/1379 2781/1527/1380
f 2784/1528/1381 2783/1529/1382 2787/1530/1383
f 2787/1530/1383 2783/1529/1382 2782/1531/1384
f 2785/1532/1385 2786/1525/1378 2781/1527/1380
f 2786/1524/1378 2787/1530/1383 2765/1516/1370
f 2773/1533/1373 2772/1534/1386 2767/1535/1387
f 2788/1536/1388 2789/1537/1389 2796/1538/1390
f 2800/1539/1391 2802/1540/1392 2801/1541/1393
f 2795/1542/1394 2794/1543/1395 2798/1544/1396
f 2793/1514/1368 2792/1545/1397 2800/1539/1391
f 2515/1546/1398 2809/1547/1195 2810/1548/1399
f 2467/1549/1400 2520/1550/1401 2818/1551/1402
f 2470/1552/1403 2811/1553/1404 2517/1554/1405
f 2597/1555/1223 2814/1556/1406 2806/1557/1407
f 2582/1558/1408 2814/1556/1406 2597/1555/1223
f 2828/1559/1409 2819/1560/1410 2504/1561/1411
f 2806/1557/1407 2814/1556/1406 2546/1562/1186
f 2813/1563/1412 2515/1546/1398 2810/1548/1399
f 2821/1564/1413 2807/1565/1191 2808/1566/1414
f 2819/1560/1410 2825/1567/1415 2520/1550/1401
f 2825/1567/1415 2818/1551/1402 2520/1550/1401
f 2876/1568/1416 2829/1569/1417 2828/1559/1409
f 2829/1569/1417 2825/1567/1415 2819/1560/1410
f 2830/1570/1418 2832/1571/1419 2831/1572/1420
f 2582/1558/1408 2833/1573/1421 2814/1556/1406
f 2875/1574/1422 2814/1556/1406 2833/1573/1421
f 2812/1575/1423 2814/1556/1406 2875/1574/1422
f 2816/1576/1424 2836/1577/1425 2835/1578/1426
f 2836/1577/1425 2815/1579/1427 2821/1564/1413
f 2836/1577/1425 2816/1576/1424 2815/1579/1427
f 2820/1580/1428 2840/1581/1429 2837/1582/1430
f 2842/1583/1431 2298/1584/1432 2848/1585/1433
f 2857/1586/1434 2849/1587/1435 2856/1588/1436
f 2863/1589/1437 2860/1590/1438 2862/1591/1439
f 2886/1592/1440 2869/1593/1441 2870/1594/1442
f 2872/1595/1443 2873/1596/1444 2833/1573/1421
f 2827/1597/1445 2875/1574/1422 2874/1598/1446
f 2416/1599/1447 2415/1600/1448 2835/1601/1426
f 2421/1602/1449 2837/1582/1430 2840/1581/1429
f 2884/1603/1450 2883/1604/1451 2428/1605/1452
f 2838/1606/1453 2883/1604/1451 2839/1607/1454
f 2872/1595/1443 2833/1573/1421 2415/1600/1448
f 2840/1581/1429 2826/1608/1455 2839/1607/1454
f 2824/1609/1456 2832/1571/1419 2476/1610/1457
f 2472/1611/1458 2826/1608/1455 2470/1552/1403
f 2477/1612/1134 2476/1613/1457 2475/1614/1459
f 2474/1251/1135 2475/1615/1459 2473/1616/1460
f 2454/1232/1117 2456/1234/1119 2459/1617/1118
f 2450/1219/1108 2457/1231/1120 2458/1211/1100
f 2449/1218/1107 2443/1220/1109 2437/1618/1112
f 2438/1619/1461 2439/1236/1122 2434/1235/1121
f 2886/1592/1440 2870/1594/1442 2885/1620/1462
f 2896/1621/1463 2863/1622/1437 2865/1623/1464
f 2428/1605/1452 2904/1624/1465 2915/1625/1466
f 2428/1605/1452 2915/1625/1466 2905/1626/1467
f 2908/1627/1468 2885/1628/1462 2907/1629/1469
f 2911/1630/1470 2891/1631/1471 2910/1632/1472
f 2896/1621/1463 2912/1633/1473 2913/1634/1474
f 2864/1635/1475 2862/1636/1439 2956/1637/1476
f 2860/1590/1438 2857/1586/1434 2859/1638/1477
f 2887/1639/1478 2846/1640/1479 2886/1641/1440
f 2919/1642/1480 2911/1630/1470 2918/1643/1481
f 2920/1644/1482 2919/1642/1480 2918/1643/1481
f 2915/1625/1466 2921/1645/1483 2922/1646/1484
f 2924/1647/1485 2899/1648/1486 2900/1649/1487
f 2927/1650/1488 2920/1651/1482 2926/1652/1489
f 2933/1653/1490 2368/1173/1064 2929/1654/1491
f 2371/1655/1492 2935/1656/1493 2376/1657/1494
f 2939/1658/1495 2855/1659/1496 2938/1660/1497
f 2843/1661/1498 2851/1662/1499 2941/1663/1500
f 2843/1661/1498 2941/1663/1500 2942/1664/1501
f 2374/1665/1502 2370/1666/1503 2950/1667/1504
f 2951/1668/1505 2332/1669/1506 2331/1670/1507
f 2350/1671/1508 2352/1672/1509 1901/1673/1510
f 2396/1196/1085 2948/1674/1511 1881/1210/1099
f 2975/1675/1512 1974/1676/1513 1863/1677/1514
f 1806/1678/1515 1808/1679/1516 2993/1680/1517
f 2981/1681/1518 1808/1679/1516 2980/1682/1519
f 2989/1683/1520 2990/1684/1521 2997/1685/1522
f 3028/1686/1523 1447/1687/1524 3027/1688/1525
f 3033/1689/1526 3034/1690/1527 1456/1691/1528
f 3042/1692/763 3044/1693/1529 3036/1694/1530
f 3041/1695/1531 1466/1696/660 3043/1697/1532
f 2332/1669/1506 2951/1668/1505 2954/1698/1260
f 2351/1699/1533 2282/1700/1534 2949/1701/1535
f 1900/1702/1536 2945/1703/1537 2354/1704/1538
f 2354/1704/1538 2945/1703/1537 2346/1705/1539
f 2374/1665/1502 2950/1667/1504 2375/1706/1540
f 2919/1642/1480 2912/1633/1473 2911/1630/1470
f 2894/1707/1541 2912/1633/1473 2896/1621/1463
f 2858/1708/1542 2856/1588/1436 2300/1709/1543
f 2843/1661/1498 2929/1710/1491 2845/1711/1544
f 2641/1712/1545 2630/1713/1546 2642/1714/1547
f 2603/1357/1229 2616/1359/1231 2612/1355/1227
f 2622/1381/1247 2626/1385/1255 2628/1715/1248
f 2618/1716/1240 2627/1377/1249 2607/1717/1241
f 2625/1718/1251 2623/1374/1246 2627/1377/1249
f 2621/1384/1254 2605/1719/1245 2617/1366/1238
f 2609/1364/1236 2643/1720/1548 2613/1362/1234
f 2613/1362/1234 2607/1717/1241 2608/1363/1235
f 2599/1382/1252 2598/1367/1239 2608/1363/1235
f 1872/1721/1549 2395/1722/1083 2400/1723/1550
f 2369/1174/1065 2303/1724/1069 2336/1725/1551
f 2352/1672/1509 1900/1702/1536 1901/1673/1510
f 1962/1726/1552 2146/1080/980 2004/1082/982
f 1937/1038/938 372/1039/939 344/89/86
f 3059/1727/1292 3048/1728/919 3046/1729/1553
f 3072/1730/1554 1719/1731/915 3073/1732/1555
f 3077/1733/1556 3075/1734/1557 3074/1735/1558
f 3078/1736/1559 3075/1734/1557 3077/1733/1556
f 3082/1737/1560 3085/1738/1561 3084/1739/1562
f 3082/1737/1560 3084/1739/1562 3083/1740/1563
f 3094/1741/1564 3088/1742/1565 3080/1743/1566
f 3089/1744/1567 3079/1745/1568 3081/1746/1569
f 3103/1747/1570 3066/1748/1571 3102/1749/1572
f 3109/1750/1573 3004/1751/1574 3010/1752/1575
f 3114/1753/1576 3011/1754/1577 3112/1755/1578
f 3117/1756/1579 3087/1757/1580 3116/1758/1581
f 3113/1759/1582 3120/1760/1583 3112/1761/1578
f 3124/1762/1584 3122/1763/1585 3123/1764/1586
f 3131/1765/1587 3129/1766/1588 3130/1767/1589
f 3132/1768/1590 3092/1769/1591 3089/1744/1567
f 3143/1770/1592 3124/1771/1584 3126/1772/1593
f 3149/1773/1594 3147/1774/1595 3146/1775/1596
f 3158/1776/1597 3161/1777/1598 3160/1778/1599
f 3161/1777/1598 3158/1776/1597 3159/1779/1600
f 3160/1778/1599 3161/1777/1598 3162/1780/1601
f 2977/1781/1602 2998/1782/1603 2967/1783/1604
f 2980/1682/1519 2989/1683/1520 2978/1784/1605
f 2970/1785/1606 2971/1786/1607 2999/1787/1608
f 3157/1788/1609 3136/1789/1610 3156/1790/1611
f 3133/1791/1612 3132/1792/1590 3148/1793/1613
f 3122/1763/1585 3164/1794/1614 3097/1795/1615
f 3090/1796/1616 3089/1744/1567 3084/1739/1562
f 3012/1797/1617 1812/1029/929 3013/1798/1618
f 2997/1685/1522 2990/1684/1521 2998/1782/1603
f 344/89/86 1906/840/755 1938/1037/937
f 3166/1799/1619 1795/1030/930 1802/1800/1620
f 3163/1801/1621 3100/1802/1622 3108/1803/1623
f 3108/1803/1623 3106/1804/1624 3163/1801/1621
f 3104/1805/1625 3103/1747/1570 3135/1806/1626
f 3102/1749/1572 3101/1807/1627 3132/1792/1590
f 3100/1802/1622 1719/1731/915 3072/1730/1554
f 3093/1808/1628 3077/1733/1556 3094/1741/1564
f 1572/860/775 2084/1061/961 2080/1809/1629
f 3016/1810/1630 1909/1811/1631 1987/1812/1632
f 2953/1813/1633 1923/1814/1634 2143/1815/1635
f 3043/1816/1532 3030/732/659 3037/1817/1636
f 3029/1818/1637 3028/1686/1523 3027/1688/1525
f 2245/1819/1638 2208/1113/1007 611/1116/1010
f 2128/123/120 1678/970/875 39/17/17
f 1589/1820/1639 2094/1821/1640 2093/1822/1641
f 1590/859/774 2084/1061/961 1572/860/775
f 2006/1823/1642 2047/1824/1643 2061/1825/1644
f 1596/865/779 1597/1826/1645 2015/1827/1646
f 1907/1828/1647 1908/1829/1648 1993/1830/1649
f 1643/18/18 1680/1831/1650 1602/33/33
f 2995/1832/1651 2981/1681/1518 2982/1833/1652
f 3161/1777/1598 3159/1779/1600 3155/1834/1653
f 3116/1758/1581 3087/1757/1580 3086/1835/1654
f 3063/1836/1655 3139/1837/1656 3107/1838/1657
f 3080/1839/1566 3111/1840/1658 1794/1031/931
f 3076/1841/1659 3074/1735/1558 3058/1842/1660
f 3051/1843/1293 3169/1844/1325 3062/1845/1326
f 3049/1846/1661 3052/1847/1662 3170/1848/1663
f 2992/1849/1664 3010/1752/1575 3004/1751/1574
f 2247/1850/1665 2259/1851/1666 2258/1852/1031
f 2215/1853/1667 2188/1854/1668 2189/1855/1669
f 2125/1856/1670 2117/1857/1671 2188/1854/1668
f 1754/1858/1672 1852/1859/1673 3167/1860/1674
f 562/1861/1675 1630/1862/1676 2166/1863/1677
f 1626/1864/1678 1625/1865/1679 2155/1866/1680
f 2162/1867/1681 1621/1868/1682 2159/1869/1683
f 2159/1869/1683 1621/1868/1682 1622/986/891
f 1620/960/865 1619/959/864 2154/1870/1684
f 1647/1871/1685 1642/969/874 1641/968/873
f 1654/976/881 1658/1872/1686 1655/974/879
f 1674/1873/1687 1685/971/876 1656/975/880
f 1662/967/872 1661/980/885 1674/1874/1687
f 2206/1875/1688 2247/1876/1665 2202/1139/1033
f 2161/1877/1689 1623/1878/1690 2162/1879/1681
f 2217/1880/1691 1663/966/871 2127/965/870
f 3173/1881/1692 1638/961/866 2218/963/868
f 2214/1882/832 2102/1883/1693 3168/1884/1694
f 2110/1885/1695 2111/1886/1696 2121/1072/972
f 2097/1064/964 2096/1065/965 2095/1887/1697
f 2093/1822/1641 2096/1065/965 2070/1056/956
f 1844/1888/1698 1773/1889/1699 1769/1890/1700
f 1612/942/847 1611/941/846 1925/1891/1701
f 1773/1889/1699 1772/1892/1702 1767/1893/1703
f 1765/1894/1704 1768/1895/1705 2145/1896/1706
f 1840/1897/1707 1759/1898/1708 1976/1899/940
f 312/951/856 1907/1828/1647 2408/1204/1093
f 2943/1900/1709 2932/1901/1710 2933/1902/1490
f 2842/1583/1431 2929/1903/1491 2402/1904/1711
f 2930/1905/1712 2305/1906/1713 2931/1907/1714
f 2299/1908/1715 2930/1905/1712 2937/1909/1716
f 1351/1910/1717 1350/1911/213 703/1912/1718
f 789/691/619 730/703/630 729/692/620
f 1356/1913/1719 702/1914/1720 706/1915/216
f 699/1916/1721 701/1917/214 1355/1918/1722
f 2200/1919/1004 2198/1920/1002 2197/1101/1000
f 1659/1921/1723 3196/1922/1724 3197/1923/1725
f 1653/978/883 1652/1924/1726 3193/1925/1727
f 1608/1926/1728 53/24/24 3191/1927/1729
f 50/22/22 16/1928/1730 49/1929/38
f 3181/1930/1731 1603/27/27 3197/1923/1725
f 3183/179/171 3189/181/172 3184/182/173
f 3190/10/10 12/42/42 45/20/20
f 3187/19/19 47/28/28 3180/1931/1732
f 5/1/1 3189/1932/172 602/2/2
f 3180/1931/1732 3190/10/10 3187/19/19
f 3191/1927/1729 3186/1933/1733 19/1934/1734
f 3181/1930/1731 3197/1923/1725 21/1935/1735
f 3193/1925/1727 1652/1924/1726 3192/1936/1736
f 3177/1937/1737 1627/1938/1738 3195/1939/1739
f 3196/1922/1724 3177/1937/1737 3195/1939/1739
f 1656/975/880 3172/973/878 3178/1940/1740
f 2197/1111/1000 3175/1107/1003 2200/1108/1004
f 3183/179/171 7/183/174 3182/185/175
f 3188/1941/1741 10/7/7 3189/1932/172
f 72/1942/1742 54/1943/1743 73/1944/36
f 71/1945/1744 1602/33/33 1601/1946/1745
f 3199/1947/1746 56/26/26 70/1948/1747
f 1681/1949/1748 1680/1831/1650 1679/1950/1749
f 21/1935/1735 3197/1923/1725 1629/1951/1750
f 1648/1952/1751 1622/986/891 1621/1868/1682
f 3196/1922/1724 3195/1939/1739 1629/1951/1750
f 3192/1936/1736 1648/1952/1751 1621/1868/1682
f 1648/1952/1751 1651/987/892 1622/986/891
f 19/1934/1734 3185/1953/1752 23/1954/1753
f 14/11/11 3190/10/10 3180/1931/1732
f 44/8/8 10/7/7 3188/1941/1741
f 657/1955/1754 661/1956/1755 652/1957/1756
f 657/1958/1754 652/1959/1756 551/1960/1757
f 3202/1961/1758 578/161/157 2172/1962/1759
f 3207/1963/1760 3/1964/1761 1613/1965/1762
f 1/175/169 3/1964/1761 5/1/1
f 3203/1966/816 1618/1967/1763 8/1968/5
f 1672/1969/1764 2191/1144/1038 1673/1970/1765
f 3202/1971/1758 2172/1972/1759 2173/1973/1766
f 3204/1974/1767 1618/1975/1763 3203/1976/816
f 1688/1977/1768 3206/1978/1769 80/1979/40
f 3207/1980/1760 1613/1981/1762 1664/1982/1770
f 2/1983/1771 3179/1110/1005 2196/1109/1001
f 79/39/39 81/41/41 3205/1984/1772
f 3209/1985/1773 3207/1980/1760 1664/1982/1770
f 1688/1977/1768 1670/1986/1774 1673/1970/1765
f 554/1987/815 3202/1961/1758 3204/1988/1767
f 2152/1989/1775 2168/1086/986 2158/153/149
f 2171/1084/984 2160/1990/1776 2165/1991/1777
f 2170/1992/1778 2167/1993/1779 2151/1994/1780
f 2173/1973/1766 2150/1995/1781 3204/1974/1767
f 2171/1084/984 2165/1991/1777 2164/1085/985
f 2174/1996/1782 2157/1997/1783 2161/1877/1689
f 565/1998/1784 573/155/151 568/1999/1785
f 568/1999/1785 573/155/151 572/157/153
f 571/147/143 580/2000/1786 579/915/821
f 557/2001/1787 569/154/150 570/2002/1788
f 3207/1963/1760 3205/2003/1772 3/1964/1761
f 1666/981/886 3208/2004/1789 1664/1982/1770
f 72/2005/1742 73/36/36 66/35/35
f 1686/2006/884 1653/2007/883 1663/966/871
f 2194/1100/999 1689/2008/1790 2195/1096/995
f 1681/2009/1748 3200/2010/1791 3201/2011/1792
f 1667/2012/998 1668/2013/882 1684/1094/993
f 51/23/23 74/2014/34 73/1944/36
f 75/2015/1793 49/38/38 58/13/13
f 61/31/31 84/2016/1794 85/174/167
f 72/1942/1742 71/2017/1744 70/1948/1747
f 2065/2018/953 2018/2019/1795 2064/2020/954
f 2009/1045/945 2008/1044/944 2029/2021/1796
f 1610/943/848 334/2022/1797 1611/941/846
f 1611/941/846 334/2022/1797 1599/2023/1798
f 1925/1891/1701 1591/2024/1799 1612/942/847
f 1229/2025/533 969/375/345 968/2026/340
f 1228/2027/535 962/2028/1800 961/376/346
f 961/2029/346 959/2030/1801 1228/2031/535
f 2549/1313/1193 2809/1315/1195 2808/2032/1414
f 2749/2033/1802 2760/2034/1356 3054/2035/1803
f 3053/2036/1804 2721/2037/1328 2712/2038/1805
f 2711/2039/1806 2721/1468/1328 2719/1467/1327
f 3046/2040/1553 2672/2041/1807 2680/2042/1290
f 2672/2043/1807 2683/1431/1295 2679/1430/1294
f 1724/2044/895 3048/1728/919 3060/2045/1808
f 1718/2046/917 1720/1021/916 1730/1020/921
f 1475/2047/1809 1476/2048/1810 1156/2049/494
f 1471/2050/1811 1141/2051/1812 1113/2052/461
f 1605/886/800 1139/887/463 1138/2053/470
f 1134/507/465 1136/2054/689 1107/510/468
f 1469/2055/1813 1100/769/691 1098/2056/437
f 1094/2057/1814 1096/2058/1815 1099/474/436
f 127/770/692 126/2059/65 1472/771/693
f 6/9/9 7/3063/174 3184/3064/173 10/7/7
f 2/3065/1771 1/186/169 11/3066/2759 3179/3067/1005
f 3204/3068/1767 3203/908/816 6/9/9 554/906/815
f 48/917/823 15/902/812 561/901/811 3180/1931/1732
f 12/42/42 3190/10/10 13/12/12
f 16/1928/1730 17/3069/2760 15/902/812 48/917/823
f 3191/1927/1729 18/3070/2761 17/3069/2760 16/1928/1730
f 19/1934/1734 20/3071/2762 18/3070/2761 3191/1927/1729
f 23/1954/1753 24/3072/2763 20/3071/2762 19/1934/1734
f 28/173/168 25/3073/2764 26/3074/2765 27/3075/2766
f 31/3076/2767 76/171/30 29/3077/2768 30/3078/2769
f 534/909/817 35/919/824 36/921/826 531/3079/2770
f 32/3080/2771 33/925/830 34/923/828
f 42/3081/2772 43/3082/2773 40/3083/2774 41/3084/2775
f 59/3085/2776 62/3086/2777 12/42/42 3188/1941/1741
f 49/1929/38 16/1928/1730 48/917/823 77/918/37
f 3187/19/19 46/21/21 47/28/28
f 54/1943/1743 52/3087/2778 53/24/24 73/1944/36
f 56/26/26 55/25/25 52/3087/2778 54/1943/1743
f 65/3088/2779 81/41/41 63/3089/2780 64/3090/2781
f 77/37/37 35/919/824 58/13/13
f 3/1964/1761 60/3091/2782 5/1/1
f 61/31/31 46/21/21 45/20/20
f 38/15/15 51/3092/23 75/2015/1793 58/13/13
f 43/3082/2773 66/35/35 74/34/34 40/3083/2774
f 67/3093/2783 68/16/16 43/3082/2773 42/3081/2772
f 68/16/16 69/32/32 66/35/35 43/3082/2773
f 31/3076/2767 78/3094/2784 57/3095/29 46/3096/21
f 76/171/30 31/3076/2767 46/3096/21
f 65/3088/2779 25/3073/2764 82/3097/2785 83/3098/2786
f 25/3073/2764 28/173/168 84/3099/1794 82/3097/2785
f 84/3099/1794 28/173/168 85/172/167
f 25/3073/2764 65/3088/2779 64/3090/2781 26/3074/2765
f 61/31/31 45/20/20 62/3086/2777
f 45/20/20 12/42/42 62/3086/2777
f 89/3100/2787 86/3101/2788 87/3102/2789 88/3103/2790
f 91/3104/2791 86/3101/2788 89/3100/2787 90/3105/2792
f 111/52/52 91/3104/2791 90/3105/2792 108/3106/49
f 93/68/66 94/44/44 99/43/43 92/3107/2793
f 95/3108/2794 98/3109/64 97/3110/2795 96/62/60
f 96/62/60 126/67/65 95/3108/2794
f 91/3104/2791 105/51/51 106/3111/2796 86/3101/2788
f 113/47/47 102/46/46 103/63/61
f 91/3104/2791 111/52/52 105/51/51
f 87/3102/2789 86/3101/2788 106/3111/2796 107/3112/2797
f 92/3107/2793 99/43/43 89/3113/2787 88/3114/2790
f 108/49/49 90/3115/2792 100/50/50
f 98/66/64 107/3112/2797 106/3111/2796 97/3116/2795
f 105/51/51 104/3117/2798 97/3116/2795 106/3111/2796
f 104/3118/2798 103/63/61 96/62/60 97/3110/2795
f 110/53/53 109/3119/55 104/3117/2798 105/51/51
f 126/67/65 96/62/60 94/44/44 93/68/66
f 103/63/61 104/3118/2798 109/55/55
f 103/63/61 109/55/55 113/47/47
f 96/62/60 102/46/46 101/45/45 94/44/44
f 114/54/54 112/48/48 113/47/47 109/55/55
f 116/3120/57 118/60/56 114/54/54 115/3121/59
f 117/59/58 111/52/52 108/3106/49 118/57/56
f 115/61/59 117/59/58 116/58/57
f 99/43/43 100/50/50 90/3115/2792 89/3113/2787
f 110/53/53 111/52/52 117/59/58
f 114/54/54 110/56/53 115/3121/59
f 121/776/698 124/3122/2799 119/3123/2800 120/774/696
f 100/50/50 99/43/43 101/45/45
f 95/3108/2794 127/3124/692 128/3125/62 98/3109/64
f 122/3126/2801 87/3102/2789 107/3112/2797
f 127/3124/692 95/3108/2794 126/67/65
f 119/3127/2800 124/3128/2799 88/3103/2790 122/3126/2801
f 124/3129/2799 123/3130/2802 92/3107/2793 88/3114/2790
f 88/3103/2790 87/3102/2789 122/3126/2801
f 93/68/66 92/3107/2793 123/3130/2802 125/69/67
f 107/3112/2797 129/65/63 119/3127/2800 122/3126/2801
f 129/65/63 107/3112/2797 98/66/64
f 133/3131/2803 130/3132/2804 131/3133/2805 132/3134/2806
f 136/3135/2807 137/3136/2808 134/3137/2809 135/3138/2810
f 139/3139/2811 140/3140/959 138/873/787 477/872/786
f 147/3141/2812 144/144/140 145/143/115 146/3142/2813
f 149/3143/2814 150/3144/2815 599/948/853 148/3145/2816
f 153/3146/2817 148/3145/2816 151/3147/2818 152/3148/2819
f 159/3149/2820 160/3150/2821 157/3151/2822 158/3152/2823
f 163/3153/2824 161/3154/2825 370/257/244 162/3155/2826
f 164/3156/2827 165/3157/2828 163/3153/2824 162/3155/2826
f 168/3158/2829 166/3159/2830 167/3160/2831 549/946/851
f 171/3161/2832 172/3162/2833 169/3163/2834 170/3164/2835
f 176/3165/2836 160/3150/2821 159/3149/2820 175/3166/2837
f 179/3167/2838 180/3168/2839 177/3169/2840 178/3170/2841
f 184/3171/2842 181/3172/2843 182/3173/2844 183/3174/2845
f 187/3175/2846 188/3176/2847 185/3177/2848 186/721/648
f 183/3174/2845 182/3173/2844 189/3178/2849 190/3179/2850
f 194/3180/2851 191/3181/2852 192/3182/2853 193/3183/2854
f 194/3184/2851 195/3185/2855 185/3177/2848 188/3176/2847
f 1507/800/720 198/3186/711 196/3187/2856 197/3188/2857
f 200/3189/2858 201/3190/2859 199/801/721 197/3188/2857
f 205/3191/2860 202/3192/2861 203/3193/2862 204/3194/2863
f 207/3195/2864 206/3196/2865 202/3197/2861 205/3198/2860
f 180/3199/2839 201/3190/2859 208/3200/2866 177/3201/2840
f 211/3202/2867 1402/3203/2868 209/728/655 210/727/654
f 211/3202/2867 210/727/654 1409/3204/2869 212/725/652
f 188/3176/2847 187/3175/2846 213/3205/2870 214/3206/2871
f 180/3168/2839 179/3167/2838 215/3207/2872 216/3208/748
f 179/3167/2838 218/3209/2873 217/3210/2874 215/3207/2872
f 222/3211/2875 219/798/718 220/3212/2876 221/3213/2877
f 225/3214/2878 223/3215/2879 224/3216/2880 193/3183/2854
f 228/3217/2881 229/3218/2882 226/3219/2883 227/3220/2884
f 233/3221/2885 230/3222/2886 231/3223/2887 232/3224/2888
f 235/3225/2889 234/3226/2890 230/3222/2886 233/3221/2885
f 238/3227/2891 239/3228/2892 236/3229/2893 237/3230/2894
f 237/3230/2894 236/3229/2893 150/3231/2815 149/3232/2814
f 241/3233/2895 240/3234/2896 237/3235/2894 149/3236/2814
f 245/3237/2897 246/3238/2898 243/3239/2899 244/3240/2900
f 240/3234/2896 241/3233/2895 242/94/91
f 246/3238/2898 248/3241/2901 247/3242/2902 243/3239/2899
f 251/3243/2903 175/3244/2837 249/3245/2904 250/3246/2905
f 175/3244/2837 159/3247/2820 252/3248/2906 249/3245/2904
f 158/3249/2823 253/3250/2907 252/3248/2906 159/3247/2820
f 173/3251/74 156/3252/72 254/3253/2908 255/3254/2909
f 258/3255/2910 256/3256/2911 155/3257/71 257/3258/2912
f 260/3259/2913 259/3260/2914 256/3256/2911 258/3255/2910
f 261/3261/2915 262/3262/2916 255/3254/2909 254/3253/2908
f 262/3262/2916 263/3263/2917 253/3250/2907 255/3254/2909
f 264/3264/2918 265/3265/2919 249/3245/2904 252/3248/2906
f 265/3265/2919 266/3266/2920 250/3246/2905 249/3245/2904
f 266/3266/2920 267/3267/2921 247/3242/2902 250/3246/2905
f 240/3234/2896 268/3268/2922 238/3269/2891 237/3235/2894
f 242/94/91 269/3270/2923 268/3268/2922 240/3234/2896
f 243/3239/2899 270/3271/2924 271/3272/2925 244/3240/2900
f 239/3228/2892 272/3273/2926 273/3274/2927 260/3259/2913
f 268/3268/2922 274/717/644 275/3275/2928 238/3269/2891
f 278/238/225 279/3276/2929 276/3277/2930 277/3278/2931
f 283/3279/2932 280/3280/2933 281/3281/2934 282/3282/2935
f 771/263/249 285/3283/2936 284/3284/2937 772/242/229
f 286/265/251 287/704/631 285/3283/2936 771/263/249
f 752/240/227 803/258/245 288/99/96 289/98/95
f 292/136/133 293/3285/2938 290/3286/2939 291/3287/2940
f 803/258/245 752/240/227 278/259/225
f 295/3288/2941 296/3289/2942 294/3290/2943 291/3291/2940
f 299/3292/2944 300/3293/2945 297/3294/2946 298/3295/2947
f 307/3296/2948 308/3297/2949 305/3298/2950 306/3299/2951
f 312/951/856 816/870/784 398/869/783 311/3300/2952
f 309/3301/2953 310/1058/958 1906/840/755
f 316/3302/2954 313/3303/2955 314/3304/2956 315/952/857
f 320/3305/2957 317/3306/2958 318/3307/2959 319/3308/2960
f 1915/3309/2961 321/105/102 322/3310/2962 323/3311/2963
f 303/81/78 325/3312/2964 324/3313/2965 301/79/76
f 804/260/246 326/3314/2966 327/3315/2967 328/3316/2968
f 330/3317/2969 331/3318/2970 329/3319/2971 317/3320/2958
f 334/2022/1797 1610/943/848 332/3321/2972 333/3322/2973
f 549/946/851 167/3160/2831 335/142/139 363/141/138
f 162/3155/2826 336/3323/2974 337/3324/2975 164/3156/2827
f 342/3325/2976 340/167/163 357/93/90 341/3326/2977
f 348/765/687 345/764/686 346/3327/2978 347/3328/2979
f 352/3329/2980 349/3330/2981 350/3331/2982 351/3332/2983
f 354/87/84 353/3333/2984 341/3326/2977 357/93/90
f 359/140/137 360/3334/2985 358/3335/2986 361/3336/2987
f 363/141/138 359/140/137 361/3336/2987 362/3337/2988
f 366/945/850 332/3321/2972 364/3338/2989 365/944/849
f 368/900/810 367/3339/2990 360/3334/2985 359/140/137
f 162/3155/2826 370/257/244 369/3340/2991 336/3323/2974
f 1963/868/782 373/867/781 371/90/87 372/1039/939
f 377/139/136 378/3341/2992 375/3342/2993 376/137/134
f 348/765/687 373/867/781 374/138/135
f 381/96/93 380/3343/2994 269/3270/2923 242/94/91
f 379/3344/684 375/3342/2993 378/3341/2992
f 384/3345/243 383/3346/242 234/3226/2890 235/3225/2889
f 318/3307/2959 389/3347/2995 390/3348/2996 391/851/766
f 153/3146/2817 152/3148/2819 385/3349/2997
f 395/3350/2998 392/3351/2999 393/3352/3000 394/3353/3001
f 399/871/785 396/953/858 397/135/132 398/869/783
f 402/3354/3002 1598/866/780 400/3355/3003 401/3356/3004
f 403/3357/3005 374/138/135 373/867/781 402/3354/3002
f 1598/866/780 402/3354/3002 373/867/781
f 405/3358/3006 378/3341/2992 377/139/136 404/3359/3007
f 405/3358/3006 406/3360/3008 379/3344/684 378/3341/2992
f 408/3361/3009 409/110/107 355/91/88 407/763/685
f 410/845/760 338/85/82 356/92/89 438/109/106
f 416/3362/3010 414/106/103 415/134/131 292/136/133
f 413/3363/3011 411/3364/3012 412/3365/127
f 411/3364/3012 398/869/783 397/135/132
f 388/101/98 418/104/101 419/864/778 420/3366/3013
f 420/3366/3013 421/3367/3014 417/103/100 388/101/98
f 772/242/229 284/3284/2937 283/3279/2932 282/3282/2935
f 302/80/77 297/3294/2946 300/3293/2945
f 423/3368/3015 422/3369/3016 421/3367/3014 420/3366/3013
f 420/3366/3013 419/864/778 1595/863/777 423/3368/3015
f 296/3289/2942 427/3370/3017 426/3371/3018 294/3290/2943
f 414/106/103 416/3362/3010 425/107/104
f 431/3372/3019 428/3373/3020 429/3374/3021 430/3375/3022
f 433/3376/3023 434/3377/3024 432/131/128 412/130/127
f 406/3378/3008 439/3379/3025 440/3380/3026 408/3361/3009
f 404/3359/3007 442/3381/3027 441/3382/3028 405/3358/3006
f 445/3383/3029 434/3377/3024 443/3384/3030 444/3385/3031
f 449/3386/3032 446/3387/3033 447/3388/3034 448/3389/3035
f 445/3383/3029 457/3390/3036 455/3391/3037 456/3392/3038
f 450/116/113 451/3393/3039 452/3394/3040
f 460/3395/3041 461/3396/3042 458/3397/3043 459/132/129
f 457/3390/3036 442/3381/3027 462/3398/3044 455/3391/3037
f 457/3390/3036 445/3383/3029 444/3385/3031 464/3399/3045
f 466/3400/3046 449/3386/3032 448/3389/3035 465/3401/3047
f 468/3402/3048 452/3394/3040 451/3393/3039 467/3403/3049
f 469/3404/3050 470/3405/3051 461/3396/3042 460/3395/3041
f 459/132/129 458/3397/3043 413/3406/3011 412/130/127
f 446/3387/3033 474/3407/3052 473/3408/3053 447/3388/3034
f 434/3377/3024 433/3376/3023 474/3409/3052 443/3384/3030
f 434/3377/3024 445/3383/3029 456/3392/3038 432/131/128
f 478/874/788 475/3410/3054 476/3411/3055 477/872/786
f 140/1059/959 310/1058/958 309/3301/2953 138/3412/787
f 350/3331/2982 475/3413/3054 478/3414/788 351/3332/2983
f 227/3220/2884 134/3415/2809 137/3416/2808 228/3217/2881
f 480/3417/3056 133/3418/2803 132/3419/2806 479/947/852
f 145/143/115 483/145/141 481/3420/3057 482/3421/3058
f 484/3422/3059 485/119/116 145/118/115 482/3423/3058
f 487/3424/3060 488/862/776 142/861/68 146/3425/2813
f 490/3426/3061 489/3427/3062 486/120/117 485/119/116
f 496/3428/3063 497/3429/3064 494/3430/3065 495/3431/3066
f 493/858/773 491/3432/3067 492/3433/3068
f 498/3434/3069 499/3435/3070 493/858/773 492/3433/3068
f 502/128/125 503/3436/3071 500/940/845 501/938/843
f 477/872/786 476/3411/3055 504/939/844 501/938/843
f 136/3135/2807 135/3138/2810 505/937/842 506/129/126
f 131/3133/2805 130/3132/2804 507/936/841 508/935/840
f 481/3420/3057 483/145/141 521/933/838 512/3437/3072
f 510/127/124 509/3438/3073 502/128/125
f 511/169/165 510/127/124 506/129/126
f 483/145/141 144/144/140 513/934/839 521/933/838
f 147/3141/2812 141/72/70 526/931/836 514/3439/3074
f 520/3440/3075 521/933/838 518/3441/3076 519/3442/3077
f 515/3443/3078 516/168/164 517/170/166
f 521/933/838 522/125/122 524/124/121 518/3441/3076
f 525/126/123 526/931/836 523/3444/770 524/124/121
f 529/3445/3079 530/3446/3080 527/922/827 528/3447/3081
f 533/121/118 67/3093/2783 42/3081/2772 532/3448/3082
f 532/3448/3082 524/3449/121 523/855/770 533/121/118
f 530/3446/3080 535/3450/3083 41/3084/2775 534/909/817
f 535/3450/3083 532/3448/3082 42/3081/2772 41/3084/2775
f 529/3445/3079 536/3451/3084 535/3450/3083 530/3446/3080
f 144/144/140 147/3141/2812 514/3439/3074 513/934/839
f 476/3411/3055 136/3135/2807 506/129/126 504/939/844
f 497/3429/3064 498/3434/3069 492/3433/3068 494/3430/3065
f 489/3427/3062 491/3432/3067 487/3424/3060 486/120/117
f 486/120/117 487/3424/3060 146/3425/2813 145/118/115
f 228/3217/2881 137/3416/2808 475/3413/3054 350/3331/2982
f 475/3410/3054 137/3136/2808 136/3135/2807 476/3411/3055
f 432/131/128 456/3392/3038 460/3395/3041 459/132/129
f 447/3388/3034 473/3408/3053 471/117/114 450/116/113
f 465/3401/3047 448/3389/3035 452/3394/3040 468/3402/3048
f 455/3391/3037 462/3398/3044 401/3356/3004 469/3404/3050
f 456/3392/3038 455/3391/3037 469/3404/3050 460/3395/3041
f 448/3389/3035 447/3388/3034 450/116/113 452/3394/3040
f 408/3361/3009 440/3380/3026 437/111/108 409/110/107
f 421/3367/3014 422/3369/3016 537/3452/3085 538/3453/3086
f 421/3367/3014 538/3453/3086 539/133/130 417/103/100
f 438/109/106 356/92/89 355/91/88 409/110/107
f 404/3359/3007 377/139/136 374/138/135 403/3357/3005
f 396/953/858 293/3285/2938 292/136/133 397/135/132
f 392/3351/2999 541/3454/3087 542/3455/3088 393/3352/3000
f 389/3347/2995 543/3456/3089 544/3457/3090 390/3348/2996
f 318/3458/2959 547/3459/3091 546/3460/3092 389/3461/2995
f 545/3462/3093 387/100/97 540/102/99
f 164/3156/2827 337/3324/2975 367/3339/2990 368/900/810
f 365/944/849 364/3338/2989 548/3463/3094 549/946/851
f 349/3330/2981 229/3218/2882 228/3217/2881 350/3331/2982
f 345/764/686 233/3221/2885 232/3224/2888 346/3327/2978
f 336/3323/2974 550/166/162 340/167/163 342/3325/2976
f 524/3449/121 532/3448/3082 535/3450/3083 536/3451/3084
f 551/1960/1757 552/3464/3095 26/3074/2765 64/3090/2781
f 569/154/150 557/2001/1787 555/3465/3096 556/152/148
f 579/915/821 561/914/811 560/148/144 571/147/143
f 559/146/142 555/3465/3096 557/2001/1787
f 565/1998/1784 563/3466/814 564/916/822 579/915/821
f 572/157/153 566/149/145 567/3467/813 568/1999/1785
f 568/1999/1785 567/3467/813 563/3466/814 565/1998/1784
f 566/149/145 572/157/153 558/150/146
f 576/156/152 573/155/151 579/915/821 580/2000/1786
f 39/17/17 67/3093/2783 533/121/118
f 570/2002/1788 569/154/150 574/158/154
f 569/154/150 2158/153/149 574/158/154
f 2158/153/149 2168/1086/986 574/158/154
f 3202/1961/1758 577/3468/3097 578/161/157
f 578/161/157 577/3468/3097 572/157/153 576/156/152
f 582/3469/3098 571/147/143 575/3470/3099 581/3471/3100
f 588/3472/3101 581/3471/3100 575/3470/3099 570/2002/1788
f 576/156/152 583/3473/3102 584/164/160
f 583/3473/3102 576/156/152 580/2000/1786 590/3474/3103
f 586/162/158 578/161/157 576/156/152 589/165/161
f 591/857/772 588/3472/3101 570/2002/1788 574/158/154
f 590/3474/3103 580/2000/1786 571/147/143 582/3469/3098
f 518/3475/3076 524/3449/121 536/3451/3084 529/3445/3079
f 592/197/186 640/196/185 510/3476/124
f 519/3477/3077 518/3475/3076 529/3445/3079 528/3447/3081
f 516/3478/164 515/3479/3078 593/898/808 594/899/809
f 510/3476/124 511/3480/165 595/3481/3104 592/197/186
f 509/3438/3073 596/3482/834 503/3436/3071 502/128/125
f 516/3478/164 594/899/809 595/3481/3104 511/3480/165
f 597/3483/1037 657/1958/1754 63/3089/2780 3206/3484/1769
f 135/3138/2810 131/3133/2805 508/935/840 505/937/842
f 479/947/852 132/3419/2806 134/3415/2809 227/3220/2884
f 383/3346/242 370/3485/244 385/3349/2997 234/3226/2890
f 384/256/243 407/763/685 369/3340/2991 370/257/244
f 234/3226/2890 385/3349/2997 152/3148/2819 230/3222/2886
f 340/167/163 355/91/88 357/93/90
f 354/87/84 339/86/83 598/3486/3105
f 230/3222/2886 152/3148/2819 151/3147/2818 231/3223/2887
f 227/3220/2884 226/3219/2883 599/948/853 479/947/852
f 135/3138/2810 134/3137/2809 132/3134/2806 131/3133/2805
f 62/3086/2777 600/3487/3106 84/2016/1794 61/31/31
f 59/3085/2776 60/3091/2782 600/3487/3106 62/3086/2777
f 76/171/30 28/173/168 27/3075/2766 29/3077/2768
f 60/3091/2782 59/3085/2776 5/1/1
f 606/3488/3107 651/200/189 604/198/187 605/3489/3108
f 3183/3490/171 601/176/170 602/178/2
f 4/3491/3 601/184/170 1/186/169
f 610/217/206 609/852/767 607/3492/3109 608/215/204
f 611/3493/1010 2210/3494/1009 609/852/767 610/217/206
f 614/3495/3110 616/201/190 612/214/203 613/3496/3111
f 613/3496/3111 612/214/203 608/215/204 607/3492/3109
f 2210/3494/1009 2214/927/832 617/853/768 609/852/767
f 618/854/769 640/196/185 607/3492/3109 609/852/767
f 647/896/806 593/898/808 528/3447/3081 527/922/827
f 527/922/827 620/920/825 619/897/807 647/896/806
f 639/192/181 625/205/194 624/3497/3112 622/190/179
f 621/924/829 34/923/828 33/925/830
f 651/200/189 606/3488/3107 615/212/201 616/201/190
f 625/205/194 627/207/196 626/3498/3113 624/3497/3112
f 627/207/196 629/3499/3114 628/202/191 626/3498/3113
f 632/194/183 631/193/182 628/202/191 629/3499/3114
f 630/208/197 605/3489/3108 604/198/187
f 636/187/176 633/3500/3115 634/3501/3116 635/210/199
f 633/3500/3115 26/3074/2765 552/3464/3095 634/3501/3116
f 637/189/178 638/195/184 649/913/820
f 29/3077/2768 633/3500/3115 636/187/176 30/3078/2769
f 27/3075/2766 26/3074/2765 633/3500/3115 29/3077/2768
f 592/197/186 595/3481/3104 625/205/194 639/192/181
f 595/3481/3104 594/899/809 641/206/195 625/205/194
f 613/3496/3111 642/203/192 643/3502/3117 614/3495/3110
f 613/3496/3111 607/3492/3109 644/204/193 642/203/192
f 614/3495/3110 643/3502/3117 645/199/188 616/201/190
f 647/896/806 646/3503/3118 641/206/195 594/899/809
f 644/204/193 607/3492/3109 640/196/185
f 647/896/806 648/895/805 632/194/183 646/3503/3118
f 645/199/188 626/3498/3113 628/202/191 651/200/189
f 632/194/183 648/895/805 650/912/819
f 651/200/189 631/193/182 604/198/187
f 636/187/176 649/913/820 30/3078/2769
f 641/206/195 646/3503/3118 629/3499/3114 627/207/196
f 632/194/183 629/3499/3114 646/3503/3118
f 640/196/185 623/191/180 622/190/179 644/204/193
f 645/199/188 643/3502/3117 624/3497/3112 626/3498/3113
f 643/3502/3117 642/203/192 622/190/179 624/3497/3112
f 652/1959/1756 653/3504/3119 552/3464/3095 551/1960/1757
f 623/191/180 640/196/185 639/192/181
f 656/3505/3120 634/3501/3116 552/3464/3095 653/3504/3119
f 606/3488/3107 655/3506/3121 615/212/201
f 655/3506/3121 606/3488/3107 605/3489/3108 658/209/198
f 659/216/205 608/215/204 612/214/203 654/213/202
f 634/3501/3116 656/3505/3120 635/210/199
f 661/1956/1755 657/1955/1754 597/3507/1037 2256/3508/1042
f 660/219/207 615/218/201 655/3509/3121 662/3510/3122
f 662/3510/3122 655/3509/3121 658/910/198 665/911/818
f 658/910/198 603/892/177 664/894/804
f 666/3511/3123 663/893/200 635/3512/199 656/3513/3120
f 669/3514/3124 666/3511/3123 656/3513/3120 653/3515/3119
f 659/3516/205 667/3517/3125 668/3518/3126
f 667/3517/3125 659/3516/205 654/220/202 670/3519/3127
f 654/220/202 660/219/207 670/3519/3127
f 661/1956/1755 669/3514/3124 653/3515/3119 652/1957/1756
f 676/3520/3128 677/3521/3129 674/3522/3130 675/3523/3131
f 679/3524/3132 677/3521/3129 676/3520/3128 678/3525/3133
f 682/3526/3134 680/3527/3135 681/3528/3136 780/3529/3137
f 546/3460/3092 683/3530/3138 543/3531/3089 389/3461/2995
f 685/3532/3139 1370/710/637 754/3533/236 684/3534/235
f 688/3535/3140 689/3536/3141 686/3537/3142 687/3538/3143
f 697/3539/3144 698/3540/3145 695/3541/3146 696/3542/3147
f 690/3543/3148 691/3544/3149 692/3545/3150
f 693/3546/3151 694/3547/3152 690/3543/3148
f 705/745/671 702/3548/1720 703/3549/1718 704/628/564
f 699/3550/1721 700/747/672 701/227/214
f 707/3551/217 706/3552/216 702/3548/1720 705/745/671
f 1366/250/237 708/714/641 709/3553/3153 684/248/235
f 714/3554/3154 715/3555/3155 712/3556/3156 713/3557/3157
f 718/3558/3158 719/3559/3159 716/3560/3160 717/3561/3161
f 722/3562/3162 773/243/230 720/245/232 721/3563/3163
f 724/3564/3164 723/244/231 773/243/230 722/3562/3162
f 686/3537/3142 692/3545/3150 691/3544/3149 687/3538/3143
f 680/3527/3135 679/3524/3132 678/3525/3133 681/3528/3136
f 727/3565/3165 726/3566/3166 723/244/231 724/3564/3164
f 728/3567/3167 757/264/250 726/3566/3166 727/3565/3165
f 1361/741/668 729/3568/620 730/3569/630 731/716/643
f 733/3570/3168 697/3539/3144 696/3542/3147 732/251/238
f 673/222/209 672/221/208 734/3571/3169 735/736/663
f 736/712/639 1371/711/638 725/231/218 707/230/217
f 430/3375/3022 429/3374/3021 737/3572/3170 738/3573/3171
f 744/3574/3172 745/3575/3173 742/3576/3174 743/3577/3175
f 429/3374/3021 279/3276/2929 748/3578/3176 737/3572/3170
f 779/708/635 1370/710/637 685/3532/3139 780/3529/3137
f 709/3553/3153 728/3567/3167 689/3536/3141
f 732/251/238 753/82/79 1366/250/237 733/3570/3168
f 684/248/235 688/3535/3140 682/3579/3134
f 734/3571/3169 754/3533/236 1370/710/637 735/736/663
f 728/3567/3167 756/84/81 755/3580/3177 757/264/250
f 759/3581/3178 760/738/665 304/83/80 758/3582/3179
f 763/3583/3180 764/3584/3181 761/3585/3182 762/3586/3183
f 767/3587/3184 768/3588/3185 765/3589/3186 766/3590/3187
f 770/3591/3188 767/3587/3184 766/3590/3187 769/3592/3189
f 726/3566/3166 771/263/249 772/242/229 723/244/231
f 771/263/249 726/3566/3166 757/264/250
f 777/3593/3190 778/3594/3191 775/3595/3192 776/262/248
f 781/3596/3193 1363/701/628 779/708/635 780/3529/3137
f 783/247/234 710/225/212 782/739/666 1363/701/628
f 781/3596/3193 780/3529/3137 784/3597/3194 785/3598/3195
f 791/3599/3196 785/3598/3195 784/3597/3194 790/3600/3197
f 789/691/619 788/224/211 783/247/234
f 793/253/240 791/3599/3196 790/3600/3197 792/254/241
f 794/261/247 786/3601/3198 718/3558/3158 717/3561/3161
f 792/254/241 790/3600/3197 678/3525/3133 676/3520/3128
f 790/3600/3197 784/3597/3194 681/3528/3136 678/3525/3133
f 787/252/239 675/3523/3131 718/3558/3158 786/3601/3198
f 710/225/212 673/222/209 735/736/663 782/739/666
f 681/3528/3136 784/3597/3194 780/3529/3137
f 741/234/221 777/3593/3190 776/262/248 739/232/219
f 734/3602/3169 733/3570/3168 1366/250/237 754/249/236
f 682/3526/3134 780/3529/3137 685/3532/3139 684/3534/235
f 746/3603/223 745/3575/3173 744/3574/3172 747/3604/222
f 672/3605/208 697/3539/3144 733/3570/3168 734/3602/3169
f 687/3538/3143 691/3544/3149 679/3606/3132 680/3607/3135
f 714/3554/3154 713/3557/3157 716/3608/3160 719/3609/3159
f 688/3535/3140 687/3538/3143 680/3607/3135 682/3579/3134
f 691/3544/3149 690/3543/3148 677/3610/3129 679/3606/3132
f 677/3610/3129 690/3543/3148 694/3547/3152 674/3611/3130
f 671/3612/210 698/3540/3145 697/3539/3144 672/3605/208
f 689/3536/3141 688/3535/3140 684/248/235 709/3553/3153
f 743/3577/3175 742/3576/3174 765/3589/3186 762/3586/3183
f 732/251/238 696/3542/3147 758/3582/3179 304/83/80
f 727/3565/3165 724/3564/3164 692/3545/3150 686/3537/3142
f 769/3592/3189 766/3590/3187 712/3556/3156 715/3555/3155
f 696/3542/3147 695/3541/3146 761/3613/3182 758/3582/3179
f 722/3562/3162 721/3563/3163 693/3546/3151 690/3543/3148
f 724/3564/3164 722/3562/3162 690/3543/3148 692/3545/3150
f 689/3536/3141 728/3567/3167 727/3565/3165 686/3537/3142
f 693/3546/3151 721/3563/3163 769/3592/3189 715/3555/3155
f 674/3611/3130 694/3547/3152 714/3554/3154 719/3609/3159
f 792/254/241 676/3520/3128 675/3523/3131 787/252/239
f 774/246/233 738/3573/3171 770/3591/3188 720/245/232
f 720/245/232 770/3591/3188 769/3592/3189 721/3563/3163
f 711/228/215 704/628/564 703/3549/1718 1350/226/213
f 694/3547/3152 693/3546/3151 715/3555/3155 714/3554/3154
f 674/3522/3130 719/3559/3159 718/3558/3158 675/3523/3131
f 464/3399/3045 444/3385/3031 449/3614/3032 466/3615/3046
f 474/3409/3052 446/3616/3033 443/3384/3030
f 444/3385/3031 443/3384/3030 446/3616/3033 449/3614/3032
f 405/3358/3006 441/3382/3028 439/3617/3025 406/3360/3008
f 427/3370/3017 299/3292/2944 298/3295/2947 426/3371/3018
f 538/3453/3086 537/3452/3085 424/3618/105 425/3619/104
f 406/3378/3008 408/3361/3009 407/763/685 379/762/684
f 382/95/92 245/3237/2897 244/3240/2900 381/96/93
f 244/3240/2900 271/3272/2925 380/3343/2994 381/96/93
f 280/3280/2933 431/3372/3019 430/3375/3022 281/3281/2934
f 796/3620/3199 427/3370/3017 296/3289/2942 795/3621/3200
f 385/3349/2997 370/3485/244 161/3622/2825
f 296/3289/2942 295/3288/2941 797/3623/3201 795/3621/3200
f 300/3293/2945 299/3292/2944 798/3624/3202 799/3625/3203
f 802/3626/3204 328/3316/2968 800/3627/3205 801/3628/3206
f 804/260/246 328/3316/2968 802/3626/3204 803/258/245
f 303/81/78 302/80/77 805/3629/3207 287/704/631
f 302/80/77 300/3293/2945 799/3625/3203 805/3629/3207
f 798/3624/3202 299/3292/2944 427/3370/3017 796/3620/3199
f 807/3630/3208 808/3631/3209 806/3632/3210 307/3296/2948
f 796/3620/3199 795/3621/3200 431/3372/3019 280/3280/2933
f 795/3621/3200 797/3623/3201 428/3373/3020 431/3372/3019
f 799/3625/3203 798/3624/3202 283/3279/2932 284/3284/2937
f 288/99/96 802/3626/3204 801/3628/3206 386/97/94
f 805/3629/3207 799/3625/3203 284/3284/2937 285/3283/2936
f 802/3626/3204 288/99/96 803/258/245
f 805/3629/3207 285/3283/2936 287/704/631
f 798/3624/3202 796/3620/3199 280/3280/2933 283/3279/2932
f 276/3277/2930 808/3631/3209 807/3630/3208 277/3278/2931
f 426/3633/3018 298/3634/2947 538/3453/3086 425/3619/104
f 294/3635/2943 426/3636/3018 425/107/104 416/3362/3010
f 297/3637/2946 302/3638/77 540/102/99 539/133/130
f 327/3639/2967 326/3640/2966 544/3457/3090 543/3456/3089
f 324/3641/2965 809/3642/3211 545/3462/3093 301/3643/76
f 308/3644/2949 542/3455/3088 541/3454/3087 305/3645/2950
f 302/3638/77 301/3643/76 545/3462/3093 540/102/99
f 298/3634/2947 297/3637/2946 539/133/130 538/3453/3086
f 291/3287/2940 294/3635/2943 416/3362/3010 292/136/133
f 291/3291/2940 290/3646/2939 806/3632/3210 295/3288/2941
f 290/3646/2939 308/3297/2949 307/3296/2948 806/3632/3210
f 428/3373/3020 797/3623/3201 808/3631/3209 276/3277/2930
f 808/3631/3209 797/3623/3201 295/3288/2941 806/3632/3210
f 742/3576/3174 712/3556/3156 766/3590/3187 765/3589/3186
f 746/3603/223 716/3608/3160 713/3557/3157 745/3575/3173
f 776/262/248 775/3595/3192 699/1916/1721 794/261/247
f 768/3588/3185 763/3583/3180 762/3586/3183 765/3589/3186
f 279/3276/2929 278/238/225 750/237/224 748/3578/3176
f 717/3561/3161 716/3560/3160 746/236/223 740/233/220
f 745/3575/3173 713/3557/3157 712/3556/3156 742/3576/3174
f 739/232/219 794/261/247 717/3561/3161 740/233/220
f 396/953/858 812/3647/3212 810/3648/3213 811/3649/3214
f 813/954/859 814/3650/3215 812/3647/3212 396/953/858
f 293/3285/2938 542/3455/3088 308/3644/2949 290/3286/2939
f 815/3651/3216 816/870/784 817/950/855
f 279/3276/2929 429/3374/3021 428/3373/3020 276/3277/2930
f 748/3578/3176 750/237/224 763/3583/3180 768/3588/3185
f 281/3281/2934 430/3375/3022 738/3573/3171 774/246/233
f 282/3282/2935 281/3281/2934 774/246/233 773/243/230
f 755/3580/3177 818/705/632 286/265/251 757/264/250
f 772/242/229 282/3282/2935 773/243/230
f 751/241/228 760/738/665 759/3581/3178 752/240/227
f 750/237/224 749/239/226 764/3584/3181 763/3583/3180
f 737/3572/3170 748/3578/3176 768/3588/3185 767/3587/3184
f 738/3573/3171 737/3572/3170 767/3587/3184 770/3591/3188
f 821/3652/3217 822/3653/3218 819/3654/3219 820/3655/3220
f 824/3656/3221 822/3653/3218 821/3652/3217 823/3657/3222
f 826/3658/3223 827/3659/3224 825/3660/3225 1316/665/594
f 828/3661/3226 829/3662/3227 827/3663/3224 826/3664/3223
f 832/3665/3228 833/3666/3229 830/3667/3230 831/3668/3231
f 834/643/579 822/3653/3218 824/3656/3221 1292/640/576
f 836/3669/3232 838/662/591 1299/661/590 837/666/595
f 835/639/575 836/3670/3232 837/3671/595
f 841/292/274 856/270/256 839/3672/3233 840/3673/3234
f 865/303/284 843/267/253 847/266/252 842/3674/3235
f 845/289/271 844/3675/3236 882/298/279 846/3676/3237
f 867/655/587 851/3677/3238 850/660/589 866/277/263
f 856/270/256 860/269/255 855/306/287 839/3672/3233
f 851/3677/3238 867/655/587 852/291/273
f 854/271/257 856/270/256 853/273/259
f 847/293/252 841/292/274 840/3673/3234 842/3678/3235
f 861/280/264 841/292/274 848/278/262
f 864/287/270 863/275/261 850/660/589 851/3677/3238
f 860/269/255 857/3679/272 858/659/285
f 862/274/260 859/272/258 854/271/257
f 851/3677/3238 859/3680/258 864/287/270
f 882/298/279 844/3675/3236 843/267/253 865/303/284
f 845/289/271 867/655/587 866/277/263 844/3675/3236
f 870/656/588 869/3681/269 862/274/260 853/273/259
f 863/279/261 873/281/265 861/280/264
f 872/284/268 862/288/260 869/285/269
f 880/299/280 877/3682/275 876/3683/277 879/3684/3239
f 848/276/262 847/266/252 849/268/254
f 855/306/287 887/3685/3240 839/3672/3233
f 883/302/283 882/298/279 881/297/278 1240/654/585
f 884/307/282 1232/3686/281 885/3687/542 886/305/286
f 886/305/286 885/3687/542 875/3688/541 874/3689/3241
f 865/303/284 842/3674/3235 877/3682/275 880/299/280
f 842/3678/3235 840/3673/3234 877/294/275
f 855/306/287 886/305/286 874/3689/3241 887/3685/3240
f 883/302/283 846/3676/3237 882/298/279
f 889/335/311 890/317/297 920/3690/3242 888/3691/3243
f 910/321/301 890/317/297 889/335/311 907/325/304
f 892/3692/317 893/309/289 897/308/288 891/3693/3244
f 894/3694/3245 928/3695/3246 896/3696/309 895/323/302
f 925/340/316 894/3694/3245 895/323/302
f 903/3697/310 908/3698/299 911/315/295 902/314/294
f 890/317/297 905/316/296 906/3699/3247 920/3690/3242
f 904/318/298 890/317/297 910/321/301
f 899/311/291 898/312/292 907/325/304 889/335/311
f 897/308/288 889/335/311 888/3691/3243 891/3693/3244
f 928/3700/3246 906/3699/3247 905/316/296 896/333/309
f 925/340/316 895/323/302 893/3701/289 892/341/317
f 908/319/299 903/334/310 904/318/298
f 903/334/310 905/316/296 904/318/298
f 900/3702/290 901/313/293 898/322/292
f 895/323/302 901/313/293 900/3702/290 893/3701/289
f 908/3698/299 909/330/300 912/326/303 911/315/295
f 903/3697/310 902/314/294 895/323/302 896/3696/309
f 916/332/308 913/329/307 915/328/306
f 909/320/300 910/321/301 916/332/308
f 912/324/303 914/327/305 907/325/304
f 909/330/300 915/3703/306 914/331/305
f 907/325/304 913/329/307 916/332/308
f 919/337/313 922/336/312 917/3704/3248 918/3705/538
f 899/311/291 897/308/288 900/310/290
f 923/342/315 921/3706/314 924/3707/3249 925/340/316
f 925/340/316 924/3707/3249 926/3708/3250 894/3694/3245
f 928/3695/3246 894/3694/3245 926/3708/3250 927/3709/3251
f 930/3710/3252 928/3700/3246 927/3711/3251 929/3712/546
f 930/3710/3252 929/3712/546 918/3705/538 917/3704/3248
f 922/336/312 888/3691/3243 920/3690/3242 917/3704/3248
f 892/3692/317 891/3693/3244 922/336/312 923/339/315
f 891/3693/3244 888/3691/3243 922/336/312
f 906/3699/3247 930/3710/3252 917/3704/3248 920/3690/3242
f 930/3710/3252 906/3699/3247 928/3700/3246
f 932/3713/3253 934/345/320 960/3714/3254 931/3715/3255
f 963/377/347 936/358/331 939/3716/3256 935/378/348
f 932/3713/3253 933/343/318 934/345/320
f 967/371/341 968/370/340 938/3717/338 937/359/332
f 965/3718/3257 967/371/341 937/359/332
f 945/3719/339 950/3720/329 952/351/326 944/350/325
f 934/345/320 947/352/327 948/374/344 960/3714/3254
f 946/353/328 934/345/320 957/344/319
f 935/3721/348 939/3722/3256 932/3713/3253 931/3715/3255
f 968/2026/340 948/374/344 947/352/327 938/368/338
f 965/3718/3257 937/359/332 936/358/331 963/377/347
f 950/356/329 945/369/339 946/353/328
f 945/369/339 947/352/327 946/353/328
f 940/355/323 949/361/334 933/343/318
f 933/343/318 949/361/334 957/344/319
f 942/347/322 943/349/324 940/348/323
f 950/3720/329 951/365/330 953/362/333 952/351/326
f 956/367/337 955/364/336 951/357/330 957/344/319
f 956/367/337 949/361/334 955/364/336
f 953/360/333 954/363/335 949/361/334
f 951/365/330 955/3723/336 954/366/335
f 945/3719/339 944/350/325 937/359/332 938/3717/338
f 942/347/322 936/358/331 943/349/324
f 939/3722/3256 941/354/321 933/343/318 932/3713/3253
f 936/358/331 942/347/322 941/346/321 939/3716/3256
f 963/377/347 962/2028/1800 964/3724/544 965/3718/3257
f 961/2029/346 958/373/343 959/2030/1801
f 961/376/346 962/2028/1800 963/377/347
f 965/3718/3257 964/3724/544 966/372/342 967/371/341
f 961/2029/346 931/3715/3255 960/3714/3254 958/373/343
f 969/375/345 948/374/344 968/2026/340
f 1000/394/364 973/388/358 972/405/373 974/3725/3258
f 961/2029/346 935/3721/348 931/3715/3255
f 948/374/344 958/373/343 960/3714/3254
f 1003/411/379 970/390/360 971/392/362
f 982/406/374 972/405/373 973/388/358
f 976/415/383 977/3726/367 975/391/361 970/390/360
f 971/392/362 989/387/357 990/412/380 1003/411/379
f 978/398/368 979/419/386 980/380/350
f 982/406/374 975/391/361 977/3726/367
f 995/386/356 985/385/355 986/383/353
f 988/389/359 973/388/358 1000/394/364
f 1010/381/351 990/3727/380 989/3728/357 981/379/349
f 974/3725/3258 972/405/373 983/407/375
f 982/406/374 971/392/362 975/391/361
f 983/407/375 984/3729/354 993/3730/366 974/3725/3258
f 987/382/352 981/379/349 988/3731/359
f 981/379/349 989/3728/357 988/3731/359
f 992/403/365 987/382/352 988/3731/359
f 994/3732/3259 986/383/353 987/382/352 992/403/365
f 979/419/386 978/398/368 977/397/367 976/418/383
f 995/386/356 986/383/353 994/3732/3259
f 980/380/350 991/393/363 985/385/355 978/398/368
f 999/401/371 974/3725/3258 993/3730/366 996/399/369
f 995/386/356 994/3732/3259 993/396/366
f 993/396/366 994/3732/3259 992/403/365
f 1000/394/364 974/3725/3258 999/401/371
f 998/402/372 997/400/370 992/395/365 1000/394/364
f 992/403/365 997/400/370 996/404/369
f 977/3726/367 984/3729/354 983/407/375 982/406/374
f 984/384/354 977/397/367 985/385/355
f 989/387/357 971/392/362 973/388/358
f 976/415/383 1004/408/376 1002/410/378 1005/3733/384
f 971/392/362 982/406/374 973/388/358
f 1012/3734/381 990/3727/380 1010/381/351
f 1008/414/382 980/380/350 979/419/386
f 1008/414/382 1007/3735/3260 1009/3736/3261 1010/381/351
f 1006/417/385 1007/3735/3260 1008/414/382
f 1012/3734/381 1010/381/351 1009/3736/3261 1011/3737/534
f 1004/408/376 1012/413/381 1011/3738/534 1001/409/377
f 1015/437/402 1014/3739/3262 1062/447/412 1013/442/407
f 970/390/360 1003/411/379 1004/408/376
f 1006/417/385 979/419/386 976/418/383
f 1004/408/376 1003/411/379 1012/413/381
f 1020/435/400 1018/3740/3263 1019/451/416 1021/445/410
f 1015/437/402 1036/752/676 1047/433/398
f 1014/3739/3262 1028/758/401 1029/3741/3264 1062/447/412
f 1035/424/391 1020/435/400 1021/445/410
f 1028/758/401 1014/3739/3262 1027/759/681
f 1049/448/413 1031/438/403 1015/437/402 1013/442/407
f 1036/752/676 1015/437/402 1030/439/404
f 1032/444/409 1029/3742/3264 1028/436/401 1035/424/391
f 1034/3743/679 1037/432/397 1039/754/678 1026/423/390
f 1026/423/390 1033/425/392 1034/3743/679
f 1033/425/392 1028/436/401 1034/3743/679
f 1039/754/678 1040/753/677 1023/420/387 1025/422/389
f 1019/451/416 1018/3740/3263 1017/3744/682 1016/3745/674
f 1022/3746/683 1023/420/387 1040/753/677
f 1018/3740/3263 1023/420/387 1022/3746/683 1017/3744/682
f 1044/426/393 1046/428/395 1030/439/404 1040/3747/677
f 1023/420/387 1018/3740/3263 1020/435/400
f 1041/3748/3265 1042/434/399 1043/427/394
f 1042/434/399 1046/428/395 1043/427/394
f 1047/433/398 1036/752/676 1046/428/395
f 1051/3749/667 1052/3750/662 1050/449/414 1013/442/407
f 1041/3748/3265 1038/756/680 1042/434/399
f 1054/3751/3266 1050/449/414 1052/3750/662 1053/3752/3267
f 1056/450/415 1054/3753/3266 1053/3754/3267 1055/3755/3268
f 1056/450/415 1055/3755/3268 1057/751/675 1021/445/410
f 1060/3756/405 1059/443/408 1058/3757/3269 1061/3758/411
f 1057/751/675 1058/3757/3269 1059/443/408
f 1019/451/416 1016/3745/674 1054/3753/3266 1056/450/415
f 1050/449/414 1054/3751/3266 1016/750/674
f 1032/444/409 1059/443/408 1060/3756/405 1029/3742/3264
f 1064/3759/3270 1063/3760/3271 1097/3761/3272 1099/474/436
f 1060/440/405 1062/447/412 1029/3741/3264
f 1066/3762/3273 1063/3760/3271 1064/3759/3270 1065/3763/3274
f 1087/456/421 1066/3762/3273 1065/3763/3274 1084/3764/3275
f 1068/3765/3276 1069/459/424 1075/3766/3277 1067/3767/435
f 1071/476/438 1074/3768/434 1073/3769/3278 1072/460/425
f 1072/460/425 1070/477/439 1071/476/438
f 1066/3762/3273 1081/455/420 1082/3770/3279 1063/3760/3271
f 1089/454/419 1078/453/418 1079/469/431
f 1066/3762/3273 1087/456/421 1081/455/420
f 1097/3761/3272 1063/3760/3271 1082/3770/3279 1083/3771/3280
f 1067/473/435 1075/3772/3277 1064/3759/3270 1099/474/436
f 1084/3764/3275 1065/3763/3274 1076/3773/3281
f 1074/472/434 1083/3771/3280 1082/3770/3279 1073/3774/3278
f 1081/455/420 1080/3775/3282 1073/3774/3278 1082/3770/3279
f 1080/3776/3282 1079/469/431 1072/460/425 1073/3769/3278
f 1086/457/422 1085/3777/429 1080/3775/3282 1081/455/420
f 1076/3778/3281 1077/452/417 1088/458/423 1084/3779/3275
f 1070/477/439 1072/460/425 1069/459/424 1068/3765/3276
f 1079/469/431 1080/3776/3282 1085/464/429
f 1079/469/431 1085/464/429 1089/454/419
f 1092/468/430 1087/456/421 1084/3764/3275 1093/466/428
f 1089/454/419 1085/464/429 1088/458/423
f 1093/463/428 1084/3779/3275 1088/458/423 1090/461/426
f 1086/457/422 1087/456/421 1092/468/430
f 1075/3772/3277 1076/3773/3281 1065/3763/3274 1064/3759/3270
f 1090/461/426 1086/465/422 1091/462/427
f 1077/452/417 1069/459/424 1078/453/418
f 1069/459/424 1077/452/417 1076/3778/3281 1075/3766/3277
f 1101/478/440 1100/3780/691 1102/3781/695 1071/476/438
f 1094/3782/1814 1095/889/802 1096/3783/1815
f 1098/475/437 1099/474/436 1096/2058/1815
f 1098/3784/437 1100/3780/691 1101/478/440
f 1071/476/438 1102/3781/695 1103/3785/432 1074/3768/434
f 1068/3765/3276 1067/3767/435 1098/3784/437 1101/478/440
f 1099/474/436 1097/3761/3272 1094/2057/1814
f 1083/3771/3280 1104/471/433 1094/2057/1814 1097/3761/3272
f 1101/478/440 1070/477/439 1068/3765/3276
f 1104/471/433 1083/3771/3280 1074/472/434
f 1108/3786/3283 1105/3787/3284 1106/3788/3285 1107/510/468
f 1110/481/443 1105/3787/3284 1108/3786/3283 1109/479/441
f 1112/483/445 1117/482/444 1111/514/467 1138/513/470
f 1113/503/461 1116/3789/3286 1115/502/460 1114/493/453
f 1114/493/453 1140/504/462 1113/503/461
f 1121/494/454 1128/495/455 1129/486/448 1120/485/447
f 1118/492/449 1117/482/444 1119/484/446
f 1110/481/443 1123/490/451 1124/3790/3287 1105/3787/3284
f 1122/3791/450 1128/495/455 1121/494/454
f 1110/481/443 1127/480/442 1123/490/451
f 1106/3788/3285 1105/3787/3284 1124/3790/3287 1125/508/466
f 1111/509/467 1117/487/444 1108/3786/3283 1107/510/468
f 1116/3792/3286 1125/508/466 1124/3790/3287 1115/3793/460
f 1123/490/451 1122/489/450 1115/3793/460 1124/3790/3287
f 1114/493/453 1112/483/445 1138/513/470 1140/504/462
f 1121/494/454 1115/502/460 1122/3791/450
f 1109/479/441 1118/488/449 1127/480/442
f 1114/493/453 1120/485/447 1119/484/446 1112/483/445
f 1126/3794/452 1131/496/456 1128/495/455 1122/3791/450
f 1118/492/449 1129/486/448 1131/496/456
f 1116/3792/3286 1141/3795/1812 1142/506/464 1125/508/466
f 1126/491/452 1127/480/442 1133/501/459
f 1131/496/456 1126/3794/452 1132/497/457
f 1118/488/449 1130/499/458 1133/501/459
f 1109/479/441 1108/3786/3283 1117/487/444
f 1134/3796/465 1135/781/702 1136/767/689
f 1134/507/465 1106/3788/3285 1125/508/466
f 1137/511/469 1107/510/468 1136/2054/689
f 1138/513/470 1139/505/463 1140/504/462
f 1141/3797/1812 1116/3789/3286 1113/503/461
f 1146/3798/3288 1143/3799/3289 1144/3800/3290 1145/3801/3291
f 1107/510/468 1106/3788/3285 1134/507/465
f 1148/3802/3292 1143/3799/3289 1146/3798/3288 1147/3803/3293
f 1168/520/476 1148/3802/3292 1147/3803/3293 1165/532/485
f 1150/3804/3294 1151/516/472 1157/515/471 1149/3805/3295
f 1153/546/495 1156/545/494 1155/3806/3296 1154/534/486
f 1154/534/486 1152/548/497 1153/546/495
f 1161/535/487 1166/527/483 1170/519/475 1160/518/474
f 1148/3802/3292 1163/522/478 1164/3807/3297 1143/3799/3289
f 1162/3808/3298 1166/527/483 1161/535/487
f 1148/3802/3292 1168/520/476 1163/522/478
f 1144/3800/3290 1143/3799/3289 1164/3807/3297 1184/3809/3299
f 1149/3810/3295 1157/3811/471 1146/3798/3288 1145/3801/3291
f 1165/532/485 1147/3803/3293 1158/3812/3300
f 1156/545/494 1184/3813/3299 1164/3814/3297 1155/3806/3296
f 1163/3815/478 1162/3808/3298 1155/3806/3296 1164/3814/3297
f 1162/3808/3298 1161/535/487 1154/534/486 1155/3806/3296
f 1167/528/477 1166/527/483 1162/3808/3298 1163/3815/478
f 1158/3816/3300 1159/517/473 1169/523/479 1165/533/485
f 1152/548/497 1154/534/486 1151/516/472 1150/3804/3294
f 1154/534/486 1160/518/474 1159/517/473 1151/516/472
f 1157/3811/471 1158/3812/3300 1147/3803/3293 1146/3798/3288
f 1170/519/475 1166/527/483 1169/523/479
f 1167/521/477 1168/520/476 1174/531/484
f 1169/523/479 1172/524/480 1165/533/485
f 1172/524/480 1167/528/477 1173/525/481
f 1165/532/485 1171/529/482 1174/531/484
f 1185/3817/3301 1184/3809/3299 1476/3818/1810 1175/3819/488
f 1158/3816/3300 1157/515/471 1159/517/473
f 1177/3820/3302 1144/3800/3290 1184/3809/3299
f 1182/549/498 1183/547/496 1153/546/495
f 1156/545/494 1476/3821/1810 1184/3813/3299
f 1185/3817/3301 1180/540/490 1145/3801/3291 1177/3820/3302
f 1180/540/490 1179/539/491 1149/3810/3295 1145/3801/3291
f 1145/3801/3291 1144/3800/3290 1177/3820/3302
f 1150/3804/3294 1149/3805/3295 1179/544/491 1181/543/493
f 1150/3804/3294 1181/543/493 1182/549/498 1152/548/497
f 1186/576/520 1187/557/506 1217/3822/3303 1214/581/523
f 1185/3817/3301 1177/3820/3302 1184/3809/3299
f 1213/562/510 1187/557/506 1186/576/520 1204/3823/514
f 1189/3824/3304 1190/551/500 1196/550/499 1188/3825/529
f 1193/589/531 1194/559/508 1191/3826/3305 1192/590/532
f 1193/589/531 1226/3827/3306 1195/3828/519 1194/559/508
f 1187/557/506 1202/556/505 1203/586/528 1217/3822/3303
f 1201/558/507 1187/557/506 1213/562/510
f 1188/587/529 1196/577/499 1186/576/520 1214/581/523
f 1204/3823/514 1186/576/520 1197/578/512
f 1226/3829/3306 1203/586/528 1202/556/505 1195/574/519
f 1192/590/532 1191/3826/3305 1190/551/500 1189/3824/3304
f 1201/558/507 1205/560/504 1200/575/503
f 1200/575/503 1202/556/505 1201/558/507
f 1198/552/501 1199/565/513 1208/563/511
f 1191/3826/3305 1199/565/513 1198/552/501 1190/551/500
f 1206/570/509 1208/563/511 1207/553/502 1205/555/504
f 1199/565/513 1191/3826/3305 1194/559/508
f 1209/572/518 1210/571/516 1211/573/515
f 1211/567/515 1212/569/517 1213/562/510 1204/3823/514
f 1208/563/511 1209/572/518 1204/566/514
f 1216/580/522 1218/3830/3307 1219/588/530 1214/581/523
f 1206/561/509 1213/562/510 1212/569/517
f 1194/559/508 1195/3828/519 1200/554/503
f 1197/564/512 1196/550/499 1198/552/501
f 1221/3831/3308 1219/3832/530 1218/3833/3307 1220/3834/3309
f 1221/3831/3308 1220/3834/3309 1222/584/526 1223/583/525
f 1226/3827/3306 1193/589/531 1224/582/524 1225/3835/707
f 1224/582/524 1193/589/531 1223/583/525
f 1226/3829/3306 1225/3836/707 1227/585/527 1203/586/528
f 1189/3824/3304 1188/3825/529 1219/3832/530 1221/3831/3308
f 1217/3822/3303 1215/579/521 1214/581/523
f 1189/3824/3304 1221/3831/3308 1223/583/525 1192/590/532
f 1009/3837/3261 962/3838/1800 1228/3839/535 1011/3840/534
f 1215/579/521 1217/3822/3303 1203/586/528
f 1007/3841/3260 964/607/544 962/3838/1800 1009/3837/3261
f 966/609/342 924/3842/3249 921/3843/314 1229/3844/533
f 929/610/546 927/3845/3251 876/3846/277 878/653/276
f 927/3847/3251 926/3848/3250 879/3849/3239 876/3850/277
f 1243/611/547 959/3851/1801 969/593/345 1238/603/540
f 879/3849/3239 926/3848/3250 1230/618/554
f 1231/596/536 1286/638/574 1001/3852/377 1011/594/534
f 1234/608/545 964/607/544 1007/3841/3260 1233/616/552
f 1237/619/555 924/3842/3249 966/609/342 1234/608/545
f 875/604/541 1235/606/543 1242/646/582
f 1238/603/540 921/592/314 919/602/313 1236/601/539
f 1286/638/574 1248/3853/3310 1002/3854/378 1001/3852/377
f 1228/595/535 959/3851/1801 1243/611/547
f 1002/3854/378 1248/3853/3310 1005/3855/384
f 1239/3856/3311 1240/651/585 881/648/278 1241/649/584
f 1237/619/555 1230/618/554 926/3848/3250 924/3842/3249
f 1233/616/552 1007/3841/3260 1006/599/385 1251/598/537
f 878/653/276 1242/646/582 929/610/546
f 881/648/278 879/3849/3239 1230/618/554
f 1244/612/548 1286/638/574 1231/596/536 1228/595/535
f 1238/603/540 1288/613/549 1243/611/547
f 1245/614/550 1236/601/539 1246/615/551
f 1232/3857/281 1256/3858/586 1247/645/581
f 1249/647/583 1246/615/551 929/610/546 1242/646/582
f 1254/621/557 1255/3859/3312 1239/3856/3311 1241/649/584
f 1005/597/384 1250/3860/3313 1251/598/537
f 1251/598/537 1250/3860/3313 1252/617/553
f 1250/3861/3313 1005/3855/384 1248/3853/3310
f 1234/608/545 1253/622/558 1237/619/555
f 1237/619/555 1253/622/558 1298/620/556
f 1255/3859/3312 1256/652/586 1240/651/585 1239/3856/3311
f 1257/749/673 1263/746/563 1262/3862/3314 820/3655/3220
f 700/747/672 1257/749/673 701/227/214
f 1260/3863/562 1262/3862/3314 1263/746/563
f 1359/697/625 1265/3864/3315 1260/626/562 1261/623/559
f 1268/695/623 1269/3865/3316 1266/3866/3317 1267/3867/3318
f 1270/3868/3319 1269/3865/3316 1268/695/623 1334/694/622
f 1264/3869/3320 819/3654/3219 1273/3870/3321 704/628/564
f 1276/632/568 1274/631/567 1273/3870/3321 1275/3871/3322
f 1278/3872/3323 1277/676/604 1336/675/569 1276/3873/568
f 1280/3874/3324 1279/3875/3325 1277/676/604 1278/3872/3323
f 1281/642/578 1282/636/572 823/3657/3222 821/3652/3217
f 1284/3876/3326 1283/664/593 1281/642/578 821/3652/3217
f 834/643/579 1285/3877/3327 1275/3871/3322 822/3653/3218
f 1244/612/548 1287/3878/3328 1282/636/572 1286/638/574
f 1292/640/576 1290/635/571 1289/634/570 1291/3879/3329
f 1288/613/549 1287/3878/3328 1244/612/548
f 1291/3879/3329 1289/634/570 1246/615/551 1249/647/583
f 1293/641/577 1292/640/576 1291/3879/3329
f 1290/635/571 824/3656/3221 823/3657/3222 1287/3878/3328
f 1316/665/594 825/3660/3225 1294/637/573 1281/642/578
f 824/3656/3221 1290/635/571 1292/640/576
f 1287/3878/3328 823/3657/3222 1282/636/572
f 827/3659/3224 1250/3861/3313 1248/3853/3310 825/3660/3225
f 1250/3860/3313 827/3663/3224 829/3662/3227 1252/617/553
f 831/3668/3231 830/3667/3230 829/3662/3227 828/3661/3226
f 830/3667/3230 1253/622/558 1252/617/553 829/3662/3227
f 833/3666/3229 1298/620/556 1253/622/558 830/3667/3230
f 1298/620/556 1295/3880/3330 1296/3881/3331 1297/644/580
f 1300/663/592 1297/644/580 1296/3881/3331 1299/661/590
f 1297/644/580 1300/663/592 1255/3859/3312 1254/621/557
f 1300/663/592 838/662/591 1256/652/586 1255/3859/3312
f 1293/641/577 1247/645/581 836/3670/3232 835/639/575
f 825/3660/3225 1248/3853/3310 1286/638/574 1294/637/573
f 1245/614/550 1290/635/571 1287/3878/3328 1288/613/549
f 1293/641/577 1291/3879/3329 1249/647/583 1247/645/581
f 838/662/591 836/3669/3232 1247/3882/581 1256/652/586
f 1246/615/551 1289/634/570 1245/614/550
f 833/3666/3229 832/3665/3228 1295/3880/3330 1298/620/556
f 877/294/275 840/3673/3234 887/3685/3240 874/3689/3241
f 1241/649/584 1230/618/554 1254/621/557
f 885/605/542 1232/3857/281 1247/645/581
f 1249/647/583 1235/606/543 1247/645/581
f 884/307/282 855/306/287 858/659/285
f 883/302/283 858/304/285 846/3676/3237
f 840/3673/3234 839/3672/3233 887/3685/3240
f 878/295/276 877/294/275 874/3689/3241 875/3688/541
f 879/3684/3239 881/297/278 880/299/280
f 872/284/268 873/657/265 863/275/261 864/287/270
f 853/273/259 861/280/264 871/283/267
f 869/3681/269 870/656/588 871/283/267 868/282/266
f 857/290/272 859/3680/258 851/3677/3238 852/291/273
f 866/277/263 843/267/253 844/3675/3236
f 849/268/254 850/660/589 863/275/261
f 857/3679/272 860/269/255 859/272/258
f 846/3676/3237 858/304/285 857/290/272 845/289/271
f 853/273/259 856/270/256 841/292/274 861/280/264
f 1302/3883/3332 1301/3884/3333 1283/664/593 1284/3876/3326
f 1302/3885/3332 1304/3886/3334 1303/3887/3335 1301/3888/3333
f 1304/3886/3334 1306/3889/3336 1305/3890/3337 1303/3887/3335
f 1306/3889/3336 1308/743/669 1307/670/599 1305/3890/3337
f 1310/744/670 1311/3891/3338 1309/674/603 1307/670/599
f 1280/3874/3324 1312/672/601 1309/674/603 1311/3891/3338
f 1285/3877/3327 1313/3892/3339 1276/632/568 1275/3871/3322
f 1276/3873/568 1314/3893/3340 1315/3894/3341 1278/3872/3323
f 1276/632/568 1313/3892/3339 1314/3895/3340
f 1318/3896/610 826/3658/3223 1316/665/594 1317/3897/3342
f 1319/684/612 828/3661/3226 826/3664/3223 1318/682/610
f 1319/684/612 1320/3898/3343 831/3668/3231 828/3661/3226
f 1320/3898/3343 1321/689/617 832/3665/3228 831/3668/3231
f 835/639/575 1322/3899/3344 1285/3877/3327 834/643/579
f 1321/689/617 1324/688/616 1295/3880/3330 832/3665/3228
f 1322/3899/3344 835/639/575 837/3671/595
f 1324/688/616 1325/668/597 1296/3881/3331 1295/3880/3330
f 1283/664/593 1301/3884/3333 1326/3900/3345 1316/665/594
f 1299/661/590 1296/3881/3331 1325/668/597
f 1301/3888/3333 1303/3887/3335 1327/3901/3346 1326/3902/3345
f 1303/3887/3335 1305/3890/3337 1328/669/598 1327/3901/3346
f 1332/678/606 1315/3894/3341 1314/3893/3340 1331/3903/3347
f 1328/669/598 1305/3890/3337 1307/670/599
f 1333/3904/3348 1313/3892/3339 1285/3877/3327 1322/3899/3344
f 1331/3905/3347 1314/3895/3340 1313/3892/3339 1333/3904/3348
f 1279/3875/3325 1334/694/622 1335/677/605 1277/676/604
f 1274/631/567 1272/629/565 704/628/564 1273/3870/3321
f 1272/629/565 1274/631/567 1336/633/569
f 819/3654/3219 822/3653/3218 1275/3871/3322 1273/3870/3321
f 1311/3891/3338 1310/744/670 1269/3865/3316 1270/3868/3319
f 1269/3865/3316 1310/744/670 1308/743/669 1266/3866/3317
f 1306/3889/3336 1304/3886/3334 1260/626/562 1265/3864/3315
f 820/3655/3220 1262/3862/3314 1284/3876/3326 821/3652/3217
f 1262/3862/3314 1260/3863/562 1302/3883/3332 1284/3876/3326
f 820/3655/3220 819/3654/3219 1264/3869/3320 1257/749/673
f 1304/3886/3334 1302/3885/3332 1260/626/562
f 1322/3899/3344 837/3671/595 1337/3906/609 1333/3904/3348
f 1338/3907/3349 1317/3897/3342 1316/665/594 1326/3900/3345
f 1326/3902/3345 1327/3901/3346 1339/3908/3350 1338/3909/3349
f 1328/669/598 1329/671/600 1339/3908/3350 1327/3901/3346
f 1340/3910/608 1331/3905/3347 1333/3904/3348 1337/3906/609
f 1341/679/607 1332/678/606 1331/3903/3347 1340/3911/608
f 1341/679/607 1342/3912/3351 1343/3913/3352 1329/671/600
f 1344/3914/614 1339/3908/3350 1329/671/600 1343/3913/3352
f 1342/3912/3351 1341/679/607 1340/3911/608
f 1337/681/609 837/666/595 1323/667/596
f 1345/3915/611 1338/3909/3349 1339/3908/3350 1344/3914/614
f 1345/3916/611 1318/3896/610 1317/3897/3342 1338/3907/3349
f 1344/686/614 1343/3917/3352 1347/690/618 1346/685/613
f 1343/3917/3352 1342/3918/3351 1348/3919/3353 1347/690/618
f 1340/680/608 1349/687/615 1348/3919/3353 1342/3918/3351
f 1323/667/596 1325/668/597 1349/687/615 1340/680/608
f 1321/689/617 1320/3898/3343 1348/3919/3353 1349/687/615
f 1349/687/615 1325/668/597 1324/688/616
f 1320/3898/3343 1319/684/612 1347/690/618 1348/3919/3353
f 1350/1911/213 1351/1910/1717 793/253/240 787/252/239
f 1347/690/618 1319/684/612 1345/683/611
f 1353/3920/3354 1354/702/629 1363/701/628 781/3596/3193
f 775/3595/3192 778/3594/3191 1352/3921/621
f 789/691/619 783/247/234 1363/701/628 730/703/630
f 1356/1913/1719 1353/3920/3354 781/3596/3193 785/3598/3195
f 1355/1918/1722 1350/1911/213 787/252/239 786/3601/3198
f 1356/1913/1719 791/3599/3196 793/253/240 1351/1910/1717
f 785/3598/3195 791/3599/3196 1356/1913/1719
f 1355/1918/1722 786/3601/3198 794/261/247 699/1916/1721
f 1369/737/664 386/97/94 818/705/632 755/3580/3177
f 1335/677/605 1362/3922/3355 1272/3923/565 1336/675/569
f 1364/3924/3356 683/3530/3138 809/3642/3211 324/3641/2965
f 1365/706/633 325/3312/2964 303/81/78 287/704/631
f 387/100/97 545/3462/3093 809/3642/3211 1373/3925/3357
f 1369/737/664 755/3580/3177 756/84/81
f 1376/3926/3358 323/3311/2963 322/3310/2962 1375/3927/3359
f 1373/3925/3357 1374/3928/3360 387/100/97
f 287/704/631 286/265/251 818/705/632
f 800/3627/3205 1364/3929/3356 324/3313/2965 325/3312/2964
f 756/84/81 728/3567/3167 709/3553/3153 708/714/641
f 736/712/639 707/230/217 1362/3922/3355 1377/715/642
f 213/3205/2870 1378/3930/3361 1379/3931/3362 1380/3932/3363
f 224/3216/2880 223/3215/2879 1403/835/750 1381/839/754
f 185/3177/2848 195/3185/2855 1382/3933/753 1383/3934/3364
f 185/3177/2848 1383/3934/3364 1384/722/649 186/721/648
f 187/3175/2846 186/721/648 1404/720/647 1385/3935/3365
f 221/3213/2877 220/3212/2876 217/3210/2874 218/3209/2873
f 182/3173/2844 204/3194/2863 203/3193/2862 189/3178/2849
f 181/3172/2843 178/3936/2841 204/3194/2863 182/3173/2844
f 1386/3937/3366 1387/3938/3367 262/3262/2916 261/3261/2915
f 273/3274/2927 1388/3939/3368 259/3260/2914 260/3259/2913
f 274/717/644 1389/3940/3369 1390/3941/3370 275/3275/2928
f 273/3274/2927 272/3273/2926 1391/3942/3371 1392/3943/3372
f 268/3268/2922 269/3270/2923 1393/718/645 274/717/644
f 1393/718/645 380/3343/2994 271/3272/2925 1394/719/646
f 1394/719/646 1395/3944/3373 1389/3940/3369 274/717/644
f 1393/718/645 269/3270/2923 380/3343/2994
f 1387/3938/3367 1396/3945/3374 263/3263/2917 262/3262/2916
f 1397/3946/3375 1413/3947/3376 265/3265/2919 264/3264/2918
f 1413/3947/3376 1412/3948/3377 266/3266/2920 265/3265/2919
f 1411/875/789 267/3267/2921 266/3266/2920 1412/3948/3377
f 1398/877/791 1394/719/646 271/3272/2925 270/3271/2924
f 1399/3949/3378 211/3202/2867 212/725/652 1406/724/651
f 1399/3949/3378 1400/3950/752 1402/3203/2868 211/3202/2867
f 1400/837/752 1403/835/750 1401/3951/3379 1402/3952/2868
f 1398/877/791 1407/876/790 1395/3944/3373 1394/719/646
f 1402/3952/2868 1401/3951/3379 1408/891/803 209/3953/655
f 212/725/652 1409/3204/2869 1412/3948/3377 1405/723/650
f 1414/3954/3380 1407/876/790 190/3179/2850 189/3178/2849
f 1411/875/789 1412/3948/3377 1409/3204/2869
f 1412/3948/3377 1413/3947/3376 1405/723/650
f 1406/724/651 1405/723/650 1413/3947/3376 1415/3955/3381
f 1417/3956/3382 1414/3954/3380 189/3178/2849 203/3193/2862
f 1418/3957/3383 206/3196/2865 1380/3932/3363 1379/3931/3362
f 1417/3956/3382 203/3193/2862 202/3192/2861 1419/3958/3384
f 1385/3935/3365 1404/720/647 1416/3959/3385 1420/3960/3386
f 1378/3930/3361 1421/3961/3387 1392/3943/3372 1379/3931/3362
f 181/3962/2843 218/3209/2873 179/3167/2838 178/3170/2841
f 222/3211/2875 1410/3963/653 209/3953/655
f 195/3964/2855 224/3216/2880 1381/839/754 1382/838/753
f 177/3965/2840 208/3966/2866 207/3195/2864 205/3198/2860
f 193/3183/2854 224/3216/2880 195/3964/2855 194/3180/2851
f 194/3184/2851 188/3176/2847 214/3206/2871 191/3967/2852
f 184/3968/2842 221/3213/2877 218/3209/2873 181/3962/2843
f 178/3936/2841 177/3969/2840 205/3191/2860 204/3194/2863
f 1401/3951/3379 1422/3970/3388 1506/796/716 1408/891/803
f 1403/835/750 1423/834/749 1422/3970/3388 1401/3951/3379
f 220/3212/2876 1424/885/799 1425/3971/3389 217/3210/2874
f 223/3215/2879 1427/3972/3390 1426/836/751 1403/835/750
f 1428/3973/3391 1427/3972/3390 223/3215/2879 225/3214/2878
f 217/3210/2874 1425/3971/3389 1429/3974/3392 215/3207/2872
f 1424/885/799 220/3212/2876 219/798/718
f 215/3207/2872 1429/3974/3392 1430/3975/747 216/3208/748
f 197/3188/2857 196/3187/2856 192/3182/2853 200/3189/2858
f 199/801/721 1507/800/720 197/3188/2857
f 1434/3976/3393 1431/3977/764 1432/3978/3394 1433/3979/3395
f 319/3308/2960 318/3307/2959 391/851/766 1436/850/765
f 1435/3980/3396 1432/3981/3394 1431/849/764
f 1439/3982/3397 1440/3983/3398 319/3984/2960 1436/3985/765
f 1440/3983/3398 1441/3986/3399 320/3987/2957 319/3984/2960
f 1444/3988/3400 1445/3989/3401 1442/3990/3402 1443/3991/3403
f 1448/3992/3404 1446/3993/3405 1447/1687/1524 3028/1686/1523
f 3030/732/659 1452/734/661 1450/3994/3406 1451/3995/3407
f 1445/3989/3401 1454/3996/3408 1453/3997/3409 1442/3990/3402
f 3034/1690/1527 1457/3998/3410 1455/3999/3411 1456/1691/1528
f 1460/4000/657 1461/4001/656 1458/4002/3412 1459/4003/3413
f 1459/4003/3413 1458/4002/3412 1462/4004/3414 1463/4005/3415
f 1461/4001/656 3042/848/763 1464/847/762 1458/4002/3412
f 1464/847/762 1462/4004/3414 1458/4002/3412
f 1462/4004/3414 1464/847/762 1454/3996/3408 1445/3989/3401
f 1465/731/658 1460/730/657 3041/1695/1531
f 3042/1692/763 1461/729/656 1465/731/658
f 1466/1696/660 3041/1695/1531 1460/730/657
f 1463/4005/3415 1462/4004/3414 1445/3989/3401 1444/3988/3400
f 1451/3995/3407 1450/3994/3406 1457/3998/3410 3034/1690/1527
f 1455/3999/3411 1448/3992/3404 3028/1686/1523 1456/1691/1528
f 1442/3990/3402 1453/3997/3409 1438/4006/3416 1437/4007/3417
f 1443/3991/3403 1442/3990/3402 1437/4007/3417 1449/4008/3418
f 1449/4008/3418 1437/4007/3417 1440/3983/3398 1439/3982/3397
f 1446/3993/3405 1434/3976/3393 1433/3979/3395 1447/1687/1524
f 1437/4007/3417 1438/4006/3416 1441/3986/3399 1440/3983/3398
f 1335/677/605 1357/696/624 1055/4009/3268 1362/3922/3355
f 1357/696/624 1335/677/605 1334/694/622
f 1362/3922/3355 1055/4009/3268 1053/4010/3267 1377/715/642
f 328/3316/2968 327/3315/2967 1364/3929/3356 800/3627/3205
f 1053/4010/3267 1052/735/662 1377/715/642
f 1372/713/640 731/716/643 730/3569/630 1371/711/638
f 304/83/80 760/738/665 1369/737/664 756/84/81
f 1368/709/636 782/739/666 735/736/663 1367/707/634
f 327/4011/2967 543/3531/3089 683/3530/3138 1364/3924/3356
f 1272/629/565 707/3551/217 705/745/671 1271/630/566
f 707/230/217 1272/3923/565 1362/3922/3355
f 751/241/228 289/98/95 386/97/94 1369/737/664
f 1361/741/668 731/716/643 1052/735/662 1051/740/667
f 1358/698/626 1061/742/411 1058/4012/3269 1359/697/625
f 1361/741/668 1048/700/406 1259/625/561
f 1061/742/411 1358/698/626 1360/699/627
f 1359/697/625 1058/4012/3269 1057/4013/675 1267/3867/3318
f 1057/4013/675 1055/4009/3268 1357/696/624 1268/695/623
f 1057/4013/675 1268/695/623 1267/3867/3318
f 1266/3866/3317 1308/743/669 1306/3889/3336 1265/3864/3315
f 778/3594/3191 789/4014/619 1352/3921/621
f 1312/672/601 1315/3894/3341 1332/678/606 1330/673/602
f 1334/694/622 1279/3875/3325 1270/3868/3319
f 1278/3872/3323 1315/3894/3341 1312/672/601 1280/3874/3324
f 1311/3891/3338 1270/3868/3319 1279/3875/3325 1280/3874/3324
f 1267/3867/3318 1266/3866/3317 1265/3864/3315 1359/697/625
f 711/228/215 1264/3869/3320 704/628/564
f 1257/749/673 1264/3869/3320 711/228/215 701/227/214
f 1041/3748/3265 1045/4015/396 1037/757/397 1038/756/680
f 1261/623/559 1263/627/563 1258/624/560
f 1013/442/407 1048/441/406 1051/3749/667
f 1030/439/404 1031/438/403 1017/760/682
f 1038/756/680 1047/433/398 1042/434/399
f 1016/750/674 1017/760/682 1031/438/403 1049/448/413
f 1045/4015/396 1041/3748/3265 1043/427/394
f 1040/3747/677 1030/439/404 1022/761/683
f 1020/435/400 1035/424/391 1024/421/388
f 1034/755/679 1027/759/681 1038/756/680
f 1026/423/390 1024/421/388 1033/425/392
f 1038/756/680 1027/759/681 1015/437/402 1047/433/398
f 749/4016/226 752/240/227 759/3581/3178 764/4017/3181
f 1014/3739/3262 1015/437/402 1027/759/681
f 305/3645/2950 541/3454/3087 544/3457/3090 326/3640/2966
f 277/3278/2931 807/3630/3208 804/4018/246 278/238/225
f 386/97/94 801/3628/3206 1365/706/633 818/705/632
f 807/3630/3208 307/3296/2948 306/3299/2951 804/4018/246
f 801/3628/3206 800/3627/3205 325/3312/2964 1365/706/633
f 695/4019/3146 743/3577/3175 762/3586/3183 761/3585/3182
f 747/3604/222 744/3574/3172 698/4020/3145 671/4021/210
f 788/4022/211 789/4014/619 778/3594/3191 777/3593/3190
f 777/3593/3190 741/234/221 788/4022/211
f 764/4017/3181 759/3581/3178 758/3582/3179 761/3613/3182
f 673/4023/209 788/4022/211 741/234/221 740/233/220
f 749/4016/226 278/259/225 752/240/227
f 698/4020/3145 744/3574/3172 743/3577/3175 695/4019/3146
f 546/3460/3092 1373/3925/3357 809/3642/3211 683/3530/3138
f 740/233/220 747/235/222 671/4024/210 673/4023/209
f 547/3459/3091 1374/3928/3360 1373/3925/3357 546/3460/3092
f 390/3348/2996 544/3457/3090 541/3454/3087 392/3351/2999
f 391/851/766 390/3348/2996 392/3351/2999 395/3350/2998
f 331/3318/2970 1376/3926/3358 1375/3927/3359 329/3319/2971
f 1435/3980/3396 1431/849/764 313/3303/2955 316/3302/2954
f 306/4025/2951 305/4026/2950 326/3314/2966 804/260/246
f 441/3382/3028 464/3399/3045 466/3615/3046 439/3617/3025
f 708/714/641 753/82/79 756/84/81
f 440/3380/3026 465/3401/3047 468/3402/3048 437/111/108
f 462/3398/3044 403/3357/3005 402/3354/3002 401/3356/3004
f 1467/4027/3419 410/845/760 463/114/111 454/113/110
f 442/3381/3027 404/3359/3007 403/3357/3005 462/3398/3044
f 442/3381/3027 457/3390/3036 464/3399/3045 441/3382/3028
f 439/3379/3025 466/3400/3046 465/3401/3047 440/3380/3026
f 437/111/108 468/3402/3048 467/3403/3049 438/109/106
f 401/3356/3004 400/3355/3003 470/3405/3051 469/3404/3050
f 337/3324/2975 336/3323/2974 342/3325/2976 367/3339/2990
f 355/91/88 369/3340/2991 407/763/685
f 374/138/135 376/137/134 233/3221/2885 345/764/686
f 375/3342/2993 379/3344/684 384/3345/243 235/3225/2889
f 376/137/134 375/3342/2993 235/3225/2889 233/3221/2885
f 336/3323/2974 369/3340/2991 355/91/88 550/166/162
f 371/90/87 344/89/86 372/1039/939
f 367/3339/2990 342/3325/2976 341/3326/2977 360/3334/2985
f 360/3334/2985 341/3326/2977 353/3333/2984 358/3335/2986
f 1096/3783/1815 1468/4028/3420 128/4029/62 1469/4030/1813
f 1178/4031/492 1176/537/489 1142/4032/464 1141/4033/1812
f 1469/2055/1813 128/4034/62 127/770/692
f 1102/773/695 1470/890/688 1103/4035/432
f 1141/2051/1812 1471/2050/1811 1181/4036/493 1178/4037/492
f 1136/767/689 1135/781/702 1485/888/801 1606/768/690
f 1095/889/802 120/774/696 1468/4028/3420 1096/3783/1815
f 1175/536/488 1135/781/702 1142/4032/464 1176/537/489
f 1471/2050/1811 1139/887/463 1183/777/496 1181/4036/493
f 1100/769/691 1469/2055/1813 127/770/692
f 1474/772/694 1100/769/691 1472/771/693 1473/4038/3421
f 1477/4039/3422 1478/778/699 1183/777/496 1139/887/463
f 1476/2048/1810 1475/2047/1809 1481/779/700
f 1473/4038/3421 1472/771/693 1479/4040/3423 1480/842/757
f 1480/842/757 1479/4040/3423 1482/4041/3424 1483/4042/3425
f 1475/2047/1809 1183/777/496 1481/779/700
f 1483/4042/3425 1482/4041/3424 121/4043/698 1486/4044/697
f 1485/888/801 1135/781/702 1484/780/701
f 1484/780/701 1175/536/488 1488/4045/3426 1487/4046/3427
f 1487/4046/3427 1485/888/801 1484/780/701
f 1494/4047/712 1427/3972/3390 1428/3973/3391 1489/4048/710
f 1496/4049/3428 1426/836/751 1427/3972/3390 1494/4047/712
f 198/3186/711 1489/4048/710 1428/3973/3391
f 1493/4050/704 1422/3970/3388 1423/834/749 1490/4051/706
f 1491/782/703 1492/784/705 1220/4052/3309 1218/4053/3307
f 1491/782/703 1216/4054/522 1215/4055/521 1493/783/704
f 1497/828/745 1222/4056/526 1220/4052/3309 1492/784/705
f 1218/4053/3307 1216/4054/522 1491/782/703
f 1227/786/527 1493/803/704 1215/4057/521
f 1225/787/707 1224/4058/524 1498/814/731 1511/788/708
f 1222/4059/526 1497/4060/745 1498/814/731 1224/4058/524
f 1494/792/712 1499/793/713 1500/826/743 1496/4061/3428
f 1505/4062/3429 1483/4042/3425 1486/4044/697 1504/4063/715
f 1501/4064/3430 1502/4065/3431 1503/794/714
f 1175/536/488 1476/4066/1810 1530/4067/3432 1488/4045/3426
f 1476/2048/1810 1481/779/700 1531/4068/3433 1530/4069/3432
f 1481/779/700 1478/778/699 1535/4070/3434 1533/4071/3435
f 1533/4071/3435 1531/4068/3433 1481/779/700
f 1478/778/699 1477/4039/3422 1537/844/759 1535/4070/3434
f 1474/772/694 1473/4038/3421 1566/841/756 1540/4072/3436
f 1537/844/759 1477/4039/3422 1474/772/694
f 1430/3975/747 1429/3974/3392 1508/4073/3437 1519/4074/3438
f 1566/841/756 1473/4038/3421 1480/842/757
f 1422/3970/3388 1493/4050/704 1506/796/716
f 1429/3974/3392 1425/3971/3389 1509/4075/3439 1508/4073/3437
f 1424/885/799 1510/797/717 1509/4075/3439 1425/3971/3389
f 1515/4076/3440 1513/884/798 1512/4077/3441 1514/4078/3442
f 1511/788/708 1512/4077/3441 1513/884/798
f 1517/4079/3443 1515/4076/3440 1514/4078/3442 1516/812/729
f 1519/4080/3438 1517/4079/3443 1516/812/729 1518/811/723
f 1513/884/798 1510/4081/717 1506/802/716 1227/786/527
f 1515/4076/3440 1509/4082/3439 1510/4081/717 1513/884/798
f 1515/4076/3440 1517/4079/3443 1508/4083/3437 1509/4082/3439
f 1518/805/723 1521/804/722 1520/830/719 1519/4084/3438
f 1519/4080/3438 1508/4083/3437 1517/4079/3443
f 1524/4085/3444 1523/4086/3445 1522/806/724 1518/805/723
f 1526/4087/3446 1525/4088/3447 1523/4089/3445 1524/4090/3444
f 1528/808/726 1527/807/725 1525/4088/3447 1526/4087/3446
f 1548/827/744 1500/826/743 1499/793/713 1530/4067/3432
f 1530/4069/3432 1531/4068/3433 1550/824/741 1548/4091/744
f 1531/4068/3433 1533/4071/3435 1532/825/742 1550/824/741
f 1533/4071/3435 1535/4070/3434 1534/4092/3448 1532/825/742
f 1537/844/759 1536/883/797 1534/4092/3448 1535/4070/3434
f 1516/812/729 1514/4078/3442 1542/4093/3449 1541/810/728
f 1529/809/727 1528/808/726 1538/816/733
f 1539/821/738 1540/4072/3436 1538/816/733
f 1514/4078/3442 1512/4077/3441 1543/4094/3450 1542/4093/3449
f 1545/4095/3451 1524/4090/3444 1518/811/723 1541/810/728
f 1541/810/728 1542/4093/3449 1546/4096/3452 1545/4095/3451
f 1543/4094/3450 1547/882/796 1546/4096/3452 1542/4093/3449
f 1544/813/730 1551/880/794 1547/882/796 1543/4094/3450
f 1548/4091/744 1549/4097/3453 1498/814/731 1497/4060/745
f 1553/4098/3454 1546/4096/3452 1547/882/796 1552/881/795
f 1549/4097/3453 1548/4091/744 1550/824/741
f 1554/4099/3455 1545/4095/3451 1546/4096/3452 1553/4098/3454
f 1554/4099/3455 1526/4087/3446 1524/4090/3444 1545/4095/3451
f 1556/823/740 1555/4100/3456 1549/4097/3453 1550/824/741
f 1556/823/740 1558/4101/3457 1557/879/793 1555/4100/3456
f 1558/4101/3457 1559/822/739 1560/878/792 1557/879/793
f 1554/4099/3455 1553/4098/3454 1562/818/735 1526/4087/3446
f 1562/818/735 1561/815/732 1528/808/726
f 1562/818/735 1528/808/726 1526/4087/3446
f 1553/4098/3454 1552/881/795 1563/819/736 1562/818/735
f 1552/881/795 1551/880/794 1564/820/737 1563/819/736
f 1392/3943/3372 1421/3961/3387 1388/3939/3368 273/3274/2927
f 1560/878/792 1561/815/732 1565/817/734
f 1420/3960/3386 1416/3959/3385 1387/3938/3367 1386/3937/3366
f 1395/3944/3373 1414/3954/3380 1417/3956/3382 1389/3940/3369
f 1396/3945/3374 1387/3938/3367 1416/3959/3385
f 1413/3947/3376 1397/3946/3375 1415/3955/3381
f 1414/3954/3380 1395/3944/3373 1407/876/790
f 1392/3943/3372 1391/3942/3371 1418/3957/3383 1379/3931/3362
f 1389/3940/3369 1417/3956/3382 1419/3958/3384 1390/3941/3370
f 1390/4102/3370 1419/4103/3384 1418/3957/3383 1391/3942/3371
f 1416/3959/3385 1415/3955/3381 1397/3946/3375 1396/3945/3374
f 1529/809/727 1538/816/733 1540/4072/3436 1566/841/756
f 1534/4092/3448 1536/883/797 1559/822/739 1558/4101/3457
f 1532/825/742 1534/4092/3448 1558/4101/3457 1556/823/740
f 1529/809/727 1566/841/756 1567/843/758 1527/807/725
f 1527/807/725 1567/843/758 1505/4062/3429 1525/4088/3447
f 1525/4088/3447 1505/4062/3429 1504/4063/715 1523/4089/3445
f 1523/4086/3445 1504/795/715 1503/794/714 1522/806/724
f 1522/806/724 1503/794/714 1502/4065/3431 1521/804/722
f 1521/804/722 1502/4065/3431 1568/831/746 1520/830/719
f 199/801/721 1430/832/747 1519/4104/3438 1520/799/719
f 1496/4061/3428 1500/826/743 1497/828/745 1492/784/705
f 1490/4051/706 1423/834/749 1426/836/751 1496/4049/3428
f 1492/784/705 1490/785/706 1496/4061/3428
f 1570/4105/3458 1569/4106/3459 207/3195/2864 208/3966/2866
f 1419/4103/3384 202/3197/2861 206/3196/2865 1418/3957/3383
f 1404/720/647 1406/724/651 1415/3955/3381 1416/3959/3385
f 1396/3945/3374 1397/3946/3375 264/3264/2918 263/3263/2917
f 1406/724/651 1404/720/647 1384/722/649
f 275/4107/2928 1390/4102/3370 1391/3942/3371 272/3273/2926
f 1383/3934/3364 1399/3949/3378 1406/724/651 1384/722/649
f 1382/3933/753 1400/3950/752 1399/3949/3378 1383/3934/3364
f 226/3219/2883 231/3223/2887 151/3147/2818 599/948/853
f 1403/835/750 1400/837/752 1381/839/754
f 349/3330/2981 346/3327/2978 232/3224/2888 229/3218/2882
f 489/3427/3062 494/3430/3065 492/3433/3068 491/3432/3067
f 491/3432/3067 493/858/773 488/862/776 487/3424/3060
f 495/3431/3066 494/3430/3065 489/3427/3062 490/3426/3061
f 347/3328/2979 346/3327/2978 349/3330/2981 352/3329/2980
f 238/3227/2891 275/4107/2928 272/3273/2926 239/3228/2892
f 264/3264/2918 252/3248/2906 253/3250/2907 263/3263/2917
f 158/3249/2823 173/3251/74 255/3254/2909 253/3250/2907
f 258/3255/2910 257/3258/2912 150/3231/2815 236/3229/2893
f 239/3228/2892 260/3259/2913 258/3255/2910 236/3229/2893
f 229/3218/2882 232/3224/2888 231/3223/2887 226/3219/2883
f 201/3190/2859 200/3189/2858 1570/4108/3458 208/3200/2866
f 1569/4106/3459 1380/3932/3363 206/3196/2865 207/3195/2864
f 201/3190/2859 180/3199/2839 216/833/748 199/801/721
f 158/3152/2823 157/3151/2822 174/78/75 173/77/74
f 150/3144/2815 257/4109/2912 1571/949/854 599/948/853
f 1483/4042/3425 1505/4062/3429 1567/843/758 1480/842/757
f 1503/794/714 120/774/696 1095/889/802 1501/4064/3430
f 1530/4067/3432 1499/793/713 1488/4045/3426
f 120/774/696 1503/794/714 1486/775/697
f 1487/4046/3427 1488/4045/3426 1499/793/713 1489/790/710
f 343/88/85 347/3328/2979 352/3329/2980 1906/840/755
f 358/3335/2986 353/3333/2984 1573/4110/3460 1574/4111/3461
f 1572/860/775 488/862/776 493/858/773
f 400/3355/3003 1576/4112/3462 1575/4113/3463 470/3405/3051
f 1431/849/764 391/851/766 395/3350/2998 313/3303/2955
f 329/3319/2971 1375/3927/3359 1374/3928/3360 547/3459/3091
f 1438/4006/3416 1578/4114/3464 1577/4115/3465 1441/3986/3399
f 1449/4008/3418 1439/3982/3397 1434/3976/3393 1446/3993/3405
f 1453/3997/3409 1579/4116/3466 1578/4114/3464 1438/4006/3416
f 1443/3991/3403 1449/4008/3418 1448/3992/3404 1455/3999/3411
f 1450/3994/3406 1463/4005/3415 1444/3988/3400 1457/3998/3410
f 1464/847/762 1581/846/761 1580/4117/3467 1454/3996/3408
f 1460/4000/657 1459/4003/3413 1452/734/661 1466/733/660
f 1457/3998/3410 1444/3988/3400 1443/3991/3403 1455/3999/3411
f 1454/3996/3408 1580/4117/3467 1579/4116/3466 1453/3997/3409
f 1459/4003/3413 1463/4005/3415 1450/3994/3406 1452/734/661
f 1441/3986/3399 1577/4115/3465 1582/4118/3468 320/3987/2957
f 1449/4008/3418 1446/3993/3405 1448/3992/3404
f 1439/3982/3397 1436/3985/765 1431/3977/764 1434/3976/3393
f 1375/3927/3359 322/3310/2962 387/100/97 1374/3928/3360
f 816/870/784 815/3651/3216 814/3650/3215 813/954/859
f 1583/4119/3469 2245/4120/1638 659/3516/205 668/3518/3126
f 2245/4121/1638 611/3493/1010 610/217/206 659/216/205
f 596/3482/834 1584/4122/833 2094/4123/1640 503/3436/3071
f 526/931/836 1587/930/835 1586/4124/771 523/3444/770
f 39/17/17 533/121/118 2128/123/120
f 556/152/148 562/4125/1675 2158/153/149
f 1585/122/119 533/121/118 523/855/770
f 141/72/70 143/71/69 1588/932/837 526/931/836
f 503/3436/3071 2094/4123/1640 1589/4126/1639 500/940/845
f 499/3435/3070 1591/2024/1799 1590/859/774 493/858/773
f 138/3412/787 309/3301/2953 351/3332/2983 478/3414/788
f 436/4127/3470 453/112/109 451/3393/3039 450/116/113
f 1593/4128/3471 1592/4129/3472 413/3406/3011 458/3397/3043
f 470/3405/3051 1575/4113/3463 1594/4130/3473 461/3396/3042
f 461/3396/3042 1594/4130/3473 1593/4128/3471 458/3397/3043
f 438/109/106 467/3403/3049 463/114/111
f 453/112/109 463/114/111 467/3403/3049 451/3393/3039
f 436/4127/3470 450/116/113 472/115/112 435/4131/3474
f 418/104/101 1597/1826/1645 1596/865/779 419/864/778
f 321/105/102 1915/3309/2961 1597/1826/1645 418/104/101
f 410/845/760 1467/4027/3419 339/86/83 338/85/82
f 362/3337/2988 361/3336/2987 1600/4132/3475 1599/2023/1798
f 1576/4112/3462 400/3355/3003 1598/866/780
f 348/765/687 371/90/87 373/867/781
f 361/3336/2987 358/3335/2986 1574/4111/3461 1600/4132/3475
f 598/3486/3105 1573/4110/3460 353/3333/2984 354/87/84
f 371/90/87 348/765/687 347/3328/2979 343/88/85
f 338/85/82 354/87/84 357/93/90 356/92/89
f 329/3319/2971 547/3459/3091 318/3458/2959 317/3320/2958
f 366/945/850 333/3322/2973 332/3321/2972
f 322/3310/2962 321/105/102 388/101/98 387/100/97
f 320/3305/2957 1582/4133/3468 330/4134/2969 317/3306/2958
f 313/3303/2955 395/3350/2998 394/3353/3001 314/3304/2956
f 1906/840/755 352/3329/2980 351/3332/2983 309/3301/2953
f 141/72/70 147/3141/2812 146/3142/2813 142/70/68
f 21/1935/1735 22/4135/3476 24/3072/2763 23/1954/1753
f 70/4136/1747 71/1945/1744 1601/1946/1745
f 1602/33/33 68/16/16 1643/18/18
f 1603/27/27 56/26/26 1604/4137/3477
f 68/16/16 67/3093/2783 39/17/17
f 1489/790/710 1502/4065/3431 1501/4064/3430 1487/4046/3427
f 1421/3961/3387 1420/3960/3386 1386/3937/3366 1388/3939/3368
f 1539/821/738 1474/772/694 1540/4072/3436
f 1536/883/797 1539/821/738 1559/822/739
f 1564/820/737 1555/4100/3456 1557/879/793 1565/817/734
f 1551/880/794 1549/4097/3453 1555/4100/3456 1564/820/737
f 1559/822/739 1538/816/733 1561/815/732 1560/878/792
f 1544/813/730 1498/814/731 1549/4097/3453 1551/880/794
f 1511/788/708 1544/813/730 1543/4094/3450 1512/4077/3441
f 1495/789/709 1568/831/746 1502/4065/3431 1489/790/710
f 198/791/711 1507/829/720 1568/831/746 1495/789/709
f 1487/4046/3427 1501/4064/3430 1095/889/802 1485/888/801
f 1477/4039/3422 1139/887/463 1102/773/695 1474/772/694
f 196/3187/2856 225/3214/2878 193/3183/2854 192/3182/2853
f 1103/4138/432 1470/766/688 1606/768/690
f 191/3967/2852 214/3206/2871 1569/4106/3459 1570/4105/3458
f 1410/3963/653 222/3211/2875 221/3213/2877 184/3968/2842
f 1385/3935/3365 1420/3960/3386 1421/3961/3387 1378/3930/3361
f 1409/3204/2869 190/3179/2850 1407/876/790 1411/875/789
f 210/727/654 1410/726/653 184/3171/2842 183/3174/2845
f 210/727/654 183/3174/2845 190/3179/2850 1409/3204/2869
f 1398/877/791 270/3271/2924 267/3267/2921 1411/875/789
f 1388/3939/3368 1386/3937/3366 261/3261/2915 259/3260/2914
f 187/3175/2846 1385/3935/3365 1378/3930/3361 213/3205/2870
f 619/897/807 1607/926/831 650/912/819 648/895/805
f 649/913/820 636/187/176 637/189/178
f 515/3479/3078 519/3477/3077 528/3447/3081 593/898/808
f 635/210/199 603/188/177 636/187/176
f 517/170/166 520/3440/3075 519/3442/3077 515/3443/3078
f 130/3132/2804 481/3420/3057 512/3437/3072 507/936/841
f 484/4139/3059 482/4140/3058 133/3418/2803 480/3417/3056
f 167/3160/2831 164/3156/2827 368/900/810 335/142/139
f 267/3267/2921 270/3271/2924 243/3239/2899 247/3242/2902
f 259/3260/2914 261/3261/2915 254/3253/2908 256/3256/2911
f 256/3256/2911 254/3253/2908 156/3252/72 155/3257/71
f 248/3241/2901 251/3243/2903 250/3246/2905 247/3242/2902
f 209/3953/655 1408/891/803 219/798/718 222/3211/2875
f 214/3206/2871 213/3205/2870 1380/3932/3363 1569/4106/3459
f 198/3186/711 1428/3973/3391 225/3214/2878 196/3187/2856
f 191/3181/2852 1570/4108/3458 200/3189/2858 192/3182/2853
f 167/3160/2831 166/3159/2830 165/3157/2828 164/3156/2827
f 154/75/73 1571/949/854 257/4109/2912 155/73/71
f 482/3421/3058 481/3420/3057 130/3132/2804 133/3131/2803
f 562/1861/1675 556/4141/148 24/3072/2763 22/4135/3476
f 13/12/12 567/904/813 566/4142/145 44/8/8
f 556/4141/148 555/4143/3096 18/3070/2761 20/3071/2762
f 20/3071/2762 24/3072/2763 556/4141/148
f 555/4143/3096 559/4144/142 17/3069/2760 18/3070/2761
f 17/3069/2760 559/4144/142 560/903/144 15/902/812
f 564/4145/822 563/905/814 13/12/12 14/11/11
f 44/8/8 566/4142/145 553/907/147 6/9/9
f 16/1928/1730 1609/4146/3478 1608/1926/1728 3191/1927/1729
f 40/3083/2774 38/15/15 37/14/14 41/3084/2775
f 40/3083/2774 74/34/34 51/3092/23 38/15/15
f 37/14/14 534/909/817 41/3084/2775
f 53/24/24 51/23/23 73/1944/36
f 75/4147/1793 50/22/22 49/1929/38
f 604/198/187 637/189/178 603/188/177 630/208/197
f 564/4145/822 14/11/11 561/901/811
f 649/913/820 650/912/819 1607/926/831
f 605/3489/3108 630/208/197 658/209/198
f 638/195/184 632/194/183 650/912/819
f 33/925/830 30/3078/2769 649/913/820 1607/926/831
f 57/3095/29 78/3094/2784 35/919/824 77/37/37
f 78/3094/2784 31/3076/2767 30/3078/2769 33/925/830
f 77/918/37 47/28/28 57/29/29
f 530/3446/3080 531/3079/2770 36/921/826 527/922/827
f 14/11/11 3180/1931/1732 561/901/811
f 534/909/817 58/13/13 35/919/824
f 531/3079/2770 530/3446/3080 534/909/817
f 620/920/825 34/923/828 621/924/829 619/897/807
f 78/3094/2784 32/3080/2771 34/923/828 35/919/824
f 617/853/768 596/929/834 509/4148/3073 618/854/769
f 621/924/829 1607/926/831 619/897/807
f 32/3080/2771 78/3094/2784 33/925/830
f 2214/927/832 596/929/834 617/853/768
f 509/4148/3073 640/196/185 618/854/769
f 509/4148/3073 510/3476/124 640/196/185
f 507/936/841 512/3437/3072 520/3440/3075 517/170/166
f 500/940/845 1589/4126/1639 139/3139/2811 477/872/786
f 505/937/842 508/935/840 517/170/166 511/169/165
f 513/934/839 514/3439/3074 525/126/123 522/125/122
f 506/129/126 502/128/125 504/939/844
f 168/3158/2829 172/3162/2833 171/3161/2832 251/4149/2903
f 526/931/836 525/126/123 514/3439/3074
f 521/933/838 520/3440/3075 512/3437/3072
f 251/4149/2903 171/3161/2832 170/3164/2835 175/3166/2837
f 496/3428/3063 176/3165/2836 169/3163/2834 548/3463/3094
f 497/3429/3064 496/3428/3063 548/3463/3094 364/3338/2989
f 362/3337/2988 1599/2023/1798 334/2022/1797 333/3322/2973
f 498/3434/3069 497/3429/3064 364/3338/2989 332/3321/2972
f 332/3321/2972 499/3435/3070 498/3434/3069
f 363/141/138 362/3337/2988 333/3322/2973 366/945/850
f 499/3435/3070 332/3321/2972 1610/943/848 1591/2024/1799
f 176/3165/2836 175/3166/2837 170/3164/2835 169/3163/2834
f 480/3417/3056 479/947/852 1571/949/854 154/75/73
f 172/3162/2833 168/3158/2829 549/946/851
f 166/3159/2830 248/4150/2901 246/4151/2898 165/3157/2828
f 157/3151/2822 490/3426/3061 485/119/116 174/78/75
f 382/4152/92 242/4153/91 385/3349/2997 161/3622/2825
f 385/3349/2997 242/4153/91 241/4154/2895 153/3146/2817
f 496/3428/3063 495/3431/3066 160/3150/2821 176/3165/2836
f 174/78/75 485/119/116 484/3422/3059 156/76/72
f 549/946/851 548/3463/3094 169/3163/2834 172/3162/2833
f 168/3158/2829 251/4149/2903 248/4150/2901 166/3159/2830
f 165/3157/2828 246/4151/2898 245/4155/2897 163/3153/2824
f 245/4155/2897 382/4156/92 161/3154/2825 163/3153/2824
f 160/3150/2821 495/3431/3066 490/3426/3061 157/3151/2822
f 484/4139/3059 480/3417/3056 154/75/73 156/74/72
f 241/4154/2895 149/3143/2814 148/3145/2816 153/3146/2817
f 293/3285/2938 811/3649/3214 810/3648/3213 542/3455/3088
f 599/948/853 151/3147/2818 148/3145/2816
f 393/3352/3000 542/3455/3088 810/3648/3213 812/3647/3212
f 394/3353/3001 814/3650/3215 815/3651/3216 314/3304/2956
f 393/3352/3000 812/3647/3212 814/3650/3215 394/3353/3001
f 314/3304/2956 815/3651/3216 817/950/855 315/952/857
f 811/3649/3214 293/3285/2938 396/953/858
f 1619/959/864 1616/958/863 2198/4157/1002 3175/4158/1003
f 813/954/859 399/871/785 816/870/784
f 8/1968/5 1618/1967/1763 1617/4159/3479 9/4160/6
f 3174/972/877 3193/1925/1727 1623/4161/1690 1624/4162/3480
f 1620/960/865 1651/987/892 1616/958/863
f 2162/1867/1681 3192/1936/1736 1621/1868/1682
f 3172/973/878 3174/972/877 1624/4162/3480 1625/1865/1679
f 1627/1938/1738 3172/973/878 1625/1865/1679 1626/1864/1678
f 3195/1939/1739 1627/1938/1738 1626/1864/1678 1628/4163/3481
f 21/1935/1735 1629/1951/1750 1630/1862/1676 22/4135/3476
f 1629/1951/1750 3195/1939/1739 1628/4163/3481 1630/1862/1676
f 1634/4164/3482 1631/4165/3483 1632/1095/994 1633/4166/3484
f 1637/4167/3485 1684/1094/993 1635/4168/3486 1636/1133/1027
f 1646/4169/3487 1647/1871/1685 1644/4170/3488 1645/4171/3489
f 1650/982/887 1651/987/892 1648/1952/1751 1649/1097/996
f 1669/1098/997 3176/4172/3490 1652/1924/1726 1668/977/882
f 1654/976/881 1657/4173/3491 1682/4174/890 1658/1872/1686
f 1653/978/883 1668/977/882 1652/1924/1726
f 1685/971/876 1653/978/883 3174/972/877
f 1657/4173/3491 1659/1921/1723 1660/4175/3492 1682/4174/890
f 1665/4176/3493 1666/981/886 1664/1982/1770 1613/1981/1762
f 1672/1969/1764 1673/1970/1765 1670/1986/1774 1671/4177/3494
f 1649/1097/996 1666/981/886 1650/982/887
f 1674/1874/1687 1683/4178/3495 1641/968/873 1662/967/872
f 1676/984/889 1675/983/888 1645/4171/3489 1644/4170/3488
f 1678/970/875 1646/4169/3487 1645/4171/3489 1677/4179/3496
f 1675/983/888 1679/1950/1749 1677/4179/3496 1645/4171/3489
f 1679/1950/1749 1680/1831/1650 1643/18/18 1677/4179/3496
f 1653/2007/883 1685/4180/876 1661/980/885 1663/966/871
f 1686/2006/884 1638/961/866 1635/4168/3486 1684/1094/993
f 80/1979/40 79/4181/39 1687/4182/3497 1688/1977/1768
f 1671/4177/3494 3208/4183/1789 1689/4184/1790 1631/4165/3483
f 1631/4165/3483 1689/4184/1790 2194/4185/999 1632/1095/994
f 1690/1093/992 1632/1095/994 2194/4185/999
f 1649/1097/996 1648/1952/1751 3176/4172/3490 1669/1098/997
f 1672/1969/1764 1671/4177/3494 1631/4165/3483 1634/4164/3482
f 1692/1023/923 1693/4186/3498 1691/4187/914 1727/1022/922
f 1691/4187/914 1693/4186/3498 1694/4188/3499 1695/4189/912
f 1695/4189/912 1694/4188/3499 1696/1008/910 1697/1007/909
f 1725/1024/924 1726/4190/3500 1698/1012/913 1699/4191/3501
f 1723/989/894 1700/988/893 1708/4192/897 1722/1017/918
f 1701/4193/3502 1698/1012/913 1710/4194/3503 1702/996/901
f 1698/1012/913 1701/4193/3502 1699/4191/3501
f 1709/999/904 1711/998/903 1703/995/900 1704/4195/3504
f 1709/999/904 1704/4195/3504 1705/4196/898 1708/4192/897
f 1711/998/903 1701/4193/3502 1702/996/901 1703/995/900
f 1694/4188/3499 1693/4186/3498 1707/994/899 1706/991/896
f 1706/991/896 1696/1008/910 1694/4188/3499
f 1692/1023/923 1721/1019/920 1707/994/899 1693/4186/3498
f 1698/1012/913 1695/1011/912 1697/4197/909 1710/4194/3503
f 1726/4190/3500 1727/4198/922 1691/1013/914 1698/1012/913
f 1722/4199/918 1708/992/897 1707/994/899 1721/1019/920
f 1724/990/895 1725/1024/924 1699/4191/3501 1700/988/893
f 1716/1009/911 1706/991/896 1705/993/898
f 1706/991/896 1716/1009/911 1696/1008/910
f 1712/997/902 1702/996/901 1710/4194/3503
f 1703/995/900 1705/4196/898 1704/4195/3504
f 1701/4193/3502 1711/998/903 1700/988/893 1699/4191/3501
f 1712/997/902 1697/4197/909 1713/1002/907 1715/1001/906
f 1710/4194/3503 1697/4197/909 1712/997/902
f 1712/997/902 1705/4196/898 1703/995/900
f 1712/997/902 1716/1010/911 1705/4196/898
f 1717/1005/908 1713/1006/907 1697/1007/909
f 1716/1009/911 1715/1003/906 1717/1005/908
f 1726/4190/3500 1728/4200/3505 1718/4201/917 1727/4198/922
f 1700/988/893 1709/999/904 1708/4192/897
f 1721/1019/920 1692/1023/923 1730/1020/921
f 1724/990/895 1723/989/894 3048/1018/919
f 1727/1022/922 1718/2046/917 1730/1020/921
f 1725/1024/924 1729/1025/925 1728/4200/3505 1726/4190/3500
f 1734/4202/3506 1731/4203/3507 1732/4204/3508 1733/4205/3509
f 1737/1075/975 1738/4206/3510 1735/4207/3511 1736/4208/3512
f 139/4209/2811 2093/1822/1641 1739/4210/960 140/4211/959
f 1741/4212/3513 1740/4213/3514 143/71/69 142/70/68
f 1745/4214/3515 1742/4215/3516 1743/4216/3517 1744/4217/3518
f 1751/4218/3519 1748/1028/928 1749/4219/3520 1750/4220/3521
f 1757/4221/3522 1758/4222/3523 1755/4223/3524 1756/4224/3525
f 1752/4225/3526 1753/4226/3527 1754/1858/1672
f 1763/4227/3528 1760/4228/3529 1759/1898/1708 1762/4229/3530
f 1759/1898/1708 1760/4228/3529 1761/4230/3531
f 1766/4231/3532 1764/4232/3533 1769/1890/1700 1765/1894/1704
f 1769/1890/1700 1773/1889/1699 1767/1893/1703 1768/1895/1705
f 1771/4233/3534 1753/4234/3527 1752/4235/3526 1770/4236/3535
f 1757/4221/3522 1756/4224/3525 1772/1892/1702 1773/1889/1699
f 1776/4237/3536 1777/4238/3537 1774/4239/3538 1775/4240/3539
f 1781/4241/3540 1778/4242/3541 1779/4243/3542 1780/4244/3543
f 1784/4245/3544 1785/4246/3545 1782/4247/3546 1783/4248/3547
f 1780/4244/3543 1787/4249/3548 1786/4250/3549 1781/4241/3540
f 1791/4251/3550 1788/4252/3551 1789/4253/3552 1790/4254/3553
f 1782/4247/3546 1792/4255/3554 1789/4256/3552 1783/4248/3547
f 1799/4257/3555 1796/4258/3556 1797/4259/3557 1798/4260/3558
f 1793/4261/3559 3080/1839/1566 1794/1031/931
f 1796/4262/3556 1800/4263/3560 1801/4264/3561 1797/4265/3557
f 1775/4266/3539 1774/4267/3538 1802/1800/1620 1795/1030/930
f 1805/4268/3562 1806/1678/1515 1803/4269/3563 1804/4270/3564
f 1808/1679/1516 1806/1678/1515 1805/4268/3562 1807/4271/3565
f 1783/4248/3547 1810/4272/3566 1809/4273/3567 1784/4245/3544
f 1775/4240/3539 1812/4274/929 1811/4275/3568 1776/4237/3536
f 1776/4237/3536 1811/4275/3568 1813/4276/3569 1814/4277/3570
f 1817/4278/3571 3010/1752/1575 1815/4279/3572 1816/4280/3573
f 1820/4281/3574 1818/4282/3575 1819/4283/3576 1790/4254/3553
f 1823/4284/3577 1824/4285/3578 1821/4286/3579 1822/4287/3580
f 1828/4288/3581 1825/4289/3582 1826/4290/3583 1827/4291/3584
f 1825/4289/3582 1829/4292/3585 1830/4293/3586 1826/4290/3583
f 1833/4294/3587 1834/4295/3588 1831/4296/3589 1832/4297/3590
f 1834/4295/3588 1747/4298/927 1746/4299/926 1831/4296/3589
f 1834/4300/3588 1835/4301/3591 1836/4302/3592 1747/4303/927
f 1840/4304/1707 1841/4305/3593 1838/4306/3594 1839/4307/3595
f 1837/1041/941 1836/4302/3592 1835/4301/3591
f 1844/4308/1698 1845/4309/3596 1843/4310/3597 1773/4311/1699
f 1838/4306/3594 1842/4312/3598 1839/4307/3595
f 1773/4311/1699 1843/4310/3597 1846/4313/3599 1757/4314/3522
f 1846/4313/3599 1847/4315/3600 1758/4316/3523 1757/4314/3522
f 1771/4317/3534 1849/4318/3601 1848/4319/3602 1753/4320/3527
f 1754/4321/1672 1850/4322/3603 1851/4323/3604 1852/4324/1673
f 1850/4322/3603 1853/4325/3605 1854/4326/3606 1851/4323/3604
f 1856/4327/3607 1848/4319/3602 1849/4318/3601 1855/4328/3608
f 1855/4328/3608 1849/4318/3601 1847/4315/3600 1857/4329/3609
f 1859/4330/3610 1846/4313/3599 1843/4310/3597 1858/4331/3611
f 1858/4331/3611 1843/4310/3597 1845/4309/3596 1860/4332/3612
f 1860/4332/3612 1845/4309/3596 1838/4306/3594 1861/4333/3613
f 1835/4301/3591 1834/4300/3588 1833/4334/3587 1862/4335/3614
f 1862/4335/3614 1863/1677/1514 1837/1041/941 1835/4301/3591
f 1865/4336/3615 1864/4337/3616 1838/4306/3594 1841/4305/3593
f 1867/4338/3617 1866/4339/3618 1832/4297/3590 1854/4326/3606
f 1869/4340/3619 1868/4341/3620 1862/4335/3614 1833/4334/3587
f 1885/1170/1061 1872/1721/1549 1870/4342/3621 1871/4343/3622
f 1876/1207/1096 1873/4344/3623 1874/4345/3624 1875/1205/1094
f 1879/1209/1098 1880/4346/3625 1877/4347/3626 1878/1197/1086
f 1881/1210/1099 1879/1209/1098 1878/1197/1086 2396/1196/1085
f 1888/4348/3627 1889/4349/3628 1886/4350/3629 1887/4351/3630
f 1892/4352/3631 1889/4353/3628 1890/4354/3632 1891/4355/3633
f 1895/1186/1076 1896/1185/1075 1893/4356/3634 1894/1190/1080
f 2397/1188/1078 1899/4357/3635 1897/4358/3636 1898/4359/3637
f 1905/4360/3638 1902/4361/3639 1903/4362/3640 1904/4363/3641
f 1908/1829/1648 1907/1828/1647 312/951/856 311/3300/2952
f 315/952/857 1910/4364/3642 1909/1811/1631 316/3302/2954
f 1914/4365/3643 1911/4366/3644 1912/4367/3645 1913/4368/3646
f 1898/4359/3637 1897/4358/3636 1917/4369/3647 1918/4370/3648
f 1915/3309/2961 323/3311/2963 1916/4371/3649
f 1922/4372/3650 1919/4373/3651 1920/4374/3652 1921/4375/3653
f 330/3317/2969 1911/4376/3644 1923/1814/1634 331/3318/2970
f 1926/4377/3654 1927/4378/3655 1924/4379/3656 1925/1891/1701
f 1765/1894/1704 1929/4380/3657 1928/4381/3658 1766/4231/3532
f 1930/4382/3659 2148/4383/3660 1760/4228/3529 1763/4227/3528
f 1936/1092/991 1933/1091/990 1934/4384/3661 1935/4385/3662
f 1941/4386/3663 1939/4387/3664 1967/4388/3665 1940/4389/3666
f 1945/4390/3667 1942/4391/3668 1943/4392/3669 1944/4393/3670
f 1935/4385/3662 1946/4394/3671 1931/1036/936 1936/1092/991
f 1951/4395/3672 1952/4396/3673 1949/4397/3674 1950/4398/3675
f 1948/1081/981 1936/1092/991 1947/4399/3676
f 1954/4400/3677 1955/4401/3678 1952/4396/3673 1953/4402/3679
f 1958/4403/3680 1959/4404/3681 1956/4405/3682 1957/4406/3683
f 1950/4398/3675 1960/4407/3684 1961/4408/3685 1951/4395/3672
f 1760/4228/3529 2148/4383/3660 1962/1726/1552 2192/4409/3686
f 1967/4388/3665 1964/4410/3687 1965/4411/3688 1966/4412/3689
f 1970/4413/3690 1971/4414/3691 1968/4415/3692 1969/4416/3693
f 1969/4416/3693 1968/4415/3692 1972/4417/3694 1973/4418/3695
f 1863/1677/1514 1974/1676/1513 1975/1042/942 1837/1041/941
f 1829/4292/3585 1977/4419/3696 1978/4420/3697 1830/4293/3586
f 1980/4421/3698 1750/4220/3521 1749/4219/3520 1979/4422/3699
f 1884/1034/934 1982/4423/3700 1981/4424/3701 1882/1032/932
f 1985/4425/3702 1983/1047/947 2014/1046/946 1984/4426/3703
f 1988/4427/3704 1986/4428/3705 1914/4365/3643 1987/1812/1632
f 1991/4429/3706 1989/4430/3707 1909/1811/1631 1990/4431/3708
f 1994/4432/3709 1992/4433/3710 1993/1830/1649 1908/1829/1648
f 1997/4434/3711 1998/4435/3712 1995/4436/3713 1996/4437/3714
f 1996/4437/3714 1963/868/782 1966/4412/3689 1997/4434/3711
f 1966/4412/3689 1965/4411/3688 1999/4438/3715 1997/4434/3711
f 1970/4413/3690 1969/4416/3693 2000/4439/3716 2001/4440/3717
f 2000/4439/3716 1969/4416/3693 1973/4418/3695 2002/4441/3718
f 2003/1076/976 2004/1082/982 1948/1081/981 2032/1077/977
f 1947/4399/3676 1932/1035/935 2005/4442/3719 2006/1823/1642
f 2012/4443/3720 2010/1050/950 2011/4444/3721 1888/4348/3627
f 1994/4432/3709 1908/1829/1648 2009/1045/945
f 2014/1046/946 2016/4445/3722 2015/1827/1646 1597/1826/1645
f 1597/1826/1645 1915/3309/2961 2014/1046/946
f 2013/1048/948 2017/4446/3723 2016/4445/3722 2014/1046/946
f 1894/1190/1080 1893/4356/3634 1899/4357/3635 2397/1188/1078
f 1880/4346/3625 1875/1205/1094 1874/4345/3624 1877/4347/3626
f 2016/4445/3722 2018/2019/1795 2019/4447/3724 2015/1827/1646
f 2018/2019/1795 2016/4445/3722 2017/4446/3723
f 1891/4355/3633 1890/4354/3632 2022/1187/1077 1895/1186/1076
f 2021/1049/949 2011/4444/3721 2010/1050/950
f 2026/4448/3725 2023/4449/3726 2024/4450/3727 2025/4451/3728
f 2031/4452/3729 2030/4453/3730 436/4127/3470 435/4131/3474
f 2027/4454/3731 2028/4455/3732 2029/4456/1796
f 2034/1078/978 2033/4457/3733 2002/4458/3718 2003/1076/976
f 2001/4440/3717 2000/4439/3716 2035/4459/3734 2036/4460/3735
f 2038/4461/3736 2039/4462/3737 2037/4463/3738 2028/4455/3732
f 2043/4464/3739 2040/4465/3740 2041/4466/3741 2042/4467/3742
f 2048/4468/3743 2047/1824/1643 454/113/110 453/112/109
f 2044/4469/3744 2045/4470/3745 2046/1052/952
f 2038/4461/3736 2051/4471/3746 2049/4472/3747 2050/4473/3748
f 2054/4474/3749 2055/4475/3750 2052/4476/3751 2053/4477/3752
f 2050/4473/3748 2049/4472/3747 2056/4478/3753 2036/4460/3735
f 2050/4473/3748 2057/4479/3754 2039/4462/3737 2038/4461/3736
f 2042/4467/3742 2041/4466/3741 2058/4480/3755 2059/4481/3756
f 2045/4470/3745 2044/4469/3744 2060/4482/3757 2061/1825/1644
f 2063/4483/3758 2054/4474/3749 2053/4477/3752 2062/4484/3759
f 2055/4475/3750 2008/4485/944 2007/4486/943 2052/4476/3751
f 2067/4487/3760 2066/4488/3761 2040/4465/3740 2043/4464/3739
f 2028/4455/3732 2037/4463/3738 2066/4489/3761 2029/4456/1796
f 2030/4453/3730 2048/4468/3743 453/112/109 436/4127/3470
f 2028/4455/3732 2027/4454/3731 2051/4471/3746 2038/4461/3736
f 2069/4490/955 2068/4491/957 1945/4390/3667 1944/4393/3670
f 1736/4492/3512 1735/4493/3511 1824/4285/3578 1823/4284/3577
f 1733/4494/3509 1732/4495/3508 2071/4496/3762 2072/4497/3763
f 2075/4498/3764 2076/4499/3765 2073/4500/3766 2074/4501/3767
f 2078/4502/3768 2076/4503/3765 2075/4504/3764 2077/4505/3769
f 2077/4505/3769 2075/4504/3764 1745/4506/3515 2079/4507/3770
f 2081/4508/3771 1744/4509/3518 1741/4510/3513 2080/1809/1629
f 2079/4507/3770 2082/4511/3772 2083/4512/3773 2077/4505/3769
f 2089/4513/3774 2090/4514/3775 2087/4515/3776 2088/4516/3777
f 2092/4517/3778 2085/1062/962 2084/1061/961 2091/4518/3779
f 2095/1887/1697 2096/1065/965 2093/1822/1641 2094/1821/1640
f 1734/4202/3506 2100/4519/3780 2099/4520/3781 1731/4203/3507
f 2098/4521/3782 1738/4206/3510 1737/1075/975
f 2102/1883/1693 2104/4522/3783 2101/4523/3784 3168/1884/1694
f 2095/1887/1697 2104/4524/3783 2103/1068/968 2097/1064/964
f 2073/4500/3766 2108/4525/3785 2107/4526/3786 2074/4501/3767
f 2074/4501/3767 2107/4526/3786 2109/4527/3787 1742/4215/3516
f 1743/4216/3517 2111/1886/1696 2110/1885/1695 1740/4213/3514
f 2116/4528/3788 2117/4529/1671 2114/4530/3789 2115/4531/3790
f 2117/4529/1671 2112/4532/3791 2113/4533/3792
f 2115/4531/3790 2114/4530/3789 2118/1074/974 2119/1073/973
f 2124/4534/3793 2125/1856/1670 2122/4535/3794 2123/4536/3795
f 2120/4537/3796 2110/1885/1695 2121/1072/972
f 1646/4169/3487 1678/970/875 2129/1069/969 2131/1071/971
f 2127/965/870 1640/964/869 2126/4538/3797
f 2123/4536/3795 1642/969/874 1647/1871/1685 2132/4539/3798
f 1646/4169/3487 2131/1071/971 2132/4539/3798 1647/1871/1685
f 2124/4534/3793 2123/4536/3795 2132/4539/3798 2133/4540/3799
f 1742/4215/3516 2109/4527/3787 2111/1886/1696 1743/4216/3517
f 2088/4516/3777 2087/4515/3776 2085/1062/962 2092/4517/3778
f 2103/1068/968 2106/1067/967 2097/1064/964
f 2081/4508/3771 2086/1063/963 2082/4511/3772 2079/4507/3770
f 2079/4507/3770 1745/4506/3515 1744/4509/3518 2081/4508/3771
f 2068/4491/957 1736/4492/3512 1823/4284/3577 1945/4390/3667
f 1737/1075/975 1736/4208/3512 2068/1057/957 2070/1056/956
f 2027/4454/3731 2055/4475/3750 2054/4474/3749 2051/4471/3746
f 2064/1054/954 2067/4487/3760 2043/4464/3739 2046/1052/952
f 2044/4469/3744 2042/4467/3742 2059/4481/3756 2060/4482/3757
f 2049/4472/3747 2063/4483/3758 1998/4435/3712 2056/4478/3753
f 2051/4471/3746 2054/4474/3749 2063/4483/3758 2049/4472/3747
f 2046/1052/952 2043/4464/3739 2042/4467/3742 2044/4469/3744
f 2008/4485/944 2055/4475/3750 2027/4454/3731 2029/4456/1796
f 2017/4446/3723 2135/4541/3800 2134/4542/3801 2018/2019/1795
f 2136/1079/979 2135/4541/3800 2017/4446/3723 2013/1048/948
f 1994/4432/3709 2009/1045/945 2012/4443/3720 1888/4348/3627
f 1948/1081/981 1947/4399/3676 2006/1823/1642 2032/1077/977
f 1965/4411/3688 1970/4413/3690 2001/4440/3717 1999/4438/3715
f 1888/4348/3627 1887/4351/3630 1992/4433/3710 1994/4432/3709
f 2138/4543/3802 2137/4544/3803 1989/4430/3707 1991/4429/3706
f 2140/4545/3804 2139/4546/3805 1986/4428/3705 1988/4427/3704
f 1914/4547/3643 1986/4548/3705 2142/4549/3806 2143/1815/1635
f 1983/1047/947 1985/4425/3702 2141/4550/3807
f 1965/4411/3688 1964/4410/3687 1971/4414/3691 1970/4413/3690
f 1960/4407/3684 1930/4382/3659 1763/4227/3528 1961/4408/3685
f 1959/4404/3681 2145/1896/1706 2144/4551/3808 1956/4405/3682
f 1823/4284/3577 1822/4287/3580 1942/4391/3668 1945/4390/3667
f 1827/4291/3584 1826/4290/3583 1939/4387/3664 1941/4386/3663
f 1933/1091/990 2147/4552/3809 2148/4383/3660 1934/4384/3661
f 1929/4380/3657 1954/4400/3677 1953/4402/3679 1928/4381/3658
f 2075/4498/3764 2074/4501/3767 1742/4215/3516 1745/4214/3515
f 2191/1144/1038 1672/1969/1764 1634/4164/3482 2149/4553/3810
f 2131/1071/971 2133/4540/3799 2132/4539/3798
f 1619/4554/864 1618/1975/1763 3204/1974/1767 2150/1995/1781
f 2152/1989/1775 2166/4555/1677 1626/4556/1678 2151/1994/1780
f 2154/4557/1684 1619/4554/864 2150/1995/1781 2153/4558/3811
f 2151/1994/1780 1626/4556/1678 2155/4559/1680 2170/1992/1778
f 2155/4559/1680 2156/4560/3812 2157/1997/1783 2170/1992/1778
f 2156/4560/3812 1623/1878/1690 2161/1877/1689 2157/1997/1783
f 2162/1879/1681 2159/4561/1683 2160/1990/1776 2161/1877/1689
f 2159/4561/1683 2163/4562/3813 2164/1085/985 2165/1991/1777
f 2163/4562/3813 2154/4557/1684 2153/4558/3811 2164/1085/985
f 2161/1877/1689 2171/1084/984 2169/1083/983 2174/1996/1782
f 2165/1991/1777 2160/1990/1776 2159/4561/1683
f 1678/970/875 2128/123/120 2129/1069/969
f 2164/1085/985 2173/1973/1766 2172/1972/1759 2169/1083/983
f 2170/1992/1778 2157/1997/1783 2175/4563/3814 2176/4564/3815
f 2182/4565/3816 2167/1993/1779 2170/1992/1778 2176/4564/3815
f 2177/4566/3817 2178/4567/3818 2169/1083/983
f 2172/1972/1759 2180/4568/3819 2181/4569/3820
f 2174/1996/1782 2169/1083/983 2178/4567/3818 2183/4570/3821
f 2169/1083/983 2172/1972/1759 2181/4569/3820 2184/4571/3822
f 2185/1087/987 2168/1086/986 2167/1993/1779 2182/4565/3816
f 2157/1997/1783 2174/1996/1782 2183/4570/3821 2175/4563/3814
f 2118/4572/974 2133/4540/3799 2131/1071/971 2121/4573/972
f 2169/1083/983 2184/4571/3822 2177/4566/3817
f 2121/4573/972 2131/1071/971 2130/1070/970 2120/4574/3796
f 2114/4575/3789 2124/4534/3793 2133/4540/3799 2118/4572/974
f 2117/1857/1671 2125/1856/1670 2124/4534/3793 2114/4575/3789
f 2113/4576/3792 2189/1855/1669 2188/1854/1668 2117/1857/1671
f 2103/1089/968 2186/1088/988 2190/4577/3823 2105/4578/966
f 2104/4524/3783 2095/1887/1697 2094/1821/1640 2101/4579/3784
f 2190/4577/3823 2189/1855/1669 2113/4576/3792 2105/4578/966
f 1948/1081/981 2146/1080/980 2147/4552/3809 1933/1091/990
f 597/1143/1037 3206/1978/1769 1673/1970/1765 2191/1144/1038
f 1738/4206/3510 2098/4521/3782 2100/4519/3780 1734/4202/3506
f 1735/4493/3511 1733/4494/3509 2072/4497/3763 1824/4285/3578
f 1980/4421/3698 1761/4580/3531 1977/4419/3696 1829/4292/3585
f 1750/4220/3521 1980/4421/3698 1829/4292/3585 1825/4289/3582
f 598/3486/3105 339/86/83 1931/1036/936
f 1751/4218/3519 1750/4220/3521 1825/4289/3582 1828/4288/3581
f 1824/4285/3578 2072/4497/3763 2193/4581/3824 1821/4286/3579
f 1738/4206/3510 1734/4202/3506 1733/4205/3509 1735/4207/3511
f 1649/1097/996 1669/1098/997 2194/1100/999 2195/1096/995
f 1633/4166/3484 1632/1095/994 1684/1094/993 1637/4167/3485
f 1690/1093/992 1667/2012/998 1684/1094/993
f 1669/1098/997 1668/977/882 1667/1099/998
f 1666/981/886 1665/4176/3493 1615/956/861
f 1665/4176/3493 2196/4582/1001 1614/957/862 1615/956/861
f 2205/1122/1016 2206/1875/1688 2203/1125/1019 2204/1120/1014
f 2197/1101/1000 2198/1920/1002 1614/1102/862
f 2231/1132/1026 2201/4583/3825 2202/1139/1033
f 2209/1114/1008 2212/1141/1035 2211/1127/1021 2207/1112/1006
f 2212/1141/1035 2213/1121/1015 2204/1120/1014 2211/1127/1021
f 2125/1856/1670 2188/1854/1668 2215/1853/1667 2122/4535/3794
f 2207/1112/1006 2187/1090/989 2102/1883/1693
f 2122/4535/3794 2215/1853/1667 2216/4584/3826 2217/1880/1691
f 2220/1126/1020 2219/1117/1011 2223/4585/3827 2224/4586/3828
f 2219/1117/1011 2220/1126/1020 2221/1118/1012
f 2224/4586/3828 2223/4585/3827 2225/4587/3829 2226/4588/3830
f 2226/4588/3830 2225/4587/3829 2227/1124/1018 2228/1123/1017
f 2206/1875/1688 2202/1139/1033 2201/4583/3825 2203/1125/1019
f 2203/1125/1019 2201/4583/3825 2229/1135/1029 2228/1123/1017
f 2232/4589/3831 2230/4590/3832 2231/1132/1026 2249/1138/1032
f 2149/4553/3810 1634/4164/3482 2230/4590/3832 2232/4589/3831
f 2244/1134/1028 2242/4591/3833 2201/4583/3825
f 2231/1132/1026 2230/4590/3832 1637/4167/3485 1636/1133/1027
f 2230/4590/3832 1634/4164/3482 1633/4166/3484 1637/4167/3485
f 2186/1088/988 2220/1126/1020 2233/4592/3834 2190/4577/3823
f 2190/4577/3823 2233/4592/3834 2234/4593/3835 2189/1855/1669
f 2211/1127/1021 2235/1129/1023 2237/4594/3836 2207/1112/1006
f 2238/1130/1024 2236/1128/1022 2211/1127/1021 2204/1120/1014
f 2234/4593/3835 2239/4595/3837 2215/1853/1667 2189/1855/1669
f 2187/1090/989 2207/1112/1006 2237/4594/3836
f 2215/1853/1667 2239/4595/3837 2240/1136/1030 2241/4596/3838
f 2243/1131/1025 2227/1124/1018 2225/4587/3829 2238/1130/1024
f 2229/1135/1029 2241/4596/3838 2240/1136/1030
f 2243/1131/1025 2204/1120/1014 2203/1125/1019
f 2227/1124/1018 2243/1131/1025 2203/1125/1019
f 2234/4593/3835 2226/4588/3830 2228/1123/1017 2239/4595/3837
f 2228/1123/1017 2240/1136/1030 2239/4595/3837
f 2237/4594/3836 2222/1119/1013 2221/1118/1012 2187/1090/989
f 2238/1130/1024 2225/4587/3829 2223/4585/3827 2236/1128/1022
f 2235/1129/1023 2219/1117/1011 2222/1119/1013 2237/4594/3836
f 2223/4585/3827 2219/1117/1011 2235/1129/1023 2236/1128/1022
f 2233/4592/3834 2224/4586/3828 2226/4588/3830 2234/4593/3835
f 2191/1144/1038 2149/4553/3810 2248/4597/3839 2253/1142/1036
f 2224/4586/3828 2233/4592/3834 2220/1126/1020
f 2208/1113/1007 2245/1819/1638 2246/1145/1039
f 2205/1122/1016 2213/1121/1015 2255/4598/1041 2250/4599/3840
f 2252/1140/1034 2255/4598/1041 2213/1121/1015
f 2149/4553/3810 2232/4589/3831 2251/4600/3841 2248/4597/3839
f 2206/1875/1688 2205/1122/1016 2250/4599/3840 2247/1876/1665
f 2212/1141/1035 2209/1114/1008 2246/1145/1039 2252/1140/1034
f 2249/1138/1032 2251/4600/3841 2232/4589/3831
f 2247/1850/1665 2250/4601/3840 2257/4602/3842 2260/4603/3843
f 2255/1147/1041 2257/4602/3842 2250/4601/3840
f 2247/1850/1665 2260/4603/3843 2259/1851/1666
f 2261/4604/3844 2251/4605/3841 2249/4606/1032 2258/1852/1031
f 2264/4607/3845 2248/4608/3839 2251/4605/3841 2261/4604/3844
f 2262/4609/3846 2263/4610/3847 2246/4611/1039
f 2246/4611/1039 2245/4612/1638 2265/4613/3848 2262/4609/3846
f 2252/1148/1034 2246/4611/1039 2263/4610/3847 2266/4614/3849
f 2266/4614/3849 2254/1146/1040 2252/1148/1034
f 2267/4615/3850 2253/1151/1036 2248/4608/3839 2264/4607/3845
f 2273/4616/3851 2274/4617/3852 2271/4618/3853 2272/4619/3854
f 2273/4616/3851 2272/4619/3854 2275/4620/3855 2276/4621/3856
f 2280/4622/3857 2277/4623/3858 2278/4624/3859 2279/4625/3860
f 2139/4626/3805 2281/4627/3861 2142/4549/3806 1986/4548/3705
f 2283/4628/3862 2284/4629/3863 2949/1701/1535 2282/1700/1534
f 2287/4630/3864 2288/1162/1053 2285/1161/1052 2286/4631/3865
f 2295/4632/3866 2296/4633/3867 2293/4634/3868 2294/4635/3869
f 2289/1163/1054 2288/1162/1053 2290/1156/1047
f 2402/1904/1711 2297/4636/3870 2298/1584/1432 2842/1583/1431
f 2930/4637/1712 2299/4638/1715 2300/1709/1543 2856/1588/1436
f 2299/4638/1715 2301/4639/1050 2321/4640/1049 2300/1709/1543
f 2348/4641/3871 2352/1672/1509 2350/1671/1508 2302/4642/3872
f 2298/1584/1432 2297/4636/3870 2305/4643/1713 2306/4644/3873
f 2303/1178/1069 2304/4645/3874 2269/1152/1043
f 2309/4646/3875 2310/4647/3876 2307/4648/3877 2308/1181/1071
f 2313/4649/3878 2314/4650/3879 2311/4651/3880 2312/4652/3881
f 2317/4653/3882 2291/1155/1046 2315/4654/3883 2316/4655/3884
f 2316/4655/3884 2318/4656/3885 2319/4657/3886 2317/4653/3882
f 2276/4621/3856 2275/4620/3855 2277/4623/3858 2280/4622/3857
f 2318/4656/3885 2322/4658/3887 2323/4659/3888 2319/4657/3886
f 2322/4658/3887 2324/1208/1097 2325/4660/3889 2323/4659/3888
f 2326/4661/3890 2932/1901/1710 2943/1900/1709 2944/4662/3891
f 2327/4663/3892 2328/4664/3893 2296/4633/3867 2295/4632/3866
f 2330/4665/3894 2270/1153/1044 2269/1152/1043 2329/4666/3895
f 2320/1160/1051 2331/1670/1507 2332/1669/1506 2321/1158/1049
f 2025/4451/3728 2334/4667/3896 2333/4668/3897 2026/4448/3725
f 2026/4448/3725 2333/4668/3897 2343/4669/3898 1871/4343/3622
f 2335/1198/1087 2336/1725/1551 2337/1167/1058
f 2347/4670/3899 2346/1705/1539 1884/1034/934 1883/1033/933
f 2283/4628/3862 2282/1700/1534 2349/4671/3900 2279/4625/3860
f 2286/4631/3865 2325/4660/3889 2348/4641/3871
f 2302/4642/3872 2284/4672/3863 2278/4673/3859 2287/4630/3864
f 2350/1671/1508 1901/1673/1510 2328/4664/3893 2327/4663/3892
f 2282/1700/1534 2351/1699/1533 2330/4665/3894 2329/4666/3895
f 2325/4660/3889 2324/1208/1097 2353/4674/3901 2352/1672/1509
f 2355/4675/3902 2356/4676/3903 1900/1702/1536 2354/1704/1538
f 2359/4677/3904 2360/4678/3905 2357/4679/3906 2358/4680/3907
f 2363/4681/3908 2364/4682/3909 2361/4683/3910 2362/4684/3911
f 2365/4685/3912 2366/1180/1070 2364/4682/3909 2363/4681/3908
f 1880/4346/3625 1879/1209/1098 2322/4658/3887 2318/4656/3885
f 2324/1208/1097 2322/4658/3887 1879/1209/1098
f 2316/4655/3884 1875/1205/1094 1880/4346/3625 2318/4656/3885
f 2315/4654/3883 2367/1206/1095 1875/1205/1094 2316/4655/3884
f 2371/1655/1492 2372/4686/3913 2370/1666/1503 2374/1665/1502
f 2375/1706/1540 2304/4645/3874 2373/1177/1068 2374/1665/1502
f 2377/4687/3914 2372/4686/3913 2371/1655/1492 2376/1657/1494
f 2381/4688/3915 2382/4689/3916 2377/4687/3914 2376/1657/1494
f 2383/1182/1072 2384/1184/1074 2382/4689/3916 2381/4688/3915
f 2386/1199/1088 2314/4650/3879 2313/4649/3878 2379/4690/3917
f 2379/4690/3917 2385/1175/1066 2386/1199/1088
f 2384/1184/1074 2273/4616/3851 2276/4621/3856 2382/4689/3916
f 2382/4689/3916 2276/4621/3856 2280/4622/3857 2377/4687/3914
f 2313/4649/3878 2274/4617/3852 2378/1183/1073 2379/4690/3917
f 2280/4622/3857 2279/4625/3860 2372/4686/3913 2377/4687/3914
f 2329/4666/3895 2269/1152/1043 2304/4645/3874 2375/1706/1540
f 2372/4686/3913 2279/4625/3860 2349/4671/3900 2370/1666/1503
f 2336/1725/1551 2335/1198/1087 2385/1175/1066 2369/1174/1065
f 2330/4691/3894 2351/4692/1533 2350/1671/1508 2327/4663/3892
f 2303/1178/1069 2373/1177/1068 2304/4645/3874
f 2278/4624/3859 2284/4629/3863 2283/4628/3862 2279/4625/3860
f 2327/4663/3892 2295/4632/3866 2270/4693/1044 2330/4691/3894
f 2341/1179/1060 2342/4694/1059 2339/1165/1056
f 2311/4695/3880 2310/4647/3876 2309/4646/3875 2312/4696/3881
f 2288/1162/1053 2277/4697/3858 2275/4698/3855
f 2302/4642/3872 2350/1671/1508 2949/4699/1535 2284/4672/3863
f 2277/4697/3858 2288/1162/1053 2287/4630/3864 2278/4673/3859
f 2272/4700/3854 2290/1156/1047 2288/1162/1053 2275/4698/3855
f 2272/4700/3854 2271/4701/3853 2292/1157/1048 2290/1156/1047
f 2295/4632/3866 2294/4635/3869 2268/4702/1045 2270/4693/1044
f 2286/4631/3865 2348/4641/3871 2302/4642/3872 2287/4630/3864
f 1901/1673/1510 1900/1702/1536 2328/4664/3893
f 2340/1166/1057 2360/4678/3905 2361/4683/3910 2338/1164/1055
f 2328/4664/3893 1900/1702/1536 2356/4676/3903 2296/4633/3867
f 2289/1163/1054 2319/4657/3886 2323/4659/3888 2285/1161/1052
f 2307/4648/3877 2364/4682/3909 2366/1180/1070 2308/1181/1071
f 2296/4633/3867 2356/4676/3903 2357/4703/3906 2293/4634/3868
f 2290/1156/1047 2317/4653/3882 2319/4657/3886 2289/1163/1054
f 2317/4653/3882 2290/1156/1047 2291/1155/1046
f 2286/4631/3865 2285/1161/1052 2323/4659/3888 2325/4660/3889
f 2271/4701/3853 2312/4696/3881 2309/4646/3875 2292/1157/1048
f 2274/4617/3852 2273/4616/3851 2384/1184/1074 2378/1183/1073
f 2365/4685/3912 2334/4667/3896 2367/1206/1095 2315/4654/3883
f 2366/1180/1070 2365/4685/3912 2315/4654/3883 2291/1155/1046
f 2306/4644/3873 2305/4643/1713 2930/4637/1712 2856/1588/1436
f 2292/1157/1048 2309/4646/3875 2308/1181/1071 2291/1155/1046
f 2313/4649/3878 2312/4652/3881 2271/4618/3853 2274/4617/3852
f 1761/4230/3531 1760/4228/3529 2192/4409/3686 1977/4704/3696
f 2041/4705/3741 2039/4462/3737 2057/4479/3754 2058/4706/3755
f 2037/4463/3738 2040/4707/3740 2066/4489/3761
f 2040/4707/3740 2037/4463/3738 2039/4462/3737 2041/4705/3741
f 2033/4708/3733 2035/4459/3734 2000/4439/3716 2002/4441/3718
f 2020/4709/951 2134/4542/3801 2135/4541/3800 2021/4710/949
f 2002/4458/3718 1973/4711/3695 2004/1082/982 2003/1076/976
f 1976/1040/940 1975/1042/942 1841/4305/3593 1840/4304/1707
f 2192/4409/3686 1978/4712/3697 1977/4704/3696
f 1974/1676/1513 1865/4336/3615 1841/4305/3593 1975/1042/942
f 1973/4711/3695 1972/4713/3694 1962/1726/1552 2004/1082/982
f 2025/4451/3728 2024/4450/3727 1873/4344/3623 1876/1207/1096
f 1980/4421/3698 1979/4422/3699 1759/4714/1708 1761/4580/3531
f 2387/1192/1082 2388/4715/3918 1891/4355/3633 1895/1186/1076
f 2389/4716/3919 1892/4352/3631 1891/4355/3633 2388/4715/3918
f 2391/1191/1081 1895/1186/1076 1894/1190/1080 2390/1189/1079
f 2393/1195/1084 2394/4717/3920 2392/4718/3921 1921/4375/3653
f 1920/4374/3652 1905/4719/3638 2395/1194/1083 1883/1033/933
f 2393/1195/1084 1921/4375/3653 1920/4374/3652 1883/1033/933
f 2400/1723/1550 1904/4363/3641 2398/4720/3922 2399/4721/3923
f 1898/4359/3637 2396/1196/1085 2397/1188/1078
f 2024/4450/3727 2388/4715/3918 2387/1192/1082 1873/4344/3623
f 2023/4449/3726 2389/4716/3919 2388/4715/3918 2024/4450/3727
f 1874/4345/3624 2391/1191/1081 2390/1189/1079 1877/4347/3626
f 1882/1032/932 1981/4424/3701 2394/4717/3920 2393/1195/1084
f 1877/4347/3626 2390/1189/1079 2397/1188/1078 1878/1197/1086
f 1873/4344/3623 2387/1192/1082 2391/1191/1081 1874/4345/3624
f 2400/1723/1550 2399/4721/3923 1870/4342/3621 1872/1721/1549
f 2022/4722/1077 2021/4710/949 2135/4541/3800 1896/4723/1075
f 1890/4724/3632 2011/4444/3721 2021/1049/949 2022/4725/1077
f 1893/4726/3634 2136/1079/979 1983/1047/947 1899/4727/3635
f 1922/4728/3650 2139/4546/3805 2140/4545/3804 1919/4729/3651
f 2141/4550/3807 2401/4730/3924 1917/4731/3647 1897/4732/3636
f 1903/4733/3640 1902/4734/3639 2137/4544/3803 2138/4543/3802
f 1899/4727/3635 1983/1047/947 2141/4550/3807 1897/4732/3636
f 1896/4723/1075 2135/4541/3800 2136/1079/979 1893/4726/3634
f 1889/4349/3628 1888/4348/3627 2011/4444/3721 1890/4724/3632
f 1889/4353/3628 1892/4352/3631 2398/4720/3922 1886/4735/3629
f 1886/4735/3629 2398/4720/3922 1904/4363/3641 1903/4362/3640
f 2399/4721/3923 2389/4716/3919 2023/4449/3726 1870/4342/3621
f 2399/4721/3923 2398/4720/3922 1892/4352/3631 2389/4716/3919
f 2338/1164/1055 2361/4683/3910 2364/4682/3909 2307/4648/3877
f 2341/1179/1060 2338/1164/1055 2310/4647/3876 2311/4695/3880
f 2362/4684/3911 2361/4683/3910 2360/4678/3905 2359/4677/3904
f 2402/4736/1711 2368/1173/1064 2385/1175/1066
f 1871/4343/3622 2343/4669/3898 2345/1171/1062 1885/1170/1061
f 2341/1169/1060 2311/4651/3880 2314/4650/3879 2337/1167/1058
f 2314/4650/3879 2386/1199/1088 2335/1198/1087 2337/1167/1058
f 2307/4648/3877 2310/4647/3876 2338/1164/1055
f 1887/4351/3630 1886/4350/3629 1903/4733/3640 2138/4543/3802
f 2405/4737/3925 2403/1200/1089 2404/1202/1091
f 1871/4343/3622 1870/4342/3621 2023/4449/3726 2026/4448/3725
f 2343/4669/3898 2362/4684/3911 2359/4677/3904 2345/1171/1062
f 2334/4667/3896 2025/4451/3728 1876/1207/1096 2367/1206/1095
f 1881/1210/1099 2948/1674/1511 2353/4674/3901 2324/1208/1097
f 2355/4675/3902 2354/1704/1538 2346/1705/1539 2347/4670/3899
f 2345/1171/1062 2359/4677/3904 2358/4680/3907 2344/1172/1063
f 2333/4668/3897 2363/4681/3908 2362/4684/3911 2343/4669/3898
f 2334/4667/3896 2365/4685/3912 2363/4681/3908 2333/4668/3897
f 2411/4738/3926 2412/4739/3927 2409/4740/3928 2410/4741/3929
f 2411/4738/3926 2410/4741/3929 2413/4742/3930 2414/4743/3931
f 2417/4744/3932 2418/4745/3933 2415/1600/1448 2416/1599/1447
f 2420/4746/3934 2417/4747/3932 2416/4748/1447 2419/4749/3935
f 2422/4750/3936 2423/4751/3937 2837/1582/1430 2421/1602/1449
f 2427/4752/3938 2425/4753/3939 2904/4754/1465 2426/4755/3940
f 2426/4756/3940 2904/1624/1465 2428/1605/1452 2429/4757/3941
f 2465/1246/1130 2466/4758/1128 2432/1239/1101 2452/1224/1113
f 2464/1247/1131 2433/4759/3942 2434/1235/1121 2474/1251/1135
f 2438/1619/1461 2441/1226/1115 2440/1221/1110 2437/1223/1112
f 2432/1239/1101 2435/1225/1114 2452/1224/1113
f 2450/1219/1108 2444/1214/1103 2442/4760/3943 2443/1220/1109
f 2439/1236/1122 2438/1619/1461 2437/1223/1112
f 2431/1242/1126 2430/1213/1102 2432/1212/1101 2466/1244/1128
f 2445/1216/1105 2442/4760/3943 2444/1214/1103
f 2437/1618/1112 2443/1220/1109 2442/4760/3943 2439/4761/1122
f 2464/1247/1131 2465/1246/1130 2452/1224/1113 2433/4759/3942
f 2453/4762/3944 2435/1225/1114 2436/1238/1106
f 2437/1223/1112 2451/1222/1111 2449/4763/1107
f 2441/1226/1115 2438/1619/1461 2434/1235/1121 2433/4759/3942
f 2469/1245/1129 2467/4764/1400 2818/4765/1402 2468/1243/1127
f 2436/1217/1106 2458/1211/1100 2453/4766/3944
f 2451/1222/1111 2456/1234/1119 2449/4763/1107
f 2458/1211/1100 2459/1229/1118 2453/4766/3944
f 2457/1231/1120 2459/1229/1118 2458/1211/1100
f 2449/1218/1107 2456/1230/1119 2457/1231/1120
f 2448/4767/1123 2442/4760/3943 2445/1216/1105
f 2462/1240/1124 2447/4768/1133 2446/1215/1104
f 2466/1244/1128 2468/1243/1127 2431/1242/1126
f 2471/1248/1132 2470/4769/1403 2467/4770/1400 2469/4771/1129
f 2464/1247/1131 2472/4772/1458 2470/4769/1403 2471/1248/1132
f 2474/1251/1135 2473/1616/1460 2472/4772/1458 2464/1247/1131
f 2824/4773/1456 2476/1613/1457 2477/1612/1134 2462/1240/1124
f 2475/1615/1459 2474/1251/1135 2477/1250/1134
f 2460/4774/3945 2824/4773/1456 2462/1240/1124 2461/4775/3946
f 2465/1246/1130 2471/1248/1132 2469/4771/1129 2466/4758/1128
f 2480/4776/3947 2481/1257/1141 2478/1260/1144 2479/4777/3948
f 2462/1240/1124 2463/1241/1125 2461/4775/3946
f 2478/1260/1144 2481/1257/1141 2482/1256/1140 2483/1258/1142
f 2510/4778/1159 2511/1275/1157 2484/4779/3949 2487/4780/1149
f 2509/1278/1160 2485/1265/1148 2486/4781/3950 2508/1280/1162
f 2508/1280/1162 2486/4781/3950 2494/1262/1146 2507/1281/1163
f 2506/4782/3951 2493/4783/3952 2481/1257/1141 2480/4776/3947
f 2491/1261/1145 2495/1253/1137 2490/1252/1136
f 2488/4784/3953 2490/1252/1136 2497/1254/1138
f 2493/4783/3952 2492/1255/1139 2481/1257/1141
f 2479/4777/3948 2478/1260/1144 2484/4779/3949 2511/1275/1157
f 2507/4785/1163 2494/4786/1146 2493/4783/3952 2506/4782/3951
f 2492/1255/1139 2493/4783/3952 2494/4786/1146 2491/1264/1145
f 2491/1261/1145 2490/1252/1136 2496/1272/1154 2502/1271/1147
f 2496/4787/1154 2488/4788/3953 2489/1259/1143
f 2509/1278/1160 2510/1277/1159 2487/1266/1149 2485/1265/1148
f 2496/1272/1154 2490/1252/1136 2488/4784/3953
f 2497/1254/1138 2495/1253/1137 2486/4781/3950 2485/1265/1148
f 2498/4789/1153 2496/4787/1154 2489/1259/1143 2483/1258/1142
f 2499/1269/1152 2483/1258/1142 2482/1256/1140 2503/1273/1155
f 2498/1270/1153 2501/4790/1151 2502/1271/1147
f 2501/1268/1151 2498/4789/1153 2483/1258/1142 2499/1269/1152
f 2487/4780/1149 2484/4779/3949 2489/1259/1143 2488/4788/3953
f 2501/4790/1151 2500/4791/1150 2502/1271/1147
f 2502/1263/1147 2500/1267/1150 2503/1273/1155
f 2497/1254/1138 2487/1266/1149 2488/4784/3953
f 2486/4781/3950 2495/1253/1137 2494/1262/1146
f 2478/1260/1144 2489/1259/1143 2484/4779/3949
f 2505/4792/3954 2512/1274/1156 2504/4793/1411 2819/4794/1410
f 2513/1276/1158 2515/4795/1398 2504/4793/1411 2512/1274/1156
f 2511/1275/1157 2512/1274/1156 2479/4777/3948
f 2516/4796/3955 2515/4797/1398 2514/1279/1161 2509/1278/1160
f 2515/4795/1398 2513/1276/1158 2514/4798/1161
f 2517/4799/1405 2516/4796/3955 2509/1278/1160 2508/1280/1162
f 2518/1282/1164 2520/4800/1401 2517/4799/1405 2508/1280/1162
f 2819/4794/1410 2520/4801/1401 2519/4802/3956 2505/4792/3954
f 2520/4801/1401 2518/4803/1164 2519/4802/3956
f 2510/4778/1159 2514/4798/1161 2513/1276/1158 2511/1275/1157
f 2512/1274/1156 2505/4792/3954 2480/4776/3947
f 2479/4777/3948 2512/1274/1156 2480/4776/3947
f 2519/4802/3956 2518/4803/1164 2507/4785/1163 2506/4782/3951
f 2505/4792/3954 2519/4802/3956 2506/4782/3951 2480/4776/3947
f 2522/1319/1197 2523/1288/1170 2521/1291/1173 2553/1305/1185
f 2521/1291/1173 2523/1288/1170 2524/1287/1169 2525/1289/1171
f 2551/1309/1189 2552/1308/1188 2526/4804/3957 2529/1297/1178
f 2550/1312/1192 2527/1296/1177 2528/4805/3958 2549/1313/1193
f 2549/1313/1193 2528/4805/3958 2536/1293/1175 2548/1314/1194
f 2547/1317/1196 2535/4806/3959 2523/1288/1170 2522/1319/1197
f 2533/1292/1174 2537/1284/1166 2532/1283/1165
f 2530/4807/3960 2532/1283/1165 2539/1285/1167
f 2535/4806/3959 2534/1286/1168 2523/1288/1170
f 2552/4808/1188 2553/1305/1185 2521/1291/1173 2526/4809/3957
f 2548/1316/1194 2536/4810/1175 2535/4806/3959 2547/1317/1196
f 2534/1286/1168 2535/4806/3959 2536/4810/1175 2533/1295/1174
f 2533/1292/1174 2532/1283/1165 2538/1303/1183 2544/1302/1176
f 2538/1303/1183 2530/4807/3960 2531/4811/1172
f 2550/1312/1192 2551/1309/1189 2529/1297/1178 2527/1296/1177
f 2538/1303/1183 2532/1283/1165 2530/4807/3960
f 2539/1285/1167 2537/1284/1166 2528/4805/3958 2527/1296/1177
f 2540/4812/1182 2538/4813/1183 2531/1290/1172 2525/1289/1171
f 2529/1297/1178 2526/4804/3957 2531/4811/1172 2530/4807/3960
f 2540/1301/1182 2543/4814/1180 2544/1302/1176
f 2524/1287/1169 2545/1304/1184 2525/1289/1171
f 2525/1289/1171 2543/1299/1180 2540/4812/1182
f 2543/4814/1180 2542/4815/1179 2544/1302/1176
f 2544/1294/1176 2542/1298/1179 2545/1304/1184
f 2539/1285/1167 2529/1297/1178 2530/4807/3960
f 2528/4805/3958 2537/1284/1166 2536/1293/1175
f 2521/1291/1173 2531/1290/1172 2526/4809/3957
f 2555/1354/1226 2556/1322/1200 2557/1325/1203 2590/1352/1224
f 2809/1318/1195 2547/1317/1196 2810/4816/1399
f 2810/4816/1399 2547/1317/1196 2554/1307/1187
f 2553/1305/1185 2554/1307/1187 2522/1319/1197
f 2557/1325/1203 2556/1322/1200 2558/1321/1199 2559/1323/1201
f 2588/4817/3961 2589/4818/3962 2560/1348/1220 2561/4819/3963
f 2562/4820/3964 2587/4821/3965 2575/1342/1215 2573/1345/1218
f 2562/4820/3964 2573/1345/1218 2563/1346/1219 2585/4822/3966
f 2567/4823/3967 2566/1336/1212 2569/1330/1207 2572/1326/1204
f 2560/1348/1220 2564/1347/1216 2561/4819/3963
f 2568/1344/1217 2566/1336/1212 2567/4823/3967
f 2584/4824/3968 2571/4825/1205 2556/1322/1200 2555/1354/1226
f 2571/4825/1205 2570/1320/1198 2556/1322/1200
f 2590/1352/1224 2557/1325/1203 2560/1348/1220 2589/4818/3962
f 2585/4822/3966 2563/1346/1219 2571/1328/1205 2584/4826/3968
f 2587/4821/3965 2588/4827/3961 2561/4828/3963 2575/1342/1215
f 2570/1327/1198 2572/1326/1204 2569/1330/1207
f 2573/1345/1218 2567/4823/3967 2572/1326/1204
f 2576/4829/1211 2564/1347/1216 2565/1324/1202
f 2566/1336/1212 2574/1329/1206 2569/1330/1207
f 2568/1344/1217 2576/1335/1211 2566/1336/1212
f 2576/1335/1211 2568/1344/1217 2564/1343/1216
f 2579/1341/1213 2574/1329/1206 2576/1335/1211 2580/1339/1209
f 2575/1342/1215 2561/4828/3963 2564/1343/1216
f 2565/1324/1202 2559/1323/1201 2576/4829/1211
f 2577/1334/1210 2559/1323/1201 2558/1321/1199 2581/1338/1214
f 2581/1338/1214 2558/1321/1199 2574/1331/1206 2579/1337/1213
f 2576/4829/1211 2559/1323/1201 2577/1334/1210 2580/1333/1209
f 2568/1344/1217 2567/4823/3967 2573/1345/1218 2575/1342/1215
f 2588/4817/3961 2592/4830/3969 2591/4831/3970 2583/1353/1225
f 2563/1346/1219 2572/1326/1204 2571/1328/1205
f 2557/1325/1203 2565/1324/1202 2560/1348/1220
f 2583/1353/1225 2591/4831/3970 2582/4832/1408
f 2586/4833/3971 2562/4820/3964 2585/4822/3966
f 2587/4821/3965 2562/4820/3964 2586/4833/3971
f 2587/4821/3965 2593/4834/3972 2592/4835/3969 2588/4827/3961
f 2586/4833/3971 2594/4836/3973 2593/4834/3972 2587/4821/3965
f 2596/1349/1221 2594/4836/3973 2586/4833/3971 2595/1350/1222
f 2583/1353/1225 2582/4832/1408 2597/4837/1223 2595/4838/1222
f 2583/1353/1225 2595/4838/1222 2584/4824/3968 2555/1354/1226
f 2583/1353/1225 2590/1352/1224 2589/4818/3962
f 2583/1353/1225 2589/4818/3962 2588/4817/3961
f 2586/4833/3971 2585/4822/3966 2595/1350/1222
f 2585/4822/3966 2584/4826/3968 2595/1350/1222
f 2610/4839/3974 2609/1364/1236 2598/1367/1239 2636/1388/1258
f 2634/4840/1244 2611/1389/1259 2601/4841/3975 2602/4842/1242
f 2599/1382/1252 2600/1365/1237 2598/1367/1239
f 2632/1371/1243 2602/1370/1242 2603/1357/1229 2604/1356/1228
f 2611/1389/1259 2636/1388/1258 2598/1367/1239 2601/4841/3975
f 2601/4841/3975 2605/1719/1245 2602/4842/1242
f 2605/1373/1245 2606/1358/1230 2619/1360/1232
f 2608/1363/1235 2607/1717/1241 2599/1382/1252
f 2609/1364/1236 2610/4839/3974 2643/1720/1548
f 2631/4843/3976 2612/1355/1227 2613/4844/1234 2643/4845/1548
f 2614/1361/1233 2607/1369/1241 2613/4844/1234 2615/4846/3977
f 2619/1360/1232 2616/1359/1231 2603/1357/1229 2602/1370/1242
f 2621/4847/1254 2606/1358/1230 2605/1373/1245
f 2628/1376/1248 2620/1383/1253 2599/1382/1252 2624/1378/1250
f 2617/1366/1238 2620/1383/1253 2621/1384/1254
f 2607/1717/1241 2627/1377/1249 2599/1382/1252
f 2626/1385/1255 2622/1381/1247 2625/1380/1251
f 2643/1720/1548 2636/1388/1258 2629/4848/3978 2630/1713/1546
f 2612/1355/1227 2616/1359/1231 2615/4846/3977
f 2612/1355/1227 2615/4846/3977 2613/4844/1234
f 2598/1367/1239 2617/1366/1238 2601/4841/3975
f 2635/1387/1257 2954/1390/1260 2629/4848/3978 2636/1388/1258
f 2633/1386/1256 2604/1356/1228 2631/4843/3976
f 2635/1387/1257 2611/1389/1259 2634/4840/1244
f 2632/1371/1243 2639/4849/3979 2638/4850/1262 2637/4851/1261
f 2640/4852/3980 2639/4849/3979 2632/1371/1243 2633/1386/1256
f 2631/4843/3976 2642/4853/1547 2640/4852/3980 2633/1386/1256
f 2645/1432/1296 2646/4854/3981 2644/1421/1285 2679/1430/1294
f 2642/4853/1547 2631/4843/3976 2641/4855/1545
f 2610/4839/3974 2636/1388/1258 2643/1720/1548
f 2637/1391/1261 2635/1387/1257 2634/4840/1244
f 2637/4851/1261 2634/1372/1244 2632/1371/1243
f 2631/4843/3976 2643/4845/1548 2641/4855/1545
f 2644/1421/1285 2646/4854/3981 2647/1395/1265 2649/1394/1264
f 2677/1435/1298 2678/4856/1297 2650/1398/1268 2651/4857/3982
f 2653/1422/1286 2652/1408/1277 2654/4858/3983 2674/1423/1287
f 2662/1400/1270 2665/1409/1278 2657/1406/1275 2658/1401/1271
f 2650/1398/1268 2655/1397/1267 2651/4857/3982
f 2665/1409/1278 2655/1397/1267 2656/1396/1266 2657/1406/1275
f 2647/1395/1265 2646/4854/3981 2661/1404/1273 2660/1403/1272
f 2660/1403/1272 2648/1393/1263 2647/1395/1265
f 2645/1432/1296 2673/4859/3984 2661/1404/1273 2646/4854/3981
f 2678/1433/1297 2679/1430/1294 2644/1421/1285 2650/1420/1268
f 2649/1394/1264 2656/4860/1266 2650/1420/1268
f 2674/4861/1287 2654/4862/3983 2661/1404/1273 2673/4859/3984
f 2649/1394/1264 2671/1416/1283 2663/4863/1276 2656/4860/1266
f 2659/1402/1269 2664/4864/1274 2669/1417/1284 2660/1403/1272
f 2653/1422/1286 2677/1435/1298 2651/4857/3982 2652/1408/1277
f 2648/1393/1263 2671/1416/1283 2649/1394/1264
f 2660/1403/1272 2669/1417/1284 2648/1393/1263
f 2657/1406/1275 2664/1405/1274 2658/1401/1271
f 2655/1397/1267 2665/1409/1278 2652/1408/1277 2651/4857/3982
f 2657/1406/1275 2663/1407/1276 2666/1411/1280 2664/1405/1274
f 2663/1407/1276 2671/1419/1283 2666/1411/1280
f 2659/1399/1269 2654/4858/3983 2652/1408/1277 2662/1400/1270
f 2666/1411/1280 2669/1418/1284 2664/1405/1274
f 2670/1415/1282 2667/1414/1281 2671/1416/1283
f 2669/1417/1284 2668/1413/1279 2670/1415/1282
f 3051/1429/1293 3059/1428/1292 2676/1425/1289 2675/1424/1288
f 2654/4862/3983 2659/1402/1269 2661/1404/1273
f 2672/2041/1807 3076/1841/1659 2683/4865/1295
f 2677/1435/1298 2653/1422/1286 2676/1425/1289
f 2672/2043/1807 2679/1430/1294 2680/1434/1290
f 2681/1427/1291 2676/1425/1289 3059/1428/1292
f 2677/1435/1298 2681/1427/1291 2680/1426/1290 2678/4856/1297
f 2683/1431/1295 2682/4866/3985 2673/4859/3984 2645/1432/1296
f 2674/4861/1287 2673/4859/3984 2682/4866/3985
f 2686/1469/1329 2684/1462/1322 2685/1460/1320 2719/1467/1327
f 2718/4867/1330 2690/4868/3986 2691/4869/3987 2717/1472/1331
f 2687/1438/1301 2689/1437/1300 2685/1460/1320
f 2715/1440/1303 2692/1439/1302 2701/1445/1308 2714/4870/3988
f 2691/4869/3987 2690/4868/3986 2695/4871/1319 2693/4872/3989
f 2702/1443/1306 2704/1451/1314 2696/1448/1311 2697/1444/1307
f 2695/4871/1319 2694/1449/1312 2693/4872/3989
f 2704/1451/1314 2693/4872/3989 2694/1449/1312 2696/1448/1311
f 2686/1469/1329 2713/4873/3990 2700/1461/1321 2684/1462/1322
f 2699/1447/1310 2688/1436/1299 2687/1438/1301
f 2700/1461/1321 2699/1447/1310 2687/1438/1301
f 2718/1470/1330 2719/1467/1327 2685/1460/1320 2690/4874/3986
f 2685/1460/1320 2695/1459/1319 2690/4874/3986
f 2714/4875/3988 2701/4876/1308 2700/1461/1321 2713/4873/3990
f 2699/1447/1310 2700/1461/1321 2701/4876/1308 2698/4877/1305
f 2695/4871/1319 2703/4878/3991 2705/1450/1313 2694/1449/1312
f 2703/4879/3991 2695/1459/1319 2689/1437/1300
f 2698/4877/1305 2709/1446/1309 2699/1447/1310
f 2688/1436/1299 2703/4879/3991 2689/1437/1300
f 2717/1472/1331 2691/4869/3987 2692/1439/1302 2716/1441/1304
f 2693/4872/3989 2704/1451/1314 2692/1439/1302 2691/4869/3987
f 2697/1444/1307 2705/1450/1313 2709/1458/1309 2698/1442/1305
f 2703/4879/3991 2688/1436/1299 2710/1455/1318 2706/1454/1317
f 2705/1450/1313 2708/1456/1316 2709/1458/1309
f 2705/4880/1313 2703/4879/3991 2706/1454/1317 2708/1453/1316
f 2720/1471/1324 3050/4881/1323 2711/2039/1806 2719/1467/1327
f 2709/1446/1309 2707/1452/1315 2710/1455/1318
f 2692/1439/1302 2702/1443/1306 2701/1445/1308
f 2711/4882/1806 2712/2038/1805 2721/2037/1328
f 2713/4873/3990 2686/1469/1329 2721/1468/1328
f 2716/1441/1304 3062/1466/1326 3169/1465/1325 2720/1464/1324
f 3053/4883/1804 3055/4884/3992 2714/4875/3988 2713/4873/3990
f 2715/1440/1303 2714/4870/3988 3055/4885/3992
f 2723/1511/1365 2724/1475/1334 2722/1480/1339 2758/1509/1363
f 3053/4883/1804 2713/4873/3990 2721/1468/1328
f 2720/1464/1324 2718/4867/1330 2717/1472/1331
f 2726/1474/1333 2725/1473/1332 2727/1486/1345 2728/1499/1355
f 2756/1503/1357 2757/4886/3993 2729/4887/1338 2730/4888/3994
f 2754/1477/1336 2731/1476/1335 2739/1482/1341 2753/1505/1359
f 2732/4889/3995 2729/4887/1338 2741/4890/3996 2733/1489/1347
f 2729/4887/1338 2732/4889/3995 2730/4888/3994
f 2740/1492/1350 2742/1491/1349 2734/1488/1346 2735/4891/3997
f 2740/1492/1350 2735/4891/3997 2736/1483/1342 2739/1482/1341
f 2742/1491/1349 2732/4889/3995 2733/1489/1347 2734/1488/1346
f 2725/1473/1332 2724/1475/1334 2738/4892/1343 2737/1487/1340
f 2737/1487/1340 2727/1486/1345 2725/1473/1332
f 2723/1511/1365 2751/4893/1361 2738/4892/1343 2724/1475/1334
f 2729/1479/1338 2726/1474/1333 2728/1499/1355 2741/4894/3996
f 2757/4895/3993 2758/1509/1363 2722/1480/1339 2729/1479/1338
f 2753/1505/1359 2739/1482/1341 2738/1484/1343 2751/1507/1361
f 2755/1478/1337 2756/1503/1357 2730/4888/3994 2731/1476/1335
f 2747/1500/1344 2737/1481/1340 2736/1483/1342
f 2743/1490/1348 2733/1489/1347 2741/4890/3996
f 2734/1488/1346 2736/1483/1342 2735/4891/3997
f 2732/4889/3995 2742/1491/1349 2731/1476/1335 2730/4888/3994
f 2755/1478/1337 3061/4896/3998 3056/1504/1358 2756/1503/1357
f 2741/4890/3996 2728/1501/1355 2743/1490/1348
f 2743/1490/1348 2736/1483/1342 2734/1488/1346
f 2743/1490/1348 2747/1500/1344 2736/1483/1342
f 2743/1490/1348 2746/1494/1352 2747/1500/1344
f 2728/1501/1355 2746/1494/1352 2743/1490/1348
f 2748/1498/1354 2744/1497/1353 2728/1499/1355
f 2747/1485/1344 2745/1496/1351 2748/1498/1354
f 2731/1476/1335 2740/1492/1350 2739/1482/1341
f 2724/1475/1334 2726/1474/1333 2722/1480/1339
f 2751/4893/1361 2723/1511/1365 2752/1510/1364
f 2749/4897/1802 2759/4898/3999 2760/4899/1356
f 2754/1477/1336 3071/1506/1360 3061/4896/3998 2755/1478/1337
f 2761/4900/4000 2750/4901/4001 3065/4902/1362 2751/4893/1361
f 2761/4900/4000 2752/1510/1364 2758/1509/1363 2759/4898/3999
f 2757/4895/3993 2760/4899/1356 2759/4898/3999 2758/1509/1363
f 2762/4903/4002 2763/1517/1371 2764/1520/1374 2796/1538/1390
f 2760/1502/1356 2757/4886/3993 2756/1503/1357
f 2751/4893/1361 2752/1510/1364 2761/4900/4000
f 2764/1520/1374 2763/1517/1371 2765/1516/1370 2766/1518/1372
f 2794/1543/1395 2795/1542/1394 2767/1535/1387 2768/4904/4003
f 2774/1526/1379 2775/4905/1376 2778/4906/1375 2779/4907/4004
f 2771/4908/4005 2791/4909/4006 2770/1513/1367
f 2767/1535/1387 2772/1534/1386 2768/4904/4003
f 2780/4910/4007 2774/1526/1379 2779/4907/4004
f 2790/4911/4008 2777/1523/1377 2763/1517/1371 2762/4903/4002
f 2777/1523/1377 2776/1515/1369 2763/1517/1371
f 2795/4912/1394 2796/1538/1390 2764/1520/1374 2767/4913/1387
f 2791/4914/4006 2771/4915/4005 2777/1523/1377 2790/4911/4008
f 2793/1514/1368 2794/1543/1395 2768/4904/4003 2769/1512/1366
f 2776/1515/1369 2786/1524/1378 2765/1516/1370
f 2781/1527/1380 2772/1534/1386 2773/1533/1373
f 2774/1526/1379 2786/1525/1378 2775/4905/1376
f 2780/4910/4007 2781/1527/1380 2774/1526/1379
f 2781/1527/1380 2780/4910/4007 2772/1534/1386
f 2772/1534/1386 2780/4910/4007 2769/1512/1366 2768/4904/4003
f 2780/4910/4007 2779/4907/4004 2770/1513/1367 2769/1512/1366
f 2785/1532/1385 2782/4916/1384 2783/4917/1382 2784/4918/1381
f 2773/1533/1373 2766/4919/1372 2781/1527/1380
f 2782/1531/1384 2766/1518/1372 2765/1516/1370 2787/1530/1383
f 2781/1527/1380 2766/4919/1372 2782/4916/1384 2785/1532/1385
f 2778/4906/1375 2771/4908/4005 2770/1513/1367 2779/4907/4004
f 2785/1532/1385 2784/4918/1381 2786/1525/1378
f 2786/1524/1378 2784/1528/1381 2787/1530/1383
f 2795/4912/1394 2797/4920/4009 2788/1536/1388 2796/1538/1390
f 2771/4915/4005 2778/1521/1375 2777/1523/1377
f 2764/1520/1374 2773/1519/1373 2767/4913/1387
f 2792/1545/1397 2770/1513/1367 2791/4909/4006
f 2793/1514/1368 2770/1513/1367 2792/1545/1397
f 2798/1544/1396 2799/4921/4010 2797/4922/4009 2795/1542/1394
f 2801/1541/1393 2799/4921/4010 2798/1544/1396 2800/1539/1391
f 2791/4909/4006 2803/4923/4011 2802/1540/1392 2792/1545/1397
f 2800/1539/1391 2792/1545/1397 2802/1540/1392
f 2804/4924/4012 2803/4925/4011 2791/4914/4006 2790/4911/4008
f 2800/1539/1391 2798/1544/1396 2794/1543/1395 2793/1514/1368
f 2804/4924/4012 2790/4911/4008 2789/1537/1389
f 2796/1538/1390 2789/1537/1389 2762/4903/4002
f 2806/4926/1407 2805/4927/1190 2596/4928/1221 2597/4929/1223
f 2790/4911/4008 2762/4903/4002 2789/1537/1389
f 2805/4927/1190 2807/1565/1191 2594/4930/3973 2596/4928/1221
f 2515/4931/1398 2516/4932/3955 2808/1566/1414 2809/4933/1195
f 2520/4934/1401 2467/4935/1400 2470/1552/1403 2517/1554/1405
f 2810/1548/1399 2546/1562/1186 2812/1575/1423 2813/1563/1412
f 2594/4930/3973 2807/1565/1191 2821/1564/1413 2815/1579/1427
f 2592/4936/3969 2593/4937/3972 2816/1576/1424 2817/4938/4013
f 2808/1566/1414 2516/4932/3955 2820/1580/1428 2821/1564/1413
f 2818/1551/1402 2831/1572/1420 2460/4939/3945
f 2504/1561/1411 2515/1546/1398 2813/1563/1412 2828/1559/1409
f 2473/4940/1460 2475/4941/1459 2822/4942/4014 2823/4943/4015
f 2591/4944/3970 2592/4945/3969 2817/4946/4013 2834/4947/4016
f 2546/1562/1186 2814/1556/1406 2812/1575/1423
f 2472/1611/1458 2473/4940/1460 2823/4943/4015 2826/1608/1455
f 2591/4944/3970 2834/4947/4016 2582/1558/1408
f 2820/1580/1428 2516/4932/3955 2517/1554/1405 2811/1553/1404
f 2593/4937/3972 2594/4930/3973 2815/1579/1427 2816/1576/1424
f 2460/4939/3945 2831/1572/1420 2824/1609/1456
f 2470/1552/1403 2826/1608/1455 2811/1553/1404
f 2833/1573/1421 2582/1558/1408 2834/4947/4016 2415/1600/1448
f 2827/1597/1445 2812/1575/1423 2875/1574/1422
f 2812/1575/1423 2827/1597/1445 2813/1563/1412
f 2813/1563/1412 2876/1568/1416 2828/1559/1409
f 2818/1551/1402 2830/1570/1418 2831/1572/1420
f 2825/1567/1415 2829/1569/1417 2830/1570/1418 2818/1551/1402
f 2827/1597/1445 2876/1568/1416 2813/1563/1412
f 2834/4947/4016 2817/4946/4013 2835/1601/1426 2415/1600/1448
f 2829/1569/1417 2819/1560/1410 2828/1559/1409
f 2832/1571/1419 2824/1609/1456 2831/1572/1420
f 2816/1576/1424 2835/1578/1426 2817/4938/4013
f 2839/1607/1454 2826/1608/1455 2823/4943/4015 2838/1606/1453
f 2820/1580/1428 2837/1582/1430 2821/1564/1413
f 2811/1553/1404 2840/1581/1429 2820/1580/1428
f 2822/4942/4014 2841/4948/4017 2838/1606/1453 2823/4943/4015
f 2840/1581/1429 2811/1553/1404 2826/1608/1455
f 2837/1582/1430 2836/1577/1425 2821/1564/1413
f 2842/1583/1431 2847/4949/4018 2846/4950/1479 2845/4951/1544
f 2843/1661/1498 2844/4952/4019 2929/1710/1491
f 2846/1640/1479 2843/1661/1498 2845/1711/1544
f 2848/1585/1433 2412/4739/3927 2847/4949/4018 2842/1583/1431
f 2851/1662/1499 2843/1661/1498 2846/1640/1479 2850/4953/4020
f 2939/1658/1495 2940/4954/4021 2852/4955/4022 2853/4956/4023
f 2939/1658/1495 2853/4956/4023 2854/4957/4024 2855/1659/1496
f 2856/1588/1436 2858/1708/1542 2859/1638/1477 2857/1586/1434
f 2857/1586/1434 2860/1590/1438 2863/1589/1437 2861/4958/4025
f 2857/1586/1434 2409/4740/3928 2849/1587/1435
f 2862/1636/1439 2864/1635/1475 2865/1623/1464 2863/1622/1437
f 2864/1635/1475 2866/4959/4026 2867/4960/4027 2865/1623/1464
f 2869/1593/1441 2411/4738/3926 2414/4743/3931 2868/4961/4028
f 2861/4958/4025 2871/4962/4029 2413/4742/3930 2410/4741/3929
f 2886/1592/1440 2411/4738/3926 2869/1593/1441
f 2878/4963/4030 2877/4964/4031 2424/4965/4032 2879/4966/4033
f 2873/1596/1444 2874/1598/1446 2875/1574/1422
f 2876/1568/1416 2877/4964/4031 2878/4963/4030
f 2829/1569/1417 2878/4963/4030 2879/4966/4033 2830/1570/1418
f 2879/4966/4033 2424/4965/4032 2427/4752/3938
f 2877/4964/4031 2874/1598/1446 2414/4743/3931 2413/4742/3930
f 2874/1598/1446 2873/1596/1444 2868/4961/4028 2414/4743/3931
f 2424/4965/4032 2877/4964/4031 2413/4742/3930
f 2418/4745/3933 2880/4967/4034 2872/1595/1443 2415/1600/1448
f 2835/1578/1426 2836/1577/1425 2419/4749/3935 2416/4748/1447
f 2872/1595/1443 2868/4961/4028 2873/1596/1444
f 2423/4751/3937 2420/4746/3934 2419/4749/3935 2837/1582/1430
f 2884/1603/1450 2881/4968/4035 2882/4969/4036 2883/1604/1451
f 2837/1582/1430 2419/4749/3935 2836/1577/1425
f 2883/1604/1451 2838/1606/1453 2841/4948/4017 2429/4757/3941
f 2882/4969/4036 2421/1602/1449 2840/1581/1429
f 2880/4967/4034 2869/1593/1441 2868/4961/4028 2872/1595/1443
f 2426/4755/3940 2832/1571/1419 2427/4752/3938
f 2876/1568/1416 2827/1597/1445 2874/1598/1446 2877/4964/4031
f 2427/4752/3938 2832/1571/1419 2830/1570/1418 2879/4966/4033
f 2424/4965/4032 2413/4742/3930 2425/4753/3939 2427/4752/3938
f 2876/1568/1416 2878/4963/4030 2829/1569/1417
f 2875/1574/1422 2833/1573/1421 2873/1596/1444
f 2429/4757/3941 2841/4948/4017 2832/4970/1419 2426/4756/3940
f 2882/4969/4036 2840/1581/1429 2839/1607/1454 2883/1604/1451
f 2881/4968/4035 2422/4750/3936 2421/1602/1449 2882/4969/4036
f 2476/4971/1457 2832/4970/1419 2841/4948/4017 2822/4942/4014
f 2461/4775/3946 2468/1243/1127 2818/4765/1402 2460/4774/3945
f 2475/4941/1459 2476/4971/1457 2822/4942/4014
f 2447/4768/1133 2462/1240/1124 2477/1612/1134
f 2431/1242/1126 2468/1243/1127 2463/1241/1125
f 2468/1243/1127 2461/4775/3946 2463/1241/1125
f 2456/1234/1119 2451/1222/1111 2453/4762/3944 2459/1617/1118
f 2448/4767/1123 2439/4761/1122 2442/4760/3943
f 2435/1225/1114 2453/4762/3944 2451/1222/1111 2440/1221/1110
f 2433/4759/3942 2452/1224/1113 2441/1226/1115
f 2447/4768/1133 2448/4767/1123 2445/1216/1105 2446/1215/1104
f 2474/1251/1135 2434/1235/1121 2448/1237/1123 2447/1249/1133
f 2435/1225/1114 2440/1221/1110 2441/1226/1115
f 2430/1213/1102 2444/1214/1103 2450/1219/1108 2458/1211/1100
f 2446/1215/1104 2444/1214/1103 2430/1213/1102 2431/1242/1126
f 2886/1641/1440 2885/1628/1462 2908/1627/1468 2887/1639/1478
f 2428/1605/1452 2883/1604/1451 2429/4757/3941
f 2887/1639/1478 2908/1627/1468 2888/4972/4037 2889/4973/4038
f 2889/4973/4038 2888/4972/4037 2910/1632/1472 2890/4974/4039
f 2893/4975/4040 2910/1632/1472 2891/1631/1471 2892/4976/4041
f 2891/1631/1471 2894/1707/1541 2867/4960/4027 2892/4976/4041
f 2871/4962/4029 2861/4958/4025 2863/1589/1437 2895/4977/4042
f 2880/4967/4034 2897/4978/4043 2870/1594/1442 2869/1593/1441
f 2896/4979/1463 2895/4977/4042 2863/1589/1437
f 2897/4978/4043 2880/4967/4034 2418/4745/3933 2898/4980/4044
f 2418/4745/3933 2417/4744/3932 2899/4981/1486 2898/4980/4044
f 2417/4747/3932 2420/4746/3934 2900/1649/1487 2899/1648/1486
f 2900/1649/1487 2420/4746/3934 2423/4751/3937 2901/4982/4045
f 2901/4982/4045 2423/4751/3937 2422/4750/3936 2902/4983/4046
f 2871/4962/4029 2903/4984/4047 2425/4753/3939 2413/4742/3930
f 2902/4983/4046 2422/4750/3936 2881/4968/4035 2906/4985/4048
f 2904/4754/1465 2425/4753/3939 2903/4984/4047
f 2906/4985/4048 2881/4968/4035 2884/1603/1450 2905/1626/1467
f 2870/1594/1442 2897/4978/4043 2907/4986/1469 2885/1620/1462
f 2905/1626/1467 2884/1603/1450 2428/1605/1452
f 2911/1630/1470 2912/1633/1473 2894/1707/1541 2891/1631/1471
f 2909/4987/4049 2888/4972/4037 2908/1627/1468
f 2910/1632/1472 2888/4972/4037 2909/4987/4049
f 2914/4988/4050 2903/4984/4047 2871/4962/4029 2895/4977/4042
f 2913/4989/1474 2914/4988/4050 2895/4977/4042 2896/4979/1463
f 2956/1637/1476 2855/1659/1496 2866/4959/4026 2864/1635/1475
f 2409/4740/3928 2857/1586/1434 2861/4958/4025 2410/4741/3929
f 2862/1591/1439 2860/1590/1438 2859/1638/1477
f 2853/4956/4023 2893/4975/4040 2892/4976/4041 2854/4957/4024
f 2853/4956/4023 2852/4955/4022 2890/4974/4039 2893/4975/4040
f 2846/1640/1479 2887/1639/1478 2889/4973/4038 2850/4953/4020
f 2412/4739/3927 2411/4738/3926 2886/1592/1440 2847/4949/4018
f 2412/4739/3927 2848/1585/1433 2849/1587/1435 2409/4740/3928
f 2886/1592/1440 2846/4950/1479 2847/4949/4018
f 2903/4984/4047 2914/4988/4050 2915/4990/1466 2904/4754/1465
f 2897/4978/4043 2898/4980/4044 2916/4991/4051 2907/4986/1469
f 2907/1629/1469 2916/4992/4051 2917/4993/4052 2908/1627/1468
f 2917/4993/4052 2918/1643/1481 2909/4987/4049 2908/1627/1468
f 2914/4988/4050 2913/4989/1474 2921/4994/1483 2915/4990/1466
f 2918/1643/1481 2910/1632/1472 2909/4987/4049
f 2913/1634/1474 2912/1633/1473 2919/1642/1480 2921/4995/1483
f 2918/1643/1481 2917/4993/4052 2925/4996/4053 2920/1644/1482
f 2921/4995/1483 2919/1642/1480 2920/1644/1482
f 2917/4993/4052 2916/4992/4051 2924/4997/1485 2925/4996/4053
f 2898/4980/4044 2899/4981/1486 2924/4998/1485 2916/4991/4051
f 2922/1646/1484 2923/4999/4054 2905/1626/1467 2915/1625/1466
f 2927/1650/1488 2928/5000/4055 2921/1645/1483 2920/1651/1482
f 2926/1652/1489 2920/1651/1482 2925/5001/4053
f 2922/1646/1484 2921/1645/1483 2928/5000/4055 2923/4999/4054
f 2906/4985/4048 2923/4999/4054 2928/5000/4055 2902/4983/4046
f 2923/4999/4054 2906/4985/4048 2905/1626/1467
f 2902/4983/4046 2928/5000/4055 2927/1650/1488 2901/4982/4045
f 2901/4982/4045 2927/1650/1488 2926/1652/1489 2900/1649/1487
f 2926/1652/1489 2925/5001/4053 2924/1647/1485 2900/1649/1487
f 2931/1907/1714 2378/1183/1073 2383/1182/1072 2930/1905/1712
f 2402/4736/1711 2929/1654/1491 2368/1173/1064
f 2935/1656/1493 2371/1655/1492 2374/1665/1502 2934/5002/4056
f 2374/1665/1502 2373/1177/1068 2380/1176/1067 2936/5003/4057
f 2297/5004/3870 2379/4690/3917 2378/1183/1073 2931/1907/1714
f 2937/1909/1716 2381/4688/3915 2376/1657/1494 2935/1656/1493
f 2383/1182/1072 2381/4688/3915 2937/1909/1716 2930/1905/1712
f 2385/1175/1066 2379/4690/3917 2297/5004/3870 2402/4736/1711
f 2942/1664/1501 2943/1900/1709 2933/1902/1490 2844/4952/4019
f 2948/1674/1511 1982/4423/3700 2945/1703/1537 2353/4674/3901
f 2859/5005/1477 2955/5006/4058 2956/1637/1476 2862/1636/1439
f 2401/4730/3924 2281/4627/3861 2946/5007/4059 1917/4731/3647
f 2374/1665/1502 2936/5003/4057 2934/5002/4056
f 2947/5008/4060 2396/1196/1085 1898/4359/3637 1918/4370/3648
f 2396/1196/1085 2947/5008/4060 2948/1674/1511
f 2352/1672/1509 2353/4674/3901 2945/1703/1537 1900/1702/1536
f 2349/4671/3900 2950/1667/1504 2370/1666/1503
f 2401/4730/3924 2141/4550/3807 1985/4425/3702 2952/5009/4061
f 2952/5009/4061 1985/4425/3702 1984/4426/3703 2953/1813/1633
f 1376/3926/3358 2953/1813/1633 1916/4371/3649 323/3311/2963
f 1917/4369/3647 2946/5010/4059 2392/4718/3921 1918/4370/3648
f 2959/5011/4062 2957/5012/4063 1809/4273/3567 2958/5013/4064
f 2348/4641/3871 2325/4660/3889 2352/1672/1509
f 2954/1698/1260 2951/1668/1505 2944/4662/3891
f 2955/5006/4058 2321/1158/1049 2332/1669/1506
f 1820/4281/3574 2961/5014/4065 2960/5015/4066 1818/4282/3575
f 1782/4247/3546 2963/5016/4067 2962/5017/4068 1792/4255/3554
f 2964/5018/4069 2963/5016/4067 1782/4247/3546 1785/4246/3545
f 1784/4245/3544 2966/5019/4070 2965/5020/4071 1785/4246/3545
f 1813/4276/3569 1817/4278/3571 1816/4280/3573 1814/4277/3570
f 1781/4241/3540 1786/4250/3549 1799/4257/3555 1798/4260/3558
f 1798/4260/3558 1777/5021/3537 1778/4242/3541 1781/4241/3540
f 2968/5022/4072 1856/4327/3607 1855/4328/3608 2967/1783/1604
f 1867/4338/3617 1854/4326/3606 1853/4325/3605 2969/5023/4073
f 2971/1786/1607 2970/1785/1606 1868/4341/3620 1869/4340/3619
f 1867/4338/3617 2973/5024/4074 2972/5025/4075 1866/4339/3618
f 1862/4335/3614 1868/4341/3620 2975/1675/1512 1863/1677/1514
f 2975/1675/1512 2974/5026/4076 1865/4336/3615 1974/1676/1513
f 1868/4341/3620 2974/5026/4076 2975/1675/1512
f 2970/1785/1606 2976/5027/4077 2974/5026/4076 1868/4341/3620
f 2967/1783/1604 1855/4328/3608 1857/4329/3609 2977/1781/1602
f 2979/5028/4078 1859/4330/3610 1858/4331/3611 2978/1784/1605
f 2978/1784/1605 1858/4331/3611 1860/4332/3612 2980/1682/1519
f 1860/4332/3612 1861/4333/3613 2981/1681/1518 2980/1682/1519
f 1865/4336/3615 2974/5026/4076 2982/1833/1652 1864/4337/3616
f 1807/4271/3565 1805/4268/3562 2983/5029/4079 2984/5030/4080
f 2983/5029/4079 1805/4268/3562 1804/4270/3564 2985/5031/4081
f 1785/4246/3545 2965/5020/4071 2990/1684/1521 2964/5018/4069
f 2988/5032/4082 2986/5033/4083 2987/5034/4084
f 2984/5030/4080 2990/1684/1521 2989/1683/1520 1807/4271/3565
f 2976/5027/4077 2995/1832/1651 2982/1833/1652 2974/5026/4076
f 1806/1678/1515 2993/1680/1517 2994/5035/4085 1803/4269/3563
f 2988/5032/4082 2991/5036/4086 2992/1849/1664
f 1807/4271/3565 2989/1683/1520 2980/1682/1519 1808/1679/1516
f 2996/5037/4087 1786/4250/3549 1787/4249/3548 2995/1832/1651
f 2999/1787/1608 1799/4257/3555 1786/4250/3549 2996/5037/4087
f 2998/1782/1603 2990/1684/1521 2965/5020/4071
f 2958/5013/4064 1800/4263/3560 3000/5038/4088 2959/5011/4062
f 1796/4258/3556 1799/4257/3555 2999/1787/1608 2971/1786/1607
f 2966/5019/4070 3001/5039/4089 2998/1782/1603 2965/5020/4071
f 2973/5024/4074 3002/5040/4090 2957/5012/4063 2959/5011/4062
f 1803/5041/3563 2994/5042/4085 1815/4279/3572 2991/5036/4086
f 2985/5043/4081 1804/5044/3564 2988/5032/4082 2987/5034/4084
f 1778/5045/3541 1777/4238/3537 1776/4237/3536 1814/4277/3570
f 1792/5046/3554 2962/5047/4068 2961/5014/4065 1820/4281/3574
f 1804/5044/3564 1803/5041/3563 2991/5036/4086 2988/5032/4082
f 1797/4265/3557 1801/4264/3561 1802/5048/1620 1774/5049/3538
f 1792/5046/3554 1820/4281/3574 1790/4254/3553 1789/4253/3552
f 1789/4256/3552 1788/5050/3551 1810/4272/3566 1783/4248/3547
f 1779/5051/3542 1778/5045/3541 1814/4277/3570 1816/4280/3573
f 1798/4260/3558 1797/4259/3557 1774/5052/3538 1777/5021/3537
f 3004/1751/1574 3003/5053/4091 2988/5032/4082 2992/1849/1664
f 2986/5033/4083 2988/5032/4082 3003/5053/4091 3005/5054/4092
f 3114/1753/1576 3006/5055/4093 1817/4278/3571 1813/4276/3569
f 1818/4282/3575 2960/5015/4066 3007/5056/4094 3008/5057/4095
f 1818/4282/3575 3008/5057/4095 3009/5058/4096 1819/4283/3576
f 3011/1754/1577 3114/1753/1576 1813/4276/3569 1811/4275/3568
f 3010/1752/1575 1817/4278/3571 3006/5055/4093
f 3012/5059/1617 3011/1754/1577 1811/4275/3568 1812/4274/929
f 1794/1031/931 1795/1030/930 1791/4251/3550 1793/4261/3559
f 3013/1798/1618 1812/1029/929 1794/1031/931
f 1433/3979/3395 1432/3978/3394 3014/5060/4097 3015/5061/4098
f 1432/3981/3394 1435/3980/3396 3016/1810/1630 3014/5062/4097
f 1987/1812/1632 1914/4365/3643 1913/4368/3646 3017/5063/4099
f 3021/5064/4100 3017/5065/4099 1913/5066/3646 3020/5067/4101
f 3020/5067/4101 1913/5066/3646 1912/5068/3645 3022/5069/4102
f 3025/5070/4103 3026/5071/4104 3023/5072/4105 3024/5073/4106
f 3024/5073/4106 3023/5072/4105 3031/5074/4107 3032/5075/4108
f 3043/1816/1532 3037/1817/1636 3035/5076/4109 3036/5077/1530
f 3037/1817/1636 3039/5078/4110 3038/5079/4111 3035/5076/4109
f 3035/5076/4109 3038/5079/4111 3040/5080/4112 3036/5077/1530
f 3041/1695/1531 3043/1697/1532 3036/1694/1530 3044/1693/1529
f 3038/5079/4111 3024/5073/4106 3032/5075/4108 3040/5080/4112
f 3043/1816/1532 1466/733/660 3030/732/659
f 3044/1693/1529 1465/731/658 3041/1695/1531
f 3039/5078/4110 3025/5070/4103 3024/5073/4106 3038/5079/4111
f 3023/5072/4105 3019/5081/4113 3018/5082/4114 3031/5074/4107
f 3033/1689/1526 1456/1691/1528 3028/1686/1523
f 3026/5071/4104 3029/1818/1637 3019/5081/4113 3023/5072/4105
f 3029/1818/1637 3021/5064/4100 3020/5067/4101 3019/5081/4113
f 1433/3979/3395 3015/5061/4098 3027/1688/1525 1447/1687/1524
f 3019/5081/4113 3020/5067/4101 3022/5069/4102 3018/5082/4114
f 2639/5083/3979 2938/1660/1497 2956/1637/1476 2955/5006/4058
f 2855/1659/1496 2956/1637/1476 2938/1660/1497
f 2638/5084/1262 2639/5083/3979 2955/5006/4058 2332/1669/1506
f 2946/5010/4059 1922/4372/3650 1921/4375/3653 2392/4718/3921
f 2638/5084/1262 2332/1669/1506 2954/1698/1260
f 2950/1667/1504 2349/4671/3900 2329/4666/3895 2375/1706/1540
f 2326/4661/3890 2944/4662/3891 2951/1668/1505
f 2282/1700/1534 2329/4666/3895 2349/4671/3900
f 2281/4627/3861 2139/4626/3805 1922/5085/3650 2946/5007/4059
f 2350/1671/1508 2351/4692/1533 2949/4699/1535
f 2300/1709/1543 2321/4640/1049 2859/1638/1477 2858/1708/1542
f 2955/5006/4058 2859/5005/1477 2321/1158/1049
f 1982/4423/3700 1884/1034/934 2346/1705/1539 2945/1703/1537
f 2943/1900/1709 2629/5086/3978 2954/1698/1260 2944/4662/3891
f 2942/1664/1501 2630/5087/1546 2629/5086/3978 2943/1900/1709
f 2642/5088/1547 2630/5087/1546 2942/1664/1501 2941/1663/1500
f 2942/1664/1501 2844/4952/4019 2843/1661/1498
f 2640/5089/3980 2642/5088/1547 2851/1662/1499 2940/4954/4021
f 2941/1663/1500 2851/1662/1499 2642/5088/1547
f 2938/1660/1497 2639/5083/3979 2640/5089/3980 2939/1658/1495
f 2940/4954/4021 2939/1658/1495 2640/5089/3980
f 2368/1173/1064 2933/1653/1490 2932/5090/1710 2380/5091/1067
f 2852/4955/4022 2850/4953/4020 2889/4973/4038 2890/4974/4039
f 2918/1643/1481 2911/1630/1470 2910/1632/1472
f 2894/1707/1541 2896/1621/1463 2865/1623/1464 2867/4960/4027
f 2854/4957/4024 2866/4959/4026 2855/1659/1496
f 2866/4959/4026 2854/4957/4024 2892/4976/4041 2867/4960/4027
f 2910/1632/1472 2893/4975/4040 2890/4974/4039
f 2940/4954/4021 2851/1662/1499 2850/4953/4020 2852/4955/4022
f 2856/1588/1436 2849/1587/1435 2306/4644/3873
f 2848/1585/1433 2298/1584/1432 2306/4644/3873 2849/1587/1435
f 2626/1385/1255 2618/1368/1240 2621/4847/1254 2628/1715/1248
f 2845/4951/1544 2929/1903/1491 2842/1583/1431
f 2641/1712/1545 2643/1720/1548 2630/1713/1546
f 2954/1390/1260 2635/1387/1257 2637/1391/1261
f 2617/1366/1238 2605/1719/1245 2601/4841/3975
f 2618/1716/1240 2625/1718/1251 2627/1377/1249
f 2614/1361/1233 2606/1358/1230 2621/4847/1254 2618/1368/1240
f 2617/1366/1238 2600/1365/1237 2620/1383/1253
f 2344/5092/1063 2358/5093/3907 2355/4675/3902 2347/4670/3899
f 2615/4846/3977 2616/1359/1231 2614/1361/1233
f 2612/1355/1227 2631/4843/3976 2604/1356/1228
f 2608/1363/1235 2598/1367/1239 2609/1364/1236
f 1902/4734/3639 1919/4729/3651 2140/4545/3804 2137/4544/3803
f 1981/4424/3701 2948/1674/1511 2947/5008/4060 2394/4717/3920
f 1872/1721/1549 1885/1170/1061 2395/1722/1083
f 1905/4360/3638 1904/4363/3641 2400/1723/1550 2395/1722/1083
f 2394/4717/3920 2947/5008/4060 1918/4370/3648 2392/4718/3921
f 2293/5094/3868 2357/4679/3906 2360/4678/3905 2340/1166/1057
f 2294/5095/3869 2339/1165/1056 2342/4694/1059 2268/5096/1045
f 2303/1724/1069 2369/1174/1065 2368/1173/1064 2380/5091/1067
f 2358/5093/3907 2357/4703/3906 2356/4676/3903 2355/4675/3902
f 2344/5092/1063 2347/4670/3899 1883/1033/933 1885/1193/1061
f 2269/5097/1043 2337/1167/1058 2336/1725/1551 2303/1724/1069
f 2294/5095/3869 2293/5094/3868 2340/1166/1057 2339/1165/1056
f 2142/4549/3806 2281/4627/3861 2401/4730/3924 2952/5009/4061
f 2268/5098/1045 2342/1168/1059 2337/1167/1058 2269/5097/1043
f 2143/1815/1635 2142/4549/3806 2952/5009/4061 2953/1813/1633
f 2137/4544/3803 2140/4545/3804 1988/4427/3704 1989/4430/3707
f 1989/4430/3707 1988/4427/3704 1987/1812/1632 1909/1811/1631
f 331/3318/2970 1923/1814/1634 2953/1813/1633 1376/3926/3358
f 2948/1674/1511 1981/4424/3701 1982/4423/3700
f 1909/1811/1631 3016/1810/1630 1435/3980/3396 316/3302/2954
f 1905/4719/3638 1920/4374/3652 1919/4373/3651 1902/5099/3639
f 2058/4706/3755 2057/4479/3754 2035/4459/3734 2033/4708/3733
f 2060/4482/3757 2059/4481/3756 2034/1078/978 2032/1077/977
f 2056/4478/3753 1998/4435/3712 1997/4434/3711 1999/4438/3715
f 2047/1824/1643 2005/4442/3719 1467/4027/3419 454/113/110
f 2036/4460/3735 2056/4478/3753 1999/4438/3715 2001/4440/3717
f 2036/4460/3735 2035/4459/3734 2057/4479/3754 2050/4473/3748
f 2059/4481/3756 2058/4480/3755 2033/4457/3733 2034/1078/978
f 2061/1825/1644 2060/4482/3757 2032/1077/977 2006/1823/1642
f 1998/4435/3712 2063/4483/3758 2062/4484/3759 1995/4436/3713
f 1972/4713/3694 1978/4712/3697 2192/4409/3686 1962/1726/1552
f 1934/4384/3661 2148/4383/3660 1930/4382/3659 1960/4407/3684
f 1964/4410/3687 1939/4387/3664 1826/4290/3583 1971/4414/3691
f 1968/4415/3692 1830/4293/3586 1978/4420/3697 1972/4417/3694
f 1971/4414/3691 1826/4290/3583 1830/4293/3586 1968/4415/3692
f 2148/4383/3660 2147/4552/3809 2146/1080/980 1962/1726/1552
f 1939/4387/3664 1964/4410/3687 1967/4388/3665
f 1935/4385/3662 1934/4384/3661 1960/4407/3684 1950/4398/3675
f 1950/4398/3675 1949/4397/3674 1946/4394/3671 1935/4385/3662
f 3047/5100/4115 3045/5101/4116 2672/2041/1807 3046/2040/1553
f 3052/1847/1662 3049/1846/1661 2711/4882/1806 3050/5102/1323
f 3048/1728/919 3047/5103/4115 3046/1729/1553
f 3054/2035/1803 3055/5104/3992 3053/2036/1804 2749/2033/1802
f 3055/5105/3992 3054/5106/1803 3056/5107/1358 3057/5108/4117
f 2711/4882/1806 3049/1846/1661 3058/1842/1660 2712/2038/1805
f 3045/5101/4116 1720/1015/916 3076/1841/1659 2672/2041/1807
f 3053/2036/1804 2712/2038/1805 2750/5109/4001 2749/2033/1802
f 3057/5108/4117 3056/5107/1358 3061/5110/3998 3062/1845/1326
f 3059/1727/1292 3060/2045/1808 3048/1728/919
f 3060/2045/1808 3059/1727/1292 3063/1836/1655 3064/5111/4118
f 3066/1748/1571 3067/5112/4119 3065/5113/1362 3101/1807/1627
f 3059/1727/1292 3051/1843/1293 3139/1837/1656 3063/1836/1655
f 3069/5114/4120 3062/1845/1326 3061/5110/3998 3068/5115/4121
f 3070/5116/4122 3060/2045/1808 3064/5111/4118 3108/1803/1623
f 3103/1747/1570 3071/5117/1360 3067/5112/4119 3066/1748/1571
f 3073/1732/1555 3070/5116/4122 3108/1803/1623 3072/1730/1554
f 3075/1734/1557 2712/2038/1805 3058/1842/1660 3074/1735/1558
f 3068/5115/4121 3061/5110/3998 3071/5117/1360 3103/1747/1570
f 1719/1014/915 3095/5118/4123 1720/1015/916
f 2750/5109/4001 2712/2038/1805 3075/1734/1557 3078/1736/1559
f 1720/1015/916 3095/5118/4123 3076/1841/1659
f 3101/5119/1627 3065/5120/1362 2750/5109/4001 3078/1736/1559
f 3009/5058/4096 3008/5057/4095 3079/5121/1568 3094/5122/1564
f 3008/5057/4095 3007/5056/4094 3081/5123/1569 3079/5121/1568
f 3009/5058/4096 3094/5122/1564 3080/1839/1566
f 3005/5054/4092 3003/5053/4091 3082/5124/1560 3083/5125/1563
f 3085/1738/1561 2797/5126/4009 2799/5127/4010 3084/1739/1562
f 2789/5128/1389 2788/5129/1388 3085/1738/1561 3082/1737/1560
f 2789/5130/1389 3082/5131/1560 3086/1835/1654 2804/5132/4012
f 3085/1738/1561 2788/5129/1388 2797/5126/4009
f 3086/1835/1654 3087/1757/1580 2803/5133/4011 2804/5132/4012
f 2799/5127/4010 2801/5134/1393 3090/1796/1616 3084/1739/1562
f 2803/5133/4011 3087/1757/1580 3091/5135/4124 2802/5136/1392
f 2801/5137/1393 2802/5136/1392 3091/5135/4124 3090/5138/1616
f 3093/1808/1628 3094/1741/1564 3079/1745/1568 3092/1769/1591
f 3098/5139/4125 3095/5118/4123 3096/5140/4126 3097/1795/1615
f 3089/1744/1567 3092/1769/1591 3079/1745/1568
f 3095/5118/4123 1719/1014/915 3099/5141/4127 3096/5140/4126
f 3068/5115/4121 3104/1805/1625 3105/5142/4128 3069/5114/4120
f 3100/1802/1622 3099/5143/4127 1719/1731/915
f 3102/1749/1572 3066/1748/1571 3101/1807/1627
f 3104/1805/1625 3068/5115/4121 3103/1747/1570
f 3063/1836/1655 3107/1838/1657 3106/1804/1624 3064/5111/4118
f 3139/1837/1656 3069/5114/4120 3105/5142/4128
f 1794/1031/931 3111/1840/1658 3110/5144/4129 3013/1798/1618
f 3108/1803/1623 3064/5111/4118 3106/1804/1624
f 3108/1803/1623 3100/1802/1622 3072/1730/1554
f 3004/1751/1574 3082/5124/1560 3003/5053/4091
f 3012/5059/1617 3113/5145/1582 3112/1755/1578 3011/1754/1577
f 3119/5146/4130 3118/5147/4131 3120/1760/1583 3121/5148/4132
f 3114/1753/1576 3115/5149/4133 3006/5055/4093
f 3004/5150/1574 3086/1835/1654 3082/5131/1560
f 3118/5147/4131 3119/5146/4130 3117/1756/1579
f 3121/5148/4132 3120/1760/1583 3113/1759/1582 3124/1771/1584
f 3004/5150/1574 3109/5151/1573 3116/1758/1581 3086/1835/1654
f 3115/5152/4133 3114/5153/1576 3118/5147/4131 3117/1756/1579
f 3118/5147/4131 3114/5153/1576 3112/1761/1578 3120/1760/1583
f 3123/1764/1586 3125/5154/4134 3126/5155/1593 3124/1762/1584
f 3110/5156/4129 3122/1763/1585 3113/5157/1582
f 3124/1762/1584 3113/5157/1582 3122/1763/1585
f 3125/5158/4134 3127/5159/4135 3128/5160/4136 3126/1772/1593
f 3127/5159/4135 3129/1766/1588 3131/1765/1587 3128/5160/4136
f 3102/1749/1572 3133/1791/1612 3134/5161/4137 3135/1806/1626
f 3133/1791/1612 3102/1749/1572 3132/1792/1590
f 3135/1806/1626 3134/5161/4137 3136/1789/1610 3104/1805/1625
f 3136/1789/1610 3157/1788/1609 3105/5142/4128 3104/1805/1625
f 3139/1837/1656 3138/5162/4138 3137/5163/4139 3107/1838/1657
f 3137/5163/4139 3131/1765/1587 3130/1767/1589
f 3121/5148/4132 3143/1770/1592 3140/5164/4140 3119/5146/4130
f 3143/1770/1592 3121/5148/4132 3124/1771/1584
f 3119/5146/4130 3140/5164/4140 3141/5165/4141 3117/1756/1579
f 3144/5166/4142 3145/5167/4143 3141/5165/4141 3140/5164/4140
f 3142/5168/4144 3091/5135/4124 3087/1757/1580
f 3144/5166/4142 3140/5164/4140 3143/1770/1592
f 3145/5167/4143 3146/1775/1596 3142/5168/4144 3141/5165/4141
f 3091/5135/4124 3147/1774/1595 3148/1793/1613 3090/5138/1616
f 3145/5167/4143 3144/5166/4142 3150/5169/4145 3151/5170/4146
f 3133/1791/1612 3148/1793/1613 3147/1774/1595
f 3144/5166/4142 3143/1770/1592 3152/5171/4147 3150/5169/4145
f 3152/5171/4147 3143/1770/1592 3126/1772/1593 3128/5160/4136
f 3147/1774/1595 3153/5172/4148 3154/5173/4149 3133/1791/1612
f 3154/5173/4149 3153/5172/4148 3155/1834/1653 3156/1790/1611
f 3156/1790/1611 3155/1834/1653 3159/1779/1600 3157/1788/1609
f 3137/5163/4139 3159/1779/1600 3158/1776/1597 3131/1765/1587
f 3159/1779/1600 3138/5162/4138 3157/1788/1609
f 3158/1776/1597 3150/5169/4145 3152/5171/4147 3128/5160/4136
f 3128/5160/4136 3131/1765/1587 3158/1776/1597
f 3160/1778/1599 3151/5170/4146 3150/5169/4145 3158/1776/1597
f 3162/1780/1601 3149/1773/1594 3151/5170/4146 3160/1778/1599
f 2973/5024/4074 1867/4338/3617 2969/5023/4073 3002/5040/4090
f 3001/5039/4089 2968/5022/4072 2967/1783/1604 2998/1782/1603
f 2997/1685/1522 2979/5028/4078 2978/1784/1605 2989/1683/1520
f 2999/1787/1608 2996/5037/4087 2976/5027/4077 2970/1785/1606
f 2995/1832/1651 2976/5027/4077 2996/5037/4087
f 2959/5011/4062 3000/5038/4088 2972/5025/4075 2973/5024/4074
f 2998/1782/1603 2977/1781/1602 2979/5028/4078 2997/1685/1522
f 2971/5174/1607 2972/5025/4075 3000/5038/4088
f 3130/1767/1589 3106/1804/1624 3107/1838/1657 3137/5163/4139
f 3134/5161/4137 3154/5173/4149 3156/1790/1611 3136/1789/1610
f 3089/1744/1567 3090/1796/1616 3148/5175/1613 3132/1768/1590
f 3154/5173/4149 3134/5161/4137 3133/1791/1612
f 3163/1801/1621 3106/1804/1624 3130/1767/1589 3129/1766/1588
f 3100/1802/1622 3163/1801/1621 3129/1766/1588 3127/5159/4135
f 3099/5143/4127 3100/1802/1622 3127/5159/4135 3125/5158/4134
f 3096/5140/4126 3099/5141/4127 3125/5154/4134 3123/1764/1586
f 3097/1795/1615 3096/5140/4126 3123/1764/1586 3122/1763/1585
f 3122/1763/1585 3110/5156/4129 3111/5176/1658 3164/1794/1614
f 3013/1798/1618 3110/5144/4129 3113/5177/1582 3012/1797/1617
f 3081/1746/1569 3083/1740/1563 3084/1739/1562 3089/1744/1567
f 3007/5056/4094 3005/5054/4092 3083/5125/1563 3081/5123/1569
f 2960/5015/4066 2986/5033/4083 3005/5054/4092 3007/5056/4094
f 1801/4264/3561 3165/5178/4150 3166/5179/1619 1802/5048/1620
f 2962/5047/4068 2985/5043/4081 2987/5034/4084 2961/5014/4065
f 1800/4263/3560 1796/4262/3556 2971/5174/1607 3000/5038/4088
f 2977/1781/1602 1857/4329/3609 1859/4330/3610 2979/5028/4078
f 2990/1684/1521 2984/5030/4080 2964/5018/4069
f 2972/5025/4075 2971/5174/1607 1869/5180/3619 1866/4339/3618
f 2984/5030/4080 2983/5029/4079 2963/5016/4067 2964/5018/4069
f 2983/5029/4079 2985/5031/4081 2962/5017/4068 2963/5016/4067
f 2987/5034/4084 2986/5033/4083 2960/5015/4066 2961/5014/4065
f 1821/4286/3579 2193/4581/3824 1751/4218/3519 1828/4288/3581
f 1942/4391/3668 1822/4287/3580 1827/4291/3584 1941/4386/3663
f 2082/4511/3772 2086/1063/963 2085/1062/962 2087/4515/3776
f 2086/1063/963 2081/4508/3771 2080/1809/1629 2084/1061/961
f 2082/4511/3772 2087/4515/3776 2090/4514/3775 2083/4512/3773
f 1942/4391/3668 1941/4386/3663 1940/4389/3666 1943/4392/3669
f 1866/4339/3618 1869/5180/3619 1833/4294/3587 1832/4297/3590
f 1847/4315/3600 1846/4313/3599 1859/4330/3610 1857/4329/3609
f 1758/4316/3523 1847/4315/3600 1849/4318/3601 1771/4317/3534
f 1746/4299/926 1852/4324/1673 1851/4323/3604 1831/4296/3589
f 1831/4296/3589 1851/4323/3604 1854/4326/3606 1832/4297/3590
f 1822/4287/3580 1821/4286/3579 1828/4288/3581 1827/4291/3584
f 1800/4263/3560 2958/5013/4064 3165/5178/4150 1801/4264/3561
f 1758/4222/3523 1771/4233/3534 1770/4236/3535 1755/4223/3524
f 1812/1029/929 1775/4266/3539 1795/1030/930
f 3078/1736/1559 3092/1769/1591 3132/1768/1590 3101/5119/1627
f 3167/1860/1674 1852/1859/1673 1746/1026/926
f 3135/1806/1626 3103/1747/1570 3102/1749/1572
f 3077/1733/1556 3093/1808/1628 3092/1769/1591 3078/1736/1559
f 3095/5118/4123 3098/5139/4125 3076/1841/1659
f 1943/4392/3669 1940/4389/3666 1938/1037/937 1906/840/755
f 1949/4397/3674 1574/4111/3461 1573/4110/3460 1946/4394/3671
f 2062/4484/3759 1575/4113/3463 1576/4112/3462 1995/4436/3713
f 3018/5082/4114 3022/5069/4102 1577/5181/3465 1578/5182/3464
f 2006/1823/1642 2005/4442/3719 2047/1824/1643
f 3015/5061/4098 3021/5064/4100 3029/1818/1637 3027/1688/1525
f 3031/5074/4107 3018/5082/4114 1578/5182/3464 1579/5183/3466
f 3033/1689/1526 3028/1686/1523 3029/1818/1637 3026/5071/4104
f 1451/3995/3407 3034/1690/1527 3025/5070/4103 3039/5078/4110
f 3040/5080/4112 3032/5075/4108 1580/5184/3467 1581/5185/761
f 3036/5077/1530 3040/5080/4112 1581/5185/761 3042/5186/763
f 3042/1692/763 1465/731/658 3044/1693/1529
f 3034/1690/1527 3033/1689/1526 3026/5071/4104 3025/5070/4103
f 3032/5075/4108 3031/5074/4107 1579/5183/3466 1580/5184/3467
f 3030/732/659 1451/3995/3407 3039/5078/4110 3037/1817/1636
f 3022/5069/4102 1912/5068/3645 1582/5187/3468 1577/5181/3465
f 3016/1810/1630 1987/1812/1632 3017/5063/4099 3014/5062/4097
f 3014/5060/4097 3017/5065/4099 3021/5064/4100 3015/5061/4098
f 2408/1204/1093 2406/1201/1090 2403/1200/1089 2407/1203/1092
f 1984/4426/3703 1916/4371/3649 2953/1813/1633
f 2207/1112/1006 2102/1883/1693 2214/1882/832 2210/1115/1009
f 1583/5188/3469 2265/4613/3848 2245/4612/1638
f 2120/4574/3796 2130/1070/970 1585/122/119 1586/856/771
f 2207/1112/1006 2210/1115/1009 2208/1113/1007
f 2094/1821/1640 1584/5189/833 2101/4579/3784
f 2158/153/149 562/4125/1675 2166/4555/1677 2152/1989/1775
f 574/158/154 2185/1087/987 2179/159/155
f 2110/1885/1695 2120/4537/3796 1586/4124/771 1587/930/835
f 2130/1070/970 2129/1069/969 1585/122/119
f 1740/4213/3514 2110/1885/1695 1588/932/837 143/71/69
f 2091/4518/3779 2084/1061/961 1590/859/774 1591/2024/1799
f 2080/1809/1629 1741/4510/3513 142/861/68 1572/860/775
f 1739/1060/960 2069/4490/955 1944/4393/3670 310/1058/958
f 2030/4453/3730 2046/1052/952 2045/4470/3745 2048/4468/3743
f 2007/4486/943 1592/4129/3472 1593/4128/3471 2052/4476/3751
f 2062/4484/3759 2053/4477/3752 1594/4130/3473 1575/4113/3463
f 2053/4477/3752 2052/4476/3751 1593/4128/3471 1594/4130/3473
f 2048/4468/3743 2045/4470/3745 2061/1825/1644 2047/1824/1643
f 2065/1053/953 2046/1052/952 2030/4453/3730 2031/4452/3729
f 2015/1827/1646 2019/4447/3724 1595/863/777 1596/865/779
f 2005/4442/3719 1932/1035/935 339/86/83 1467/4027/3419
f 1996/4437/3714 1995/4436/3713 1576/4112/3462 1598/866/780
f 1963/868/782 1996/4437/3714 1598/866/780
f 1963/868/782 1937/1038/938 1967/4388/3665 1966/4412/3689
f 1955/4401/3678 1599/2023/1798 1600/4132/3475 1952/4396/3673
f 1952/4396/3673 1600/4132/3475 1574/4111/3461 1949/4397/3674
f 1946/4394/3671 1573/4110/3460 598/3486/3105 1931/1036/936
f 1940/4389/3666 1967/4388/3665 1937/1038/938 1938/1037/937
f 1932/1035/935 1947/4399/3676 1936/1092/991 1931/1036/936
f 1958/4403/3680 1957/4406/3683 1924/4379/3656 1927/4378/3655
f 1914/4547/3643 2143/1815/1635 1923/1814/1634 1911/4376/3644
f 1916/4371/3649 1984/4426/3703 2014/1046/946 1915/3309/2961
f 1912/4367/3645 1911/4366/3644 330/5190/2969 1582/5191/3468
f 1944/4393/3670 1943/4392/3669 1906/840/755 310/1058/958
f 1909/1811/1631 1910/4364/3642 1990/4431/3708
f 1744/4217/3518 1743/4216/3517 1740/4213/3514 1741/4212/3513
f 2070/1056/956 2069/1055/955 1739/4210/960 2093/1822/1641
f 1659/1921/1723 1603/27/27 1604/5192/3477 1660/4175/3492
f 3098/5139/4125 3097/1795/1615 3094/1741/1564 3077/1733/1556
f 1677/4179/3496 1643/18/18 1678/970/875
f 3002/5040/4090 2969/5023/4073 2968/5022/4072 3001/5039/4089
f 3155/1834/1653 3153/5172/4148 3162/1780/1601 3161/1777/1598
f 3153/5172/4148 3147/1774/1595 3149/1773/1594 3162/1780/1601
f 3146/1775/1596 3145/5167/4143 3151/5170/4146 3149/1773/1594
f 3159/1779/1600 3137/5163/4139 3138/5162/4138
f 3142/5168/4144 3146/1775/1596 3147/1774/1595 3091/5135/4124
f 3087/1757/1580 3117/1756/1579 3141/5165/4141 3142/5168/4144
f 3105/5142/4128 3157/1788/1609 3138/5162/4138 3139/1837/1656
f 3109/5151/1573 3115/5152/4133 3117/1756/1579 3116/1758/1581
f 3010/1752/1575 3006/5055/4093 3115/5149/4133 3109/1750/1573
f 3097/1795/1615 3164/1794/1614 3088/1742/1565 3094/1741/1564
f 3164/1794/1614 3111/5176/1658 3080/1743/1566 3088/1742/1565
f 3076/1841/1659 3098/5139/4125 3077/1733/1556 3074/1735/1558
f 3051/1843/1293 3062/1845/1326 3069/5114/4120 3139/1837/1656
f 3170/1848/1663 3076/1841/1659 3058/1842/1660 3049/1846/1661
f 3050/5193/1323 3169/1844/1325 3051/1843/1293 3052/5194/1662
f 1793/4261/3559 1791/4251/3550 1790/4254/3553 1819/4283/3576
f 1788/5050/3551 3166/5179/1619 3165/5178/4150 1810/4272/3566
f 2994/5042/4085 1779/5051/3542 1816/4280/3573 1815/4279/3572
f 3002/5040/4090 3001/5039/4089 2966/5019/4070 2957/5012/4063
f 1808/1679/1516 2981/1681/1518 2995/1832/1651 1787/4249/3548
f 2993/1680/1517 1780/4244/3543 1779/4243/3542 2994/5035/4085
f 1787/4249/3548 1780/4244/3543 2993/1680/1517 1808/1679/1516
f 1861/4333/3613 1864/4337/3616 2982/1833/1652 2981/1681/1518
f 2969/5023/4073 1853/4325/3605 1856/4327/3607 2968/5022/4072
f 1809/4273/3567 2957/5012/4063 2966/5019/4070 1784/4245/3544
f 2216/4584/3826 2241/4596/3838 2229/1135/1029 3171/5195/4151
f 2202/1139/1033 2247/1876/1665 2258/1137/1031
f 2201/4583/3825 2231/1132/1026 2244/1134/1028
f 1928/4381/3658 1953/4402/3679 1951/4395/3672 1961/4408/3685
f 2241/4596/3838 2216/4584/3826 2215/1853/1667
f 2231/1132/1026 2202/1139/1033 2249/1138/1032
f 1731/4203/3507 2099/4520/3781 2108/4525/3785 2073/4500/3766
f 2117/4529/1671 2116/4528/3788 2112/4532/3791
f 1732/4495/3508 2076/5196/3765 2078/5197/3768 2071/4496/3762
f 1766/4231/3532 1928/4381/3658 1961/4408/3685 1763/4227/3528
f 1952/4396/3673 1951/4395/3672 1953/4402/3679
f 1848/4319/3602 1856/4327/3607 1853/4325/3605 1850/4322/3603
f 1838/4306/3594 1864/4337/3616 1861/4333/3613
f 1753/4320/3527 1848/4319/3602 1850/4322/3603 1754/4321/1672
f 1842/4312/3598 1838/4306/3594 1845/4309/3596 1844/4308/1698
f 3010/1752/1575 2992/1849/1664 2991/5036/4086 1815/4279/3572
f 1810/4272/3566 3165/5178/4150 2958/5013/4064 1809/4273/3567
f 3080/1839/1566 1793/4261/3559 1819/4283/3576 3009/5058/4096
f 1795/1030/930 3166/1799/1619 1788/4252/3551 1791/4251/3550
f 1766/4231/3532 1763/4227/3528 1762/4229/3530 1764/4232/3533
f 1731/4203/3507 2073/4500/3766 2076/4499/3765 1732/4204/3508
f 1622/986/891 1620/960/865 2163/5198/3813 2159/1869/1683
f 1625/1865/1679 1624/4162/3480 2156/5199/3812 2155/1866/1680
f 2166/1863/1677 1630/1862/1676 1628/4163/3481
f 562/1861/1675 22/4135/3476 1630/1862/1676
f 2166/1863/1677 1628/4163/3481 1626/1864/1678
f 3194/5200/4152 3178/1940/1740 3172/973/878 1627/1938/1738
f 1623/4161/1690 2156/5199/3812 1624/4162/3480
f 2154/1870/1684 2163/5198/3813 1620/960/865
f 1644/4170/3488 1641/968/873 1683/4178/3495 1676/984/889
f 1644/4170/3488 1647/1871/1685 1641/968/873
f 3171/5195/4151 2229/1135/1029 2242/4591/3833 2244/1134/1028
f 3173/1881/1692 3171/5195/4151 2244/1134/1028 1636/1133/1027
f 2242/4591/3833 2229/1135/1029 2201/4583/3825
f 1636/1133/1027 1635/4168/3486 1638/961/866 3173/1881/1692
f 1663/966/871 1638/961/866 1686/2006/884
f 3192/1936/1736 2162/1867/1681 1623/4161/1690 3193/1925/1727
f 2126/4538/3797 1640/964/869 1642/969/874 2123/4536/3795
f 1640/964/869 1662/967/872 1642/969/874
f 1663/966/871 1662/967/872 1640/964/869
f 2127/965/870 2122/4535/3794 2217/1880/1691
f 2127/965/870 2126/4538/3797 2123/4536/3795 2122/4535/3794
f 2218/963/868 1639/962/867 2217/1880/1691 2216/4584/3826
f 1639/962/867 1663/966/871 2217/1880/1691
f 3168/1884/1694 2101/4523/3784 1584/5201/833 2214/1882/832
f 1638/961/866 1663/966/871 1639/962/867
f 2216/4584/3826 3171/5195/4151 2218/963/868
f 2218/963/868 3171/5195/4151 3173/1881/1692
f 2102/1883/1693 2187/1090/989 2104/4522/3783
f 2099/4520/3781 2112/4532/3791 2116/4528/3788 2108/4525/3785
f 2187/1090/989 2103/1089/968 2104/4522/3783
f 2098/4521/3782 2105/1066/966 2113/4533/3792 2100/4519/3780
f 139/4209/2811 1589/1820/1639 2093/1822/1641
f 1587/930/835 1588/932/837 2110/1885/1695
f 2109/4527/3787 2119/1073/973 2121/1072/972 2111/1886/1696
f 2106/1067/967 1737/1075/975 2097/1064/964
f 2107/4526/3786 2115/4531/3790 2119/1073/973 2109/4527/3787
f 2108/4525/3785 2116/4528/3788 2115/4531/3790 2107/4526/3786
f 2100/4519/3780 2113/4533/3792 2112/4532/3791 2099/4520/3781
f 1737/1075/975 2106/1067/967 2105/1066/966 2098/4521/3782
f 2089/4513/3774 2144/4551/3808 1767/1893/1703 1772/1892/1702
f 2088/4516/3777 1956/4405/3682 2144/4551/3808 2089/4513/3774
f 1955/4401/3678 1927/4378/3655 1926/4377/3654 1599/2023/1798
f 1924/4379/3656 1957/4406/3683 2092/4517/3778 2091/4518/3779
f 1959/4404/3681 1958/4403/3680 1954/4400/3677 1929/4380/3657
f 2092/4517/3778 1957/4406/3683 1956/4405/3682 2088/4516/3777
f 1765/1894/1704 2145/1896/1706 1959/4404/3681 1929/4380/3657
f 1954/4400/3677 1958/4403/3680 1927/4378/3655 1955/4401/3678
f 1925/1891/1701 1924/4379/3656 2091/4518/3779 1591/2024/1799
f 3167/1860/1674 2072/4497/3763 2071/4496/3762 1754/1858/1672
f 1765/1894/1704 1769/1890/1700 1768/1895/1705
f 1764/4232/3533 1762/4229/3530 1839/5202/3595 1842/5203/3598
f 1746/1026/926 2193/4581/3824 2072/4497/3763 3167/1860/1674
f 1755/4223/3524 1770/4236/3535 2077/4505/3769 2083/4512/3773
f 1979/4422/3699 1837/5204/941 1976/5205/940 1759/4714/1708
f 1979/4422/3699 1749/4219/3520 1836/5206/3592 1837/5204/941
f 1756/4224/3525 2090/4514/3775 2089/4513/3774 1772/1892/1702
f 1770/4236/3535 1752/4235/3526 2078/4502/3768 2077/4505/3769
f 1767/1893/1703 2144/4551/3808 2145/1896/1706 1768/1895/1705
f 1769/1890/1700 1764/4232/3533 1842/5203/3598 1844/1888/1698
f 1762/4229/3530 1759/1898/1708 1840/1897/1707 1839/5202/3595
f 1756/4224/3525 1755/4223/3524 2083/4512/3773 2090/4514/3775
f 1754/1858/1672 2071/4496/3762 2078/5197/3768 1752/4225/3526
f 1748/1028/928 1747/1027/927 1836/5206/3592 1749/4219/3520
f 1748/1028/928 1751/4218/3519 2193/4581/3824 1746/1026/926
f 2403/1200/1089 2405/4737/3925 2138/4543/3802 1991/4429/3706
f 2405/4737/3925 1887/4351/3630 2138/4543/3802
f 2407/1203/1092 315/952/857 312/951/856
f 2407/1203/1092 2403/1200/1089 1990/4431/3708 1910/4364/3642
f 2405/4737/3925 2404/1202/1091 1992/4433/3710 1887/4351/3630
f 1991/4429/3706 1990/4431/3708 2403/1200/1089
f 2404/1202/1091 2406/1201/1090 1993/1830/1649 1992/4433/3710
f 2406/1201/1090 2408/1204/1093 1907/1828/1647 1993/1830/1649
f 1910/4364/3642 315/952/857 2407/1203/1092
f 2331/5207/1507 2934/5002/4056 2936/5003/4057 2951/5208/1505
f 2936/5003/4057 2326/5209/3890 2951/5208/1505
f 2320/5210/1051 2935/1656/1493 2934/5002/4056 2331/5207/1507
f 2844/4952/4019 2933/1902/1490 2929/1710/1491
f 2326/5209/3890 2936/5003/4057 2380/1176/1067 2932/5211/1710
f 2299/1908/1715 2937/1909/1716 2935/1656/1493 2301/5212/1050
f 2935/1656/1493 2320/5210/1051 2301/5212/1050
f 2931/1907/1714 2305/1906/1713 2297/5004/3870
f 1259/625/561 1258/624/560 775/5213/3192 1352/5214/621
f 730/703/630 1354/702/629 1371/5215/638
f 1361/741/668 1259/625/561 1352/5214/621 729/3568/620
f 775/5216/3192 1258/748/560 700/747/672 699/3550/1721
f 725/5217/218 1371/5215/638 1354/702/629 1353/3920/3354
f 725/5217/218 1353/3920/3354 1356/1913/1719 706/1915/216
f 702/1914/1720 1356/1913/1719 1351/1910/1717 703/1912/1718
f 1350/1911/213 1355/1918/1722 701/1917/214
f 3177/1937/1737 3196/1922/1724 1659/1921/1723 1657/4173/3491
f 3174/972/877 1653/978/883 3193/1925/1727
f 3194/5200/4152 1627/1938/1738 1654/976/881
f 1656/975/880 1685/971/876 3172/973/878
f 3197/1923/1725 1603/27/27 1659/1921/1723
f 2197/1111/1000 3179/1110/1005 3175/1107/1003
f 1627/1938/1738 3177/1937/1737 1657/4173/3491 1654/976/881
f 3178/1940/1740 3194/5200/4152 1654/976/881 1656/975/880
f 2199/955/860 1651/987/892 1650/982/887 1615/956/861
f 55/25/25 1603/27/27 3181/1930/1731 3185/1953/1752
f 3180/1931/1732 47/28/28 48/917/823
f 601/184/170 3183/179/171 3182/185/175
f 52/3087/2778 55/25/25 3185/1953/1752 3186/1933/1733
f 52/3087/2778 3186/1933/1733 3191/1927/1729 53/24/24
f 53/24/24 1608/1926/1728 1609/4146/3478 50/22/22
f 3189/1932/172 5/1/1 59/3085/2776 3188/1941/1741
f 3187/19/19 3190/10/10 45/20/20
f 3176/4172/3490 1648/1952/1751 3192/1936/1736 1652/1924/1726
f 12/42/42 44/8/8 3188/1941/1741
f 19/1934/1734 3186/1933/1733 3185/1953/1752
f 9/5218/6 1617/5219/3479 3179/1110/1005 11/5220/2759
f 1651/987/892 2199/955/860 1616/958/863
f 56/26/26 54/1943/1743 72/1942/1742 70/1948/1747
f 2198/4157/1002 1616/958/863 2199/955/860
f 50/22/22 1609/4146/3478 16/1928/1730
f 11/3066/2759 3198/5221/4 9/5222/6
f 3189/1932/172 10/7/7 3184/3064/173
f 69/32/32 71/1945/1744 72/2005/1742 66/35/35
f 3199/1947/1746 1604/4137/3477 56/26/26
f 1660/4175/3492 3201/2011/1792 3200/2010/1791 1682/4174/890
f 71/1945/1744 69/32/32 1602/33/33
f 1660/4175/3492 1604/5192/3477 3199/5223/1746 3201/2011/1792
f 1602/33/33 1680/1831/1650 1681/1949/1748 1601/1946/1745
f 3200/5224/1791 1675/983/888 1682/985/890
f 1679/1950/1749 1675/983/888 3200/5224/1791 1681/1949/1748
f 3181/1930/1731 21/1935/1735 23/1954/1753 3185/1953/1752
f 1629/1951/1750 3197/1923/1725 3196/1922/1724
f 3198/5221/4 11/3066/2759 3182/185/175 7/183/174
f 657/1958/1754 551/1960/1757 64/3090/2781 63/3089/2780
f 65/3088/2779 83/3098/2786 3205/1984/1772 81/41/41
f 2172/1962/1759 578/161/157 587/163/159
f 81/41/41 80/40/40 3206/3484/1769 63/3089/2780
f 3198/4/4 7/3063/174 6/9/9 8/5/5
f 3182/185/175 11/3066/2759 1/186/169
f 1618/1967/1763 1619/959/864 3175/4158/1003 1617/4159/3479
f 3175/1107/1003 3179/1110/1005 1617/5219/3479
f 2267/4615/3850 2256/1149/1042 2253/1151/1036
f 2172/1972/1759 587/5225/159 2180/4568/3819
f 1671/4177/3494 1670/1986/1774 3208/4183/1789
f 1613/1981/1762 2/5226/1771 2196/4582/1001 1665/4176/3493
f 3208/2004/1789 1687/5227/3497 3209/1985/1773 1664/1982/1770
f 1688/1977/1768 1673/1970/1765 3206/1978/1769
f 2153/4558/3811 2150/1995/1781 2173/1973/1766 2164/1085/985
f 3202/1971/1758 2173/1973/1766 3204/1974/1767
f 2168/1086/986 2152/1989/1775 2151/1994/1780 2167/1993/1779
f 2171/1084/984 2161/1877/1689 2160/1990/1776
f 577/3468/3097 553/151/147 558/150/146 572/157/153
f 570/2002/1788 575/3470/3099 559/146/142 557/2001/1787
f 565/1998/1784 579/915/821 573/155/151
f 3202/1961/1758 554/1987/815 553/151/147 577/3468/3097
f 3208/4183/1789 1670/1986/1774 1688/1977/1768 1687/4182/3497
f 571/147/143 559/146/142 575/3470/3099
f 83/5228/2786 60/3091/2782 3/1964/1761 3205/2003/1772
f 3207/1963/1760 79/5229/39 3205/2003/1772
f 1676/5230/889 1683/5231/3495 1655/974/879 1658/1872/1686
f 3201/2011/1792 3199/5223/1746 1601/5232/1745 1681/2009/1748
f 1674/1874/1687 1661/980/885 1685/4180/876
f 3208/2004/1789 1666/981/886 2195/1096/995 1689/2008/1790
f 1667/1099/998 1690/5233/992 2194/1100/999
f 1656/975/880 1655/974/879 1683/5231/3495 1674/1873/1687
f 3209/1985/1773 1687/5227/3497 79/5234/39
f 83/5228/2786 82/5235/2785 600/3487/3106 60/3091/2782
f 1682/4174/890 1676/5230/889 1658/1872/1686
f 1684/1094/993 1668/2013/882 1686/2006/884
f 3199/1947/1746 70/1948/1747 1601/5236/1745
f 84/2016/1794 600/3487/3106 82/5235/2785
f 1908/1829/1648 311/3300/2952 1592/5237/3472 2007/1043/943
f 3207/1963/1760 3209/5238/1773 79/5229/39
f 50/22/22 75/4147/1793 51/23/23
f 2019/4447/3724 2031/5239/3729 435/5240/3474 1595/863/777
f 2066/5241/3761 2067/5242/3760 2134/4542/3801 2020/4709/951
f 2018/2019/1795 2134/4542/3801 2067/5242/3760 2064/2020/954
f 2029/2021/1796 2012/4443/3720 2009/1045/945
f 2018/2019/1795 2065/2018/953 2031/5239/3729 2019/4447/3724
f 2020/1051/951 2010/1050/950 2066/5243/3761
f 2029/2021/1796 2066/5243/3761 2010/1050/950 2012/4443/3720
f 1592/5237/3472 311/3300/2952 398/869/783 413/3363/3011
f 2007/1043/943 2009/1045/945 1908/1829/1648
f 537/3452/3085 473/5244/3053 474/5245/3052 424/3618/105
f 397/135/132 415/134/131 433/5246/3023 412/3365/127
f 422/3369/3016 471/5247/114 473/5244/3053 537/3452/3085
f 423/3368/3015 1595/863/777 435/5240/3474 472/5248/112
f 474/5249/3052 414/106/103 424/108/105
f 472/5248/112 471/5247/114 422/3369/3016 423/3368/3015
f 414/106/103 474/5249/3052 433/5246/3023 415/134/131
f 2552/4808/1188 2806/5250/1407 2546/1306/1186 2553/1305/1185
f 412/3365/127 411/3364/3012 397/135/132
f 398/869/783 411/3364/3012 413/3363/3011
f 1610/943/848 1612/942/847 1591/2024/1799
f 1925/1891/1701 1611/941/846 1926/4377/3654
f 1611/941/846 1599/2023/1798 1926/4377/3654
f 959/2030/1801 958/373/343 969/375/345
f 1229/5251/533 968/370/340 966/372/342
f 2810/4816/1399 2554/1307/1187 2546/1306/1186
f 2807/1311/1191 2549/1313/1193 2808/2032/1414
f 2806/5252/1407 2552/1308/1188 2805/1310/1190
f 2750/4901/4001 2761/4900/4000 2759/4898/3999 2749/4897/1802
f 3067/5112/4119 2753/5253/1359 3065/5113/1362
f 3071/5117/1360 2753/5253/1359 3067/5112/4119
f 3054/5106/1803 2760/5254/1356 3056/5107/1358
f 2683/4865/1295 3076/1841/1659 3170/1848/1663 2682/5255/3985
f 3057/5108/4117 2715/5256/1303 3055/5105/3992
f 3062/1845/1326 2715/5256/1303 3057/5108/4117
f 2682/5255/3985 3170/1848/1663 3052/1847/1662 2674/5257/1287
f 1721/5258/920 3045/5101/4116 3047/5100/4115 1722/5259/918
f 3051/1843/1293 2674/5260/1287 3052/5194/1662
f 3046/1729/1553 2680/5261/1290 3059/1727/1292
f 3045/5101/4116 1721/5258/920 1720/1015/916
f 3060/2045/1808 3070/5116/4122 1729/5262/925 1724/2044/895
f 3048/1728/919 1722/5263/918 3047/5103/4115
f 3070/5116/4122 3073/1732/1555 1728/5264/3505 1729/5262/925
f 1718/5265/917 1728/5264/3505 3073/1732/1555 1719/1731/915
f 1138/2053/470 1137/5266/469 1470/890/688 1605/886/800
f 1475/2047/1809 1156/2049/494 1183/777/496
f 1181/4036/493 1183/777/496 1182/5267/498
f 1178/4031/492 1180/538/490 1176/537/489
f 1185/3817/3301 1175/3819/488 1180/540/490
f 1142/4032/464 1135/781/702 1134/3796/465
f 1471/2050/1811 1113/2052/461 1139/887/463
f 1094/3782/1814 1104/5268/433 1606/768/690 1095/889/802
f 1470/766/688 1137/5269/469 1136/767/689
f 119/3123/2800 129/5270/63 1468/4028/3420 120/774/696
f 1103/4138/432 1606/768/690 1104/5268/433
f 1469/4030/1813 1098/5271/437 1096/3783/1815
f 125/5272/67 1479/4040/3423 1472/771/693 126/2059/65
f 128/4029/62 1468/4028/3420 129/5270/63
f 123/5273/2802 1482/4041/3424 1479/4040/3423 125/5272/67
f 124/5274/2799 121/4043/698 1482/4041/3424 123/5273/2802
f 1613/1965/1762 3/1964/1761 1/175/169 2/5567/1771
usemtl MUD
f 3267/2060/1816 3213/2061/1817 3210/2062/1818
f 3218/2063/1819 3339/2064/1820 3340/2065/1821
f 3222/2066/1822 3223/2067/1823 3221/2068/1824
f 3221/2068/1824 3224/2069/1825 3222/2066/1822
f 3229/2070/1826 3230/2071/1827 3226/2072/1828
f 3231/2073/1829 3220/2074/1830 3219/2075/1831
f 3238/2076/1832 3239/2077/1833 3240/2078/1834
f 3280/2079/1835 3281/2080/1836 3277/2081/1837
f 3223/2067/1823 3222/2066/1822 3281/2080/1836
f 3222/2082/1822 3282/2083/1838 3237/2084/1839
f 3222/2082/1822 3258/2085/1840 3282/2083/1838
f 3280/2079/1835 3279/2086/1841 3225/2087/1842
f 3243/2088/1843 3224/2089/1825 3288/2090/1844
f 3290/2091/1845 3244/2092/1846 3287/2093/1847
f 3295/2094/1848 3248/2095/1849 3247/2096/1850
f 3307/2097/1851 3308/2098/1852 3306/2099/1853
f 3311/2100/1854 3313/2101/1855 3312/2102/1856
f 3333/2103/1857 3220/2074/1830 3231/2073/1829
f 3338/2104/1858 3339/2064/1820 3337/2105/1859
f 3315/2106/1860 3313/2101/1855 3335/2107/1861
f 3327/2108/1862 3216/2109/1863 3328/2110/1864
f 3211/5275/4153 3212/5276/4154 3267/2060/1816 3210/2062/1818
f 3219/2075/1831 3220/2074/1830 3218/2063/1819 3340/2065/1821
f 3267/2060/1816 3212/5276/4154 3269/5277/4155
f 3214/5278/4156 3215/5279/4157 3216/2109/1863
f 3214/5278/4156 3216/2109/1863 3217/5280/4158
f 3227/5281/4159 3228/5282/4160 3229/2070/1826 3226/2072/1828
f 3221/2068/1824 3223/2067/1823 3225/2087/1842
f 3233/5283/4161 3234/5284/4162 3232/5285/4163 3282/2083/1838
f 3229/2070/1826 3228/5282/4160 3266/5286/4164
f 3231/2073/1829 3219/2075/1831 3296/5287/4165
f 3235/5288/4166 3236/5289/4167 3232/5285/4163 3234/5284/4162
f 3237/2084/1839 3282/2083/1838 3232/5285/4163 3236/5289/4167
f 3224/2089/1825 3243/2088/1843 3242/5290/4168 3241/5291/4169
f 3238/2076/1832 3240/2078/1834 3241/5291/4169
f 3238/2076/1832 3241/5291/4169 3242/5290/4168
f 3245/5292/4170 3242/5290/4168 3243/2088/1843 3244/2092/1846
f 3246/5293/4171 3238/2076/1832 3242/5290/4168 3245/5292/4170
f 3247/2096/1850 3248/2095/1849 3246/5293/4171 3245/5292/4170
f 3250/5294/4172 3246/5293/4171 3248/2095/1849 3249/5295/4173
f 3238/2076/1832 3246/5293/4171 3250/5294/4172 3239/2077/1833
f 3251/5296/4174 3252/5297/4175 3250/5294/4172 3249/5295/4173
f 3239/2077/1833 3250/5294/4172 3252/5297/4175 3253/5298/4176
f 3240/2078/1834 3239/2077/1833 3253/5298/4176 3254/5299/4177
f 3302/5300/4178 3255/5301/4179 3253/5298/4176 3252/5297/4175
f 3256/5302/4180 3254/5299/4177 3253/5298/4176 3255/5301/4179
f 3254/5299/4177 3256/5302/4180 3257/5303/4181 3258/2085/1840
f 3260/5304/4182 3256/5302/4180 3255/5301/4179 3259/5305/4183
f 3233/5283/4161 3257/5303/4181 3256/5302/4180 3260/5304/4182
f 3262/5306/4184 3260/5304/4182 3259/5305/4183 3261/5307/4185
f 3234/5284/4162 3233/5283/4161 3260/5304/4182 3262/5306/4184
f 3265/5308/4186 3263/5309/4187 3262/5306/4184 3261/5307/4185
f 3234/5284/4162 3262/5306/4184 3263/5309/4187 3235/5288/4166
f 3266/5286/4164 3228/5282/4160 3263/5309/4187 3265/5308/4186
f 3235/5288/4166 3263/5309/4187 3228/5282/4160 3227/5281/4159
f 3213/2061/1817 3266/5286/4164 3265/5308/4186 3308/2098/1852
f 3261/5307/4185 3264/5310/4188 3265/5308/4186
f 3267/2060/1816 3268/5311/4189 3266/5286/4164 3213/2061/1817
f 3269/5277/4155 3270/5312/4190 3268/5311/4189 3267/2060/1816
f 3268/5311/4189 3229/2070/1826 3266/5286/4164
f 3229/2070/1826 3268/5311/4189 3270/5312/4190 3230/2071/1827
f 3271/5313/4191 3272/5314/4192 3270/5312/4190 3269/5277/4155
f 3230/2071/1827 3270/5312/4190 3272/5314/4192 3273/5315/4193
f 3226/2072/1828 3230/2071/1827 3273/5315/4193 3274/5316/4194
f 3275/5317/4195 3276/5318/4196 3273/5315/4193 3272/5314/4192
f 3274/5316/4194 3273/5315/4193 3276/5318/4196 3277/2081/1837
f 3278/5319/4197 3274/5316/4194 3277/2081/1837 3281/2080/1836
f 3279/2086/1841 3280/2079/1835 3277/2081/1837 3276/5318/4196
f 3223/2067/1823 3281/2080/1836 3280/2079/1835 3225/2087/1842
f 3281/2080/1836 3222/2066/1822 3237/5320/1839
f 3285/5321/4198 3286/5322/4199 3279/2086/1841 3284/5323/4200
f 3258/2085/1840 3222/2082/1822 3241/5291/4169
f 3258/2085/1840 3257/5303/4181 3282/2083/1838
f 3222/2082/1822 3224/2089/1825 3241/5291/4169
f 3257/5303/4181 3233/5283/4161 3282/2083/1838
f 3279/2086/1841 3283/5324/4201 3284/5323/4200
f 3221/2068/1824 3225/2087/1842 3279/2086/1841 3286/5322/4199
f 3287/5325/1847 3288/5326/1844 3286/5322/4199 3285/5321/4198
f 3221/2068/1824 3286/5322/4199 3288/5326/1844 3224/2069/1825
f 3244/2092/1846 3243/2088/1843 3288/2090/1844 3287/2093/1847
f 3289/5327/4202 3290/5328/1845 3287/5325/1847 3285/5321/4198
f 3247/2096/1850 3290/2091/1845 3292/5329/4203 3295/2094/1848
f 3290/2091/1845 3291/5330/4204 3292/5329/4203
f 3244/2092/1846 3290/2091/1845 3247/2096/1850 3245/5292/4170
f 3294/5331/4205 3295/2094/1848 3292/5329/4203 3293/5332/4206
f 3297/5333/4207 3295/2094/1848 3294/5331/4205 3296/5287/4165
f 3249/5295/4173 3248/2095/1849 3295/2094/1848 3297/5333/4207
f 3299/5334/4208 3297/5333/4207 3296/5287/4165 3298/5335/4209
f 3251/5296/4174 3249/5295/4173 3297/5333/4207 3299/5334/4208
f 3301/5336/4210 3299/5334/4208 3298/5335/4209 3300/5337/4211
f 3302/5300/4178 3251/5296/4174 3299/5334/4208 3301/5336/4210
f 3304/5338/4212 3302/5300/4178 3301/5336/4210 3303/5339/4213
f 3302/5300/4178 3252/5297/4175 3251/5296/4174
f 3302/5300/4178 3305/5340/4214 3259/5305/4183 3255/5301/4179
f 3304/5338/4212 3305/5340/4214 3302/5300/4178
f 3306/2099/1853 3264/5310/4188 3305/5340/4214 3304/5338/4212
f 3259/5305/4183 3305/5340/4214 3264/5310/4188 3261/5307/4185
f 3303/5339/4213 3307/2097/1851 3306/2099/1853 3304/5338/4212
f 3264/5310/4188 3306/2099/1853 3308/2098/1852 3265/5308/4186
f 3309/5341/4215 3310/5342/4216 3308/2098/1852 3307/2097/1851
f 3210/2062/1818 3213/2061/1817 3308/2098/1852 3310/5342/4216
f 3311/2100/1854 3312/2102/1856 3310/5342/4216 3309/5341/4215
f 3210/2062/1818 3310/5342/4216 3312/2102/1856 3211/5275/4153
f 3314/5343/4217 3211/5275/4153 3312/2102/1856 3313/2101/1855
f 3317/5344/4218 3314/5343/4217 3315/2106/1860 3316/5345/4219
f 3314/5343/4217 3313/2101/1855 3315/2106/1860
f 3212/5276/4154 3211/5275/4153 3314/5343/4217 3317/5344/4218
f 3269/5277/4155 3212/5276/4154 3317/5344/4218 3318/5346/4220
f 3318/5346/4220 3317/5344/4218 3316/5345/4219 3319/5347/4221
f 3271/5313/4191 3318/5346/4220 3319/5347/4221 3320/5348/4222
f 3321/5349/4223 3322/5350/4224 3319/5347/4221 3316/5345/4219
f 3320/5348/4222 3319/5347/4221 3322/5350/4224 3323/5351/4225
f 3275/5317/4195 3320/5348/4222 3323/5351/4225 3283/5324/4201
f 3324/5352/4226 3325/5353/4227 3323/5351/4225 3322/5350/4224
f 3283/5324/4201 3323/5351/4225 3325/5353/4227 3284/5323/4200
f 3326/5354/4228 3289/5327/4202 3325/5353/4227 3324/5352/4226
f 3285/5321/4198 3284/5323/4200 3325/5353/4227 3289/5327/4202
f 3328/2110/1864 3326/5354/4228 3324/5352/4226 3327/2108/1862
f 3329/5355/4229 3291/5356/4204 3326/5354/4228 3328/2110/1864
f 3289/5327/4202 3326/5354/4228 3291/5356/4204 3290/5328/1845
f 3330/5357/4230 3329/5355/4229 3328/2110/1864 3216/2109/1863
f 3293/5332/4206 3329/5358/4229 3330/5359/4230 3331/5360/4231
f 3291/5330/4204 3329/5358/4229 3293/5332/4206 3292/5329/4203
f 3332/5361/4232 3333/2103/1857 3331/5362/4231 3330/5357/4230
f 3293/5332/4206 3331/5360/4231 3231/2073/1829 3294/5331/4205
f 3331/5362/4231 3333/2103/1857 3231/2073/1829
f 3220/2074/1830 3333/2103/1857 3332/5361/4232 3334/5363/4233
f 3215/5279/4157 3214/5278/4156 3334/5363/4233 3332/5361/4232
f 3336/5364/4234 3334/5363/4233 3214/5278/4156 3335/2107/1861
f 3218/2063/1819 3220/2074/1830 3334/5363/4233 3336/5364/4234
f 3218/2063/1819 3336/5364/4234 3337/2105/1859 3339/2064/1820
f 3337/2105/1859 3336/5364/4234 3335/2107/1861 3313/2101/1855
f 3311/2100/1854 3338/2104/1858 3337/2105/1859 3313/2101/1855
f 3340/2065/1821 3339/2064/1820 3300/5337/4211 3298/5335/4209
f 3341/5365/4235 3300/5337/4211 3339/2064/1820 3338/2104/1858
f 3300/5337/4211 3341/5365/4235 3303/5339/4213 3301/5336/4210
f 3309/5341/4215 3341/5365/4235 3338/2104/1858 3311/2100/1854
f 3307/2097/1851 3303/5339/4213 3341/5365/4235 3309/5341/4215
f 3315/2106/1860 3335/2107/1861 3214/5278/4156 3217/5280/4158
f 3340/2065/1821 3298/5335/4209 3296/5287/4165
f 3296/5287/4165 3219/2075/1831 3340/2065/1821
f 3215/5279/4157 3332/5361/4232 3330/5357/4230 3216/2109/1863
f 3321/5349/4223 3327/2108/1862 3324/5352/4226 3322/5350/4224
f 3216/2109/1863 3327/2108/1862 3321/5349/4223 3217/5280/4158
f 3217/5280/4158 3321/5349/4223 3316/5345/4219 3315/2106/1860
f 3272/5314/4192 3271/5313/4191 3320/5348/4222 3275/5317/4195
f 3276/5318/4196 3275/5317/4195 3283/5324/4201 3279/2086/1841
f 3318/5346/4220 3271/5313/4191 3269/5277/4155
f 3294/5331/4205 3231/2073/1829 3296/5287/4165
f 3227/5281/4159 3278/5319/4197 3236/5289/4167 3235/5288/4166
f 3226/2072/1828 3274/5316/4194 3278/5319/4197 3227/5281/4159
f 3236/5289/4167 3278/5319/4197 3281/2080/1836 3237/5320/1839
f 3240/2078/1834 3254/5299/4177 3258/2085/1840 3241/5291/4169
usemtl MOUTH
f 3344/2111/1865 3342/2112/1866 3343/2113/1867
f 3348/2114/1868 3380/2115/1869 3349/2116/1870
f 3349/2116/1870 3352/2117/1871 3351/2118/1872
f 3360/2119/1873 3362/2120/1874 3361/2121/1875
f 3367/2122/1876 3369/2123/1877 3368/2124/1878
f 3376/2125/1879 3375/2126/1880 3378/2127/1881
f 3377/2128/1882 3350/2129/1883 3378/2127/1881
f 3380/2115/1869 3348/2114/1868 3377/2128/1882
f 3382/2130/1884 3343/2113/1867 3349/2116/1870
f 3382/2130/1884 3349/2116/1870 3380/2115/1869
f 3344/2111/1865 3343/2113/1867 3382/2130/1884
f 3381/2131/1885 3404/2132/1886 3383/2133/1887
f 3386/2134/1888 3357/2135/1889 3355/2136/1890
f 3385/2137/1891 3387/2138/1892 3386/2134/1888
f 3389/2139/1893 3391/2140/1894 3359/2141/1895
f 3346/2142/1896 3360/2119/1873 3391/2140/1894
f 3346/2142/1896 3347/2143/1897 3360/2119/1873
f 3398/2144/1898 3397/2145/1899 3399/2146/1900
f 3401/2147/1901 3372/2148/1902 3399/2146/1900
f 3379/2149/1903 3375/2126/1880 3403/2150/1904
f 3379/2149/1903 3377/2128/1882 3375/2126/1880
f 3402/2151/1905 3405/2152/1906 3404/2132/1886
f 3405/2152/1906 3402/2151/1905 3406/2153/1907
f 3400/2154/1908 3367/2122/1876 3407/2155/1909
f 3362/2120/1874 3418/2156/1910 3361/2121/1875
f 3364/2157/1911 3412/2158/1912 3347/2143/1897
f 3364/2157/1911 3419/2159/1913 3412/2158/1912
f 3368/2124/1878 3369/2123/1877 3420/2160/1914
f 3374/2161/1915 3422/2162/1916 3421/2163/1917
f 3378/2127/1881 3425/2164/1918 3424/2165/1919
f 3350/2129/1883 3425/2164/1918 3378/2127/1881
f 3414/2166/1920 3413/2167/1921 3425/2164/1918
f 3428/2168/1922 3426/2169/1923 3413/2167/1921
f 3413/2167/1921 3427/2170/1924 3428/2168/1922
f 3410/2171/1925 3409/2172/1926 3427/2170/1924
f 3411/2173/1927 3429/2174/1928 3428/2168/1922
f 3411/2173/1927 3431/2175/1929 3433/2176/1930
f 3432/2177/1931 3433/2176/1930 3431/2175/1929
f 3431/2175/1929 3416/2178/1932 3432/2177/1931
f 3435/2179/1933 3436/2180/1934 3434/2181/1935
f 3434/2181/1935 3417/2182/1936 3435/2179/1933
f 3418/2156/1910 3438/2183/1937 3435/2179/1933
f 3442/2184/1938 3444/2185/1939 3447/2186/1940
f 3444/2185/1939 3445/2187/1941 3446/2188/1942
f 3446/2188/1942 3448/2189/1943 3444/2185/1939
f 3421/2163/1917 3422/2162/1916 3446/2188/1942
f 3423/2190/1944 3424/2165/1919 3449/2191/1945
f 3424/2165/1919 3426/2169/1923 3450/2192/1946
f 3424/2165/1919 3425/2164/1918 3426/2169/1923
f 3451/2193/1947 3436/2180/1934 3447/2186/1940
f 3445/2187/1941 3370/2194/1948 3421/2163/1917
f 3421/2163/1917 3446/2188/1942 3445/2187/1941
f 3445/2187/1941 3369/2123/1877 3370/2194/1948
f 3441/2195/1949 3420/2160/1914 3443/2196/1950
f 3455/2197/1951 3452/2198/1952 3533/2199/1953
f 3456/2200/1954 3514/2201/1955 3455/2197/1951
f 3459/2202/1956 3460/2203/1957 3592/2204/1958
f 3462/2205/1959 3463/2206/1960 3461/2207/1961
f 3461/2207/1961 3465/2208/1962 3490/2209/1963
f 3490/2209/1963 3467/2210/1964 3461/2207/1961
f 3454/2211/1965 3468/2212/1966 3469/2213/1967
f 3475/2214/1968 3483/2215/1969 3484/2216/1970
f 3484/2216/1970 3485/2217/1971 3475/2214/1968
f 3488/2218/1972 3491/2219/1973 3476/2220/1974
f 3490/2209/1963 3492/2221/1975 3491/2219/1973
f 3492/2221/1975 3493/2222/1976 3494/2223/1977
f 3492/2221/1975 3494/2223/1977 3477/2224/1978
f 3496/2225/1979 3479/2226/1980 3494/2223/1977
f 3496/2225/1979 3521/2227/1981 3497/2228/1982
f 3506/2229/1983 3508/2230/1984 3507/2231/1985
f 3510/2232/1986 3509/2233/1987 3508/2230/1984
f 3512/2234/1988 3513/2235/1989 3510/2232/1986
f 3516/2236/1990 3519/2237/1991 3517/2238/1992
f 3519/2237/1991 3521/2227/1981 3518/2239/1993
f 3520/2240/1994 3518/2239/1993 3521/2227/1981
f 3521/2227/1981 3495/2241/1995 3520/2240/1994
f 3521/2227/1981 3496/2225/1979 3495/2241/1995
f 3516/2236/1990 3515/2242/1996 3522/2243/1997
f 3515/2242/1996 3525/2244/1998 3523/2245/1999
f 3523/2245/1999 3524/2246/2000 3515/2242/1996
f 3520/2240/1994 3464/2247/2001 3526/2248/2002
f 3526/2248/2002 3518/2239/1993 3520/2240/1994
f 3527/2249/2003 3463/2206/1960 3468/2212/1966
f 3514/2201/1955 3456/2200/1954 3513/2250/1989
f 3510/2232/1986 3456/2251/1954 3509/2233/1987
f 3473/2252/2004 3529/2253/2005 3498/2254/2006
f 3498/2254/2006 3497/2228/1982 3473/2252/2004
f 3492/2221/1975 3490/2209/1963 3465/2208/1962
f 3468/2212/1966 3531/2255/2007 3469/2213/1967
f 3463/2206/1960 3462/2205/1959 3531/2255/2007
f 3457/2256/2008 3462/2205/1959 3466/2257/2009
f 3532/2258/2010 3535/2259/2011 3590/2260/2012
f 3546/2261/2013 3547/2262/2014 3542/2263/2015
f 3545/2264/2016 3549/2265/2017 3544/2266/2018
f 3557/2267/2019 3560/2268/2020 3558/2269/2021
f 3556/2270/2022 3561/2271/2023 3557/2267/2019
f 3556/2270/2022 3562/2272/2024 3561/2271/2023
f 3559/2273/2025 3482/2274/2026 3563/2275/2027
f 3559/2273/2025 3558/2269/2021 3484/2216/1970
f 3486/2276/2028 3560/2268/2020 3565/2277/2029
f 3565/2277/2029 3487/2278/2030 3486/2276/2028
f 3569/2279/2031 3587/2280/2032 3568/2281/2033
f 3569/2279/2031 3562/2272/2024 3570/2282/2034
f 3501/2283/2035 3571/2284/2036 3564/2285/2037
f 3572/2286/2038 3573/2287/2039 3574/2288/2040
f 3505/2289/2041 3580/2290/2042 3577/2291/2043
f 3506/2229/1983 3580/2290/2042 3505/2289/2041
f 3506/2229/1983 3578/2292/2044 3580/2290/2042
f 3579/2293/2045 3578/2292/2044 3550/2294/2046
f 3579/2293/2045 3580/2290/2042 3578/2292/2044
f 3587/2280/2032 3585/2295/2047 3583/2296/2048
f 3575/2297/2049 3576/2298/2050 3588/2299/2051
f 3583/2296/2048 3589/2300/2052 3586/2301/2053
f 3589/2300/2052 3543/2302/2054 3544/2266/2018
f 3590/2260/2012 3548/2303/2055 3589/2300/2052
f 3583/2296/2048 3536/2304/2056 3590/2260/2012
f 3570/2282/2034 3555/2305/2057 3569/2279/2031
f 3549/2265/2017 3545/2264/2016 3567/2306/2058
f 3566/2307/2059 3547/2262/2014 3565/2277/2029
f 3565/2277/2029 3547/2262/2014 3487/2278/2030
f 3530/2308/2060 3547/2262/2014 3546/2261/2013
f 3458/2309/2061 3546/2261/2013 3539/2310/2062
f 3540/2311/2063 3543/2302/2054 3591/2312/2064
f 3533/2313/1953 3452/2198/1952 3534/2314/2065
f 3539/2310/2062 3460/2203/1957 3459/2202/1956
f 3560/2268/2020 3486/2276/2028 3485/2217/1971
f 3484/2216/1970 3560/2268/2020 3485/2217/1971
f 3571/2284/2036 3501/2283/2035 3500/2315/2066
f 3572/2286/2038 3571/2284/2036 3500/2315/2066
f 3503/2316/2067 3575/2297/2049 3573/2287/2039
f 3505/2289/2041 3576/2298/2050 3504/2317/2068
f 3506/2229/1983 3507/2231/1985 3578/2292/2044
f 3533/2318/1953 3551/2319/2069 3470/2320/2070
f 3483/2215/1969 3475/2214/1968 3474/2321/2071
f 3528/2322/2072 3524/2246/2000 3503/2316/2067
f 3508/2230/1984 3509/2233/1987 3470/2320/2070
f 3521/2227/1981 3519/2237/1991 3472/2323/2073
f 3529/2253/2005 3473/2252/2004 3502/2324/2074
f 3554/2325/2075 3584/2326/2076 3587/2280/2032
f 3587/2280/2032 3584/2326/2076 3585/2295/2047
f 3582/2327/2077 3585/2295/2047 3584/2326/2076
f 3534/2314/2065 3541/2328/2078 3591/2312/2064
f 3539/2310/2062 3540/2311/2063 3541/2328/2078
f 3514/2201/1955 3453/2329/2079 3455/2197/1951
f 3353/5366/4236 3352/2117/1871 3349/2116/1870 3343/2113/1867
f 3348/2114/1868 3349/2116/1870 3351/2118/1872
f 3354/5367/4237 3353/5366/4236 3343/2113/1867 3342/2112/1866
f 3356/5368/4238 3354/5367/4237 3342/2112/1866 3355/2136/1890
f 3358/5369/4239 3356/5368/4238 3355/2136/1890 3357/2135/1889
f 3361/2121/1875 3358/5369/4239 3357/2135/1889 3359/2141/1895
f 3365/5370/4240 3368/2124/1878 3364/5371/1911 3363/5372/4241
f 3359/2141/1895 3391/2140/1894 3361/2121/1875
f 3391/2140/1894 3360/2119/1873 3361/2121/1875
f 3360/2119/1873 3347/2143/1897 3362/2120/1874
f 3364/2157/1911 3347/2143/1897 3363/5373/4241
f 3400/2154/1908 3371/5374/4242 3370/2194/1948 3367/2122/1876
f 3368/2124/1878 3365/5370/4240 3366/5375/4243
f 3368/2124/1878 3366/5375/4243 3367/2122/1876
f 3369/2123/1877 3367/2122/1876 3370/2194/1948
f 3372/2148/1902 3374/2161/1915 3371/5374/4242 3400/2154/1908
f 3375/2126/1880 3376/2125/1879 3374/2161/1915 3373/5376/4244
f 3374/2161/1915 3372/2148/1902 3373/5376/4244
f 3381/2131/1885 3380/2115/1869 3379/2149/1903 3404/2132/1886
f 3378/2127/1881 3375/2126/1880 3377/2128/1882
f 3377/2128/1882 3348/2114/1868 3350/2129/1883
f 3377/2128/1882 3379/2149/1903 3380/2115/1869
f 3344/2111/1865 3382/2130/1884 3381/2131/1885 3345/5377/4245
f 3380/2115/1869 3381/2131/1885 3382/2130/1884
f 3345/5377/4245 3381/2131/1885 3383/2133/1887 3384/5378/4246
f 3385/2137/1891 3384/5378/4246 3383/2133/1887 3405/2152/1906
f 3345/5377/4245 3384/5378/4246 3386/2134/1888 3344/2111/1865
f 3384/5378/4246 3385/2137/1891 3386/2134/1888
f 3344/2111/1865 3386/2134/1888 3355/2136/1890 3342/2112/1866
f 3388/5379/4247 3389/2139/1893 3387/2138/1892 3385/2137/1891
f 3386/2134/1888 3387/2138/1892 3357/2135/1889
f 3359/2141/1895 3357/2135/1889 3387/2138/1892 3389/2139/1893
f 3391/2140/1894 3389/2139/1893 3388/5379/4247 3390/5380/4248
f 3346/2142/1896 3391/2140/1894 3390/5380/4248 3392/5381/4249
f 3363/5372/4241 3393/5382/4250 3394/5383/4251 3365/5370/4240
f 3392/5381/4249 3393/5384/4250 3346/2142/1896
f 3347/2143/1897 3346/2142/1896 3393/5384/4250 3363/5373/4241
f 3395/5385/4252 3394/5383/4251 3393/5382/4250 3392/5386/4249
f 3394/5383/4251 3395/5385/4252 3398/2144/1898 3396/5387/4253
f 3397/2145/1899 3395/5385/4252 3392/5386/4249 3390/5380/4248
f 3402/2151/1905 3403/2150/1904 3401/2147/1901 3399/2146/1900
f 3395/5385/4252 3397/2145/1899 3398/2144/1898
f 3398/2144/1898 3399/2146/1900 3400/2154/1908
f 3372/2148/1902 3401/2147/1901 3403/2150/1904 3373/5376/4244
f 3404/2132/1886 3379/2149/1903 3403/2150/1904 3402/2151/1905
f 3403/2150/1904 3375/2126/1880 3373/5376/4244
f 3388/5379/4247 3385/2137/1891 3405/2152/1906 3406/2153/1907
f 3404/2132/1886 3405/2152/1906 3383/2133/1887
f 3399/2146/1900 3397/2145/1899 3406/2153/1907 3402/2151/1905
f 3390/5380/4248 3388/5379/4247 3406/2153/1907 3397/2145/1899
f 3398/2144/1898 3400/2154/1908 3407/2155/1909 3396/5387/4253
f 3396/5387/4253 3407/2155/1909 3367/2122/1876 3366/5375/4243
f 3399/2146/1900 3372/2148/1902 3400/2154/1908
f 3394/5383/4251 3396/5387/4253 3366/5375/4243 3365/5370/4240
f 3410/2171/1925 3353/5366/4236 3354/5367/4237 3408/5388/4254
f 3409/2172/1926 3410/2171/1925 3408/5388/4254
f 3414/2166/1920 3351/2118/1872 3413/2167/1921
f 3414/2166/1920 3350/2129/1883 3348/2114/1868
f 3414/2166/1920 3348/2114/1868 3351/2118/1872
f 3353/5366/4236 3410/2171/1925 3352/2117/1871
f 3408/5388/4254 3354/5367/4237 3356/5368/4238 3415/5389/4255
f 3415/5389/4255 3356/5368/4238 3358/5369/4239 3416/2178/1932
f 3416/2178/1932 3358/5369/4239 3361/2121/1875 3417/2182/1936
f 3420/2160/1914 3419/5390/1913 3364/5371/1911 3368/2124/1878
f 3361/2121/1875 3418/2156/1910 3417/2182/1936
f 3362/2120/1874 3412/2158/1912 3418/2156/1910
f 3362/2120/1874 3347/2143/1897 3412/2158/1912
f 3423/2190/1944 3422/2162/1916 3374/2161/1915 3376/2125/1879
f 3370/2194/1948 3371/5374/4242 3421/2163/1917
f 3371/5374/4242 3374/2161/1915 3421/2163/1917
f 3424/2165/1919 3423/2190/1944 3376/2125/1879 3378/2127/1881
f 3351/2118/1872 3352/2117/1871 3427/2170/1924 3413/2167/1921
f 3350/2129/1883 3414/2166/1920 3425/2164/1918
f 3413/2167/1921 3426/2169/1923 3425/2164/1918
f 3427/2170/1924 3352/2117/1871 3410/2171/1925
f 3428/2168/1922 3427/2170/1924 3409/2172/1926 3411/2173/1927
f 3429/2174/1928 3411/2173/1927 3433/2176/1930 3430/5391/4256
f 3428/2168/1922 3429/2174/1928 3426/2169/1923
f 3415/5389/4255 3431/2175/1929 3409/2172/1926 3408/5388/4254
f 3411/2173/1927 3409/2172/1926 3431/2175/1929
f 3431/2175/1929 3415/5389/4255 3416/2178/1932
f 3436/2180/1934 3433/2176/1930 3432/2177/1931 3434/2181/1935
f 3417/2182/1936 3434/2181/1935 3432/2177/1931 3416/2178/1932
f 3437/5392/4257 3435/2179/1933 3438/2183/1937 3439/5393/4258
f 3435/2179/1933 3437/5392/4257 3436/2180/1934
f 3435/2179/1933 3417/2182/1936 3418/2156/1910
f 3441/2195/1949 3440/5394/4259 3419/5390/1913 3420/2160/1914
f 3438/2183/1937 3440/5395/4259 3439/5393/4258
f 3438/2183/1937 3418/2156/1910 3412/2158/1912
f 3412/2158/1912 3419/2159/1913 3440/5395/4259 3438/2183/1937
f 3442/2184/1938 3439/5396/4258 3440/5394/4259 3441/2195/1949
f 3444/2185/1939 3442/2184/1938 3441/2195/1949 3443/2196/1950
f 3439/5396/4258 3442/2184/1938 3447/2186/1940 3437/5392/4257
f 3450/2192/1946 3448/2189/1943 3422/2162/1916 3449/2191/1945
f 3444/2185/1939 3448/2189/1943 3447/2186/1940
f 3446/2188/1942 3422/2162/1916 3448/2189/1943
f 3429/2174/1928 3430/5391/4256 3450/2192/1946 3426/2169/1923
f 3422/2162/1916 3423/2190/1944 3449/2191/1945
f 3449/2191/1945 3424/2165/1919 3450/2192/1946
f 3448/2189/1943 3450/2192/1946 3430/5391/4256 3451/2193/1947
f 3436/2180/1934 3451/2193/1947 3430/5391/4256 3433/2176/1930
f 3369/2123/1877 3445/2187/1941 3443/2196/1950 3420/2160/1914
f 3451/2193/1947 3447/2186/1940 3448/2189/1943
f 3447/2186/1940 3436/2180/1934 3437/5392/4257
f 3444/2185/1939 3443/2196/1950 3445/2187/1941
f 3465/2208/1962 3461/2207/1961 3463/2206/1960 3464/2247/2001
f 3453/2329/2079 3454/2211/1965 3469/2213/1967
f 3459/2202/1956 3457/2256/2008 3458/2309/2061
f 3466/2257/2009 3462/2205/1959 3461/2207/1961 3467/2210/1964
f 3477/2224/1978 3478/5397/4260 3474/2321/2071 3475/2214/1968
f 3471/5398/4261 3473/2252/2004 3472/2323/2073
f 3476/2220/1974 3491/2219/1973 3477/2224/1978 3475/2214/1968
f 3499/5399/4262 3480/5400/4263 3478/5397/4260 3479/2226/1980
f 3478/5397/4260 3477/2224/1978 3479/2226/1980
f 3491/2219/1973 3488/2218/1972 3489/5401/4264 3490/2209/1963
f 3480/5400/4263 3474/2321/2071 3478/5397/4260
f 3479/2226/1980 3496/2225/1979 3497/2228/1982 3498/2254/2006
f 3492/2221/1975 3477/2224/1978 3491/2219/1973
f 3494/2223/1977 3495/2241/1995 3496/2225/1979
f 3494/2223/1977 3479/2226/1980 3477/2224/1978
f 3499/5399/4262 3479/2226/1980 3498/2254/2006 3529/2253/2005
f 3528/2322/2072 3503/2316/2067 3572/2286/2038 3502/2324/2074
f 3500/2315/2066 3529/2253/2005 3572/2286/2038
f 3505/2289/2041 3504/2317/2068 3523/2245/1999 3525/2244/1998
f 3503/2316/2067 3523/2245/1999 3504/2317/2068
f 3506/2229/1983 3505/2289/2041 3525/2244/1998 3511/5402/4265
f 3511/5402/4265 3512/2234/1988 3510/2232/1986 3508/2230/1984
f 3511/5402/4265 3508/2230/1984 3506/2229/1983
f 3507/2231/1985 3508/2230/1984 3470/2320/2070
f 3510/2232/1986 3513/2235/1989 3456/2251/1954
f 3516/2236/1990 3513/2235/1989 3512/2234/1988 3515/2242/1996
f 3517/2238/1992 3514/5403/1955 3513/2235/1989
f 3516/2236/1990 3522/2243/1997 3472/2323/2073 3519/2237/1991
f 3513/2235/1989 3516/2236/1990 3517/2238/1992
f 3517/2238/1992 3519/2237/1991 3518/2239/1993
f 3471/5398/4261 3522/2243/1997 3515/2242/1996 3524/2246/2000
f 3472/2323/2073 3522/2243/1997 3471/5398/4261
f 3463/2206/1960 3527/2249/2003 3526/2248/2002 3464/2247/2001
f 3520/2240/1994 3493/2222/1976 3464/2247/2001
f 3518/2239/1993 3526/2248/2002 3527/2249/2003 3454/2211/1965
f 3518/2239/1993 3454/2211/1965 3514/5403/1955 3517/2238/1992
f 3454/2211/1965 3527/2249/2003 3468/2212/1966
f 3454/2211/1965 3453/2329/2079 3514/2201/1955
f 3493/2222/1976 3520/2240/1994 3495/2241/1995 3494/2223/1977
f 3511/5402/4265 3525/2244/1998 3515/2242/1996 3512/2234/1988
f 3471/5398/4261 3528/2322/2072 3502/2324/2074 3473/2252/2004
f 3528/2322/2072 3471/5398/4261 3524/2246/2000
f 3465/2208/1962 3464/2247/2001 3493/2222/1976 3492/2221/1975
f 3538/5404/4266 3532/2258/2010 3536/5405/2056 3537/5406/4267
f 3490/2209/1963 3489/5401/4264 3467/2210/1964
f 3468/2212/1966 3463/2206/1960 3531/2255/2007
f 3452/2198/1952 3592/2204/1958 3460/2203/1957
f 3532/2258/2010 3533/2313/1953 3534/2314/2065
f 3543/2302/2054 3542/2263/2015 3545/2264/2016 3544/2266/2018
f 3539/2310/2062 3541/2328/2078 3460/2203/1957
f 3559/2273/2025 3556/2270/2022 3557/2267/2019 3558/2269/2021
f 3542/2263/2015 3547/2262/2014 3545/2264/2016
f 3542/2263/2015 3543/2302/2054 3546/2261/2013
f 3535/2259/2011 3548/2303/2055 3590/2260/2012
f 3535/2259/2011 3532/2258/2010 3534/2314/2065
f 3552/5407/4268 3575/2297/2049 3553/5408/4269
f 3552/5407/4268 3553/5408/4269 3554/2325/2075
f 3552/5407/4268 3554/2325/2075 3555/2305/2057
f 3564/2285/2037 3562/2272/2024 3556/2270/2022 3563/2275/2027
f 3481/5409/4270 3564/2285/2037 3563/2275/2027 3482/2274/2026
f 3556/2270/2022 3559/2273/2025 3563/2275/2027
f 3557/2267/2019 3566/2307/2059 3565/2277/2029 3560/2268/2020
f 3560/2268/2020 3484/2216/1970 3558/2269/2021
f 3567/2306/2058 3566/2307/2059 3557/2267/2019 3561/2271/2023
f 3568/2281/2033 3561/2271/2023 3562/2272/2024 3569/2279/2031
f 3567/2306/2058 3561/2271/2023 3549/2265/2017
f 3580/2290/2042 3579/2293/2045 3537/5410/4267 3581/5411/4271
f 3564/2285/2037 3571/2284/2036 3570/2282/2034
f 3570/2282/2034 3562/2272/2024 3564/2285/2037
f 3564/2285/2037 3481/5409/4270 3501/2283/2035
f 3571/2284/2036 3572/2286/2038 3574/2288/2040
f 3505/2289/2041 3577/2291/2043 3576/2298/2050
f 3578/2292/2044 3507/2231/1985 3550/2294/2046
f 3550/2294/2046 3551/2319/2069 3579/2293/2045
f 3582/2327/2077 3581/5411/4271 3537/5410/4267 3536/2304/2056
f 3581/5411/4271 3582/2327/2077 3584/2326/2076 3553/5408/4269
f 3581/5411/4271 3588/2299/2051 3580/2290/2042
f 3568/2281/2033 3587/2280/2032 3583/2296/2048 3586/2301/2053
f 3544/2266/2018 3549/2265/2017 3586/2301/2053 3589/2300/2052
f 3584/2326/2076 3554/2325/2075 3553/5408/4269
f 3553/5408/4269 3575/2297/2049 3588/2299/2051
f 3588/2299/2051 3576/2298/2050 3577/2291/2043
f 3588/2299/2051 3581/5411/4271 3553/5408/4269
f 3577/2291/2043 3580/2290/2042 3588/2299/2051
f 3568/2281/2033 3586/2301/2053 3549/2265/2017 3561/2271/2023
f 3583/2296/2048 3590/2260/2012 3589/2300/2052
f 3536/5405/2056 3532/2258/2010 3590/2260/2012
f 3589/2300/2052 3548/2303/2055 3543/2302/2054
f 3538/5412/4266 3537/5410/4267 3579/2293/2045 3551/2319/2069
f 3574/2288/2040 3573/2287/2039 3552/5407/4268 3555/2305/2057
f 3575/2297/2049 3552/5407/4268 3573/2287/2039
f 3571/2284/2036 3574/2288/2040 3555/2305/2057 3570/2282/2034
f 3554/2325/2075 3587/2280/2032 3569/2279/2031 3555/2305/2057
f 3547/2262/2014 3566/2307/2059 3567/2306/2058 3545/2264/2016
f 3548/2303/2055 3535/2259/2011 3591/2312/2064 3543/2302/2054
f 3458/2309/2061 3530/2308/2060 3546/2261/2013
f 3533/2318/1953 3538/5412/4266 3551/2319/2069
f 3535/2259/2011 3534/2314/2065 3591/2312/2064
f 3539/2310/2062 3546/2261/2013 3543/2302/2054 3540/2311/2063
f 3460/2203/1957 3541/2328/2078 3534/2314/2065 3452/2198/1952
f 3533/2313/1953 3532/2258/2010 3538/5404/4266
f 3575/2297/2049 3503/2316/2067 3504/2317/2068 3576/2298/2050
f 3458/2309/2061 3539/2310/2062 3459/2202/1956
f 3487/2278/2030 3547/2262/2014 3530/2308/2060
f 3483/2215/1969 3559/2273/2025 3484/2216/1970
f 3559/2273/2025 3483/2215/1969 3482/2274/2026
f 3572/2286/2038 3503/2316/2067 3573/2287/2039
f 3467/2210/1964 3530/2308/2060 3458/2309/2061 3466/2257/2009
f 3507/2231/1985 3470/2320/2070 3550/2294/2046
f 3551/2319/2069 3550/2294/2046 3470/2320/2070
f 3457/2256/2008 3459/2202/1956 3592/2204/1958
f 3458/2309/2061 3457/2256/2008 3466/2257/2009
f 3530/2308/2060 3467/2210/1964 3489/5401/4264 3487/2278/2030
f 3487/2278/2030 3489/5401/4264 3488/2218/1972 3486/2276/2028
f 3476/2220/1974 3485/2217/1971 3486/2276/2028 3488/2218/1972
f 3474/2321/2071 3480/5400/4263 3482/2274/2026 3483/2215/1969
f 3485/2217/1971 3476/2220/1974 3475/2214/1968
f 3481/5409/4270 3482/2274/2026 3480/5400/4263 3499/5399/4262
f 3501/2283/2035 3499/5399/4262 3529/2253/2005 3500/2315/2066
f 3501/2283/2035 3481/5409/4270 3499/5399/4262
f 3509/2233/1987 3456/2251/1954 3533/2318/1953 3470/2320/2070
f 3523/2245/1999 3503/2316/2067 3524/2246/2000
f 3472/2323/2073 3473/2252/2004 3497/2228/1982 3521/2227/1981
f 3455/2197/1951 3533/2199/1953 3456/2200/1954
f 3592/2204/1958 3452/2198/1952 3469/2213/1967 3531/2255/2007
f 3572/2286/2038 3529/2253/2005 3502/2324/2074
f 3582/2327/2077 3583/2296/2048 3585/2295/2047
f 3536/2304/2056 3583/2296/2048 3582/2327/2077
f 3541/2328/2078 3540/2311/2063 3591/2312/2064
f 3457/2256/2008 3592/2204/1958 3462/2205/1959
f 3531/2255/2007 3462/2205/1959 3592/2204/1958
f 3452/2198/1952 3455/2197/1951 3453/2329/2079 3469/2213/1967
usemtl TONGUE
f 3608/2330/2080 3607/2331/2081 3610/2332/2082
f 3609/2333/2083 3612/2334/2084 3610/2332/2082
f 3611/2335/2085 3613/2336/2086 3612/2334/2084
f 3616/2337/2087 3704/2338/2088 3617/2339/2089
f 3616/2340/2087 3618/2341/2090 3620/2342/2091
f 3620/2343/2091 3619/2344/2092 3621/2345/2093
f 3619/2344/2092 3623/2346/2094 3621/2345/2093
f 3625/2347/2095 3624/2348/2096 3626/2349/2097
f 3634/2350/2098 3633/2351/2099 3635/2352/2100
f 3646/2353/2101 3648/2354/2102 3647/2355/2103
f 3657/2356/2104 3656/2357/2105 3659/2358/2106
f 3659/2358/2106 3607/2331/2081 3657/2356/2104
f 3659/2358/2106 3609/2333/2083 3607/2331/2081
f 3658/2359/2107 3661/2360/2108 3659/2358/2106
f 3661/2360/2108 3611/2335/2085 3609/2333/2083
f 3618/2341/2090 3615/2361/2109 3661/2360/2108
f 3615/2361/2109 3613/2336/2086 3611/2335/2085
f 3618/2341/2090 3616/2340/2087 3615/2361/2109
f 3660/2362/2110 3619/2344/2092 3618/2341/2090
f 3658/2359/2107 3622/2363/2111 3619/2344/2092
f 3600/2364/2112 3664/2365/2113 3598/2366/2114
f 3613/2336/2086 3614/2367/2115 3612/2334/2084
f 3617/2339/2089 3671/2368/2116 3614/2369/2115
f 3620/2370/2091 3672/2371/2117 3704/2372/2088
f 3623/2373/2094 3672/2371/2117 3621/2374/2093
f 3686/2375/2118 3664/2365/2113 3688/2376/2119
f 3667/2377/2120 3696/2378/2121 3694/2379/2122
f 3696/2378/2121 3698/2380/2123 3697/2381/2124
f 3696/2378/2121 3699/2382/2125 3698/2380/2123
f 3701/2383/2126 3702/2384/2127 3700/2385/2128
f 3700/2385/2128 3669/2386/2129 3701/2383/2126
f 3671/2387/2116 3704/2388/2088 3701/2383/2126
f 3672/2371/2117 3703/2389/2130 3704/2388/2088
f 3703/2389/2130 3672/2371/2117 3702/2384/2127
f 3674/2390/2131 3697/2381/2124 3698/2380/2123
f 3596/5413/4272 3593/5414/4273 3594/5415/4274 3595/5416/4275
f 3597/5417/4276 3598/2366/2114 3596/5413/4272 3595/5416/4275
f 3600/2364/2112 3598/2366/2114 3597/5417/4276 3599/5418/4277
f 3601/5419/4278 3602/5420/4279 3600/2364/2112 3599/5418/4277
f 3604/5421/4280 3602/5420/4279 3601/5419/4278 3603/5422/4281
f 3606/5423/4282 3604/5421/4280 3603/5422/4281 3605/5424/4283
f 3608/2330/2080 3606/5423/4282 3605/5424/4283 3607/2331/2081
f 3624/2348/2096 3625/2347/2095 3623/2346/2094 3622/2363/2111
f 3607/2331/2081 3609/2333/2083 3610/2332/2082
f 3609/2333/2083 3611/2335/2085 3612/2334/2084
f 3613/5425/2086 3617/2339/2089 3614/2369/2115
f 3617/2339/2089 3613/5425/2086 3615/5426/2109
f 3615/5426/2109 3616/2337/2087 3617/2339/2089
f 3620/2343/2091 3618/2341/2090 3619/2344/2092
f 3619/2344/2092 3622/2363/2111 3623/2346/2094
f 3627/5427/4284 3628/5428/4285 3626/2349/2097 3624/2348/2096
f 3630/5429/4286 3628/5428/4285 3627/5427/4284 3629/5430/4287
f 3632/5431/4288 3630/5429/4286 3629/5430/4287 3631/5432/4289
f 3634/2350/2098 3632/5431/4288 3631/5432/4289 3633/2351/2099
f 3637/5433/4290 3635/2352/2100 3633/2351/2099 3636/5434/4291
f 3638/5435/4292 3639/5436/4293 3637/5433/4290 3636/5434/4291
f 3640/5437/4294 3641/5438/4295 3639/5436/4293 3638/5435/4292
f 3645/5439/4296 3642/5440/4297 3643/5441/4298 3644/5442/4299
f 3595/5416/4275 3594/5415/4274 3642/5440/4297 3645/5439/4296
f 3647/2355/2103 3645/5439/4296 3644/5442/4299 3646/2353/2101
f 3595/5416/4275 3645/5439/4296 3647/2355/2103 3597/5417/4276
f 3599/5418/4277 3597/5417/4276 3647/2355/2103 3648/2354/2102
f 3599/5418/4277 3648/2354/2102 3650/5443/4300 3601/5419/4278
f 3648/2354/2102 3649/5444/4301 3650/5443/4300
f 3652/5445/4302 3650/5443/4300 3649/5444/4301 3651/5446/4303
f 3603/5422/4281 3601/5419/4278 3650/5443/4300 3652/5445/4302
f 3655/5447/4304 3652/5445/4302 3651/5446/4303 3653/5448/4305
f 3605/5424/4283 3603/5422/4281 3652/5445/4302 3655/5447/4304
f 3624/2348/2096 3657/2356/2104 3655/5447/4304 3654/5449/4306
f 3655/5447/4304 3653/5448/4305 3654/5449/4306
f 3605/5424/4283 3655/5447/4304 3657/2356/2104 3607/2331/2081
f 3629/5430/4287 3627/5427/4284 3654/5449/4306 3653/5448/4305
f 3657/2356/2104 3624/2348/2096 3656/2357/2105
f 3659/2358/2106 3656/2357/2105 3658/2359/2107
f 3659/2358/2106 3661/2360/2108 3609/2333/2083
f 3658/2359/2107 3660/2362/2110 3661/2360/2108
f 3660/2362/2110 3618/2341/2090 3661/2360/2108
f 3661/2360/2108 3615/2361/2109 3611/2335/2085
f 3660/2362/2110 3658/2359/2107 3619/2344/2092
f 3658/2359/2107 3656/2357/2105 3622/2363/2111
f 3656/2357/2105 3624/2348/2096 3622/2363/2111
f 3654/5449/4306 3627/5427/4284 3624/2348/2096
f 3631/5432/4289 3629/5430/4287 3653/5448/4305 3651/5446/4303
f 3633/2351/2099 3631/5432/4289 3651/5446/4303 3649/5444/4301
f 3633/2351/2099 3648/2354/2102 3646/2353/2101 3636/5434/4291
f 3649/5444/4301 3648/2354/2102 3633/2351/2099
f 3638/5435/4292 3636/5434/4291 3646/2353/2101 3644/5442/4299
f 3638/5435/4292 3644/5442/4299 3643/5441/4298 3640/5437/4294
f 3662/5450/4307 3663/5451/4308 3593/5414/4273 3596/5413/4272
f 3664/2365/2113 3662/5450/4307 3596/5413/4272 3598/2366/2114
f 3665/5452/4309 3664/2365/2113 3600/2364/2112 3602/5420/4279
f 3665/5452/4309 3602/5420/4279 3604/5421/4280 3666/5453/4310
f 3666/5453/4310 3604/5421/4280 3606/5423/4282 3667/2377/2120
f 3667/2377/2120 3606/5423/4282 3608/2330/2080 3668/5454/4311
f 3669/2386/2129 3668/5454/4311 3608/2330/2080 3610/2332/2082
f 3669/2386/2129 3610/2332/2082 3612/2334/2084 3670/5455/4312
f 3698/2380/2123 3673/5456/4313 3623/2373/2094 3625/5457/2095
f 3612/2334/2084 3614/2367/2115 3670/5455/4312
f 3617/2339/2089 3704/2338/2088 3671/2368/2116
f 3616/2337/2087 3620/5458/2091 3704/2338/2088
f 3620/2370/2091 3621/2374/2093 3672/2371/2117
f 3623/2373/2094 3673/5456/4313 3672/2371/2117
f 3674/2390/2131 3698/2380/2123 3625/5457/2095 3626/5459/2097
f 3674/2390/2131 3628/5460/4285 3630/5461/4286 3675/5462/4314
f 3626/5459/2097 3628/5460/4285 3674/2390/2131
f 3675/5462/4314 3630/5461/4286 3632/5463/4288 3676/5464/4315
f 3676/5464/4315 3632/5463/4288 3634/5465/2098 3677/5466/4316
f 3678/5467/4317 3677/5466/4316 3634/5465/2098 3635/5468/2100
f 3678/5467/4317 3635/5468/2100 3637/5469/4290 3679/5470/4318
f 3680/5471/4319 3679/5470/4318 3637/5469/4290 3639/5472/4293
f 3681/5473/4320 3680/5471/4319 3639/5472/4293 3641/5474/4295
f 3685/5475/4321 3682/5476/4322 3683/5477/4323 3684/5478/4324
f 3683/5477/4323 3682/5476/4322 3663/5451/4308 3662/5450/4307
f 3684/5478/4324 3683/5477/4323 3686/2375/2118 3687/5479/4325
f 3686/2375/2118 3683/5477/4323 3662/5450/4307 3664/2365/2113
f 3689/5480/4326 3687/5479/4325 3686/2375/2118 3688/2376/2119
f 3689/5480/4326 3688/2376/2119 3690/5481/4327 3691/5482/4328
f 3690/5481/4327 3688/2376/2119 3664/2365/2113 3665/5452/4309
f 3691/5482/4328 3690/5481/4327 3692/5483/4329 3693/5484/4330
f 3666/5453/4310 3692/5483/4329 3690/5481/4327 3665/5452/4309
f 3693/5484/4330 3692/5483/4329 3694/2379/2122 3695/5485/4331
f 3667/2377/2120 3694/2379/2122 3692/5483/4329 3666/5453/4310
f 3697/2381/2124 3695/5485/4331 3694/2379/2122 3696/2378/2121
f 3702/2384/2127 3699/2382/2125 3696/2378/2121 3700/2385/2128
f 3667/2377/2120 3668/5454/4311 3696/2378/2121
f 3700/2385/2128 3696/2378/2121 3668/5454/4311 3669/2386/2129
f 3614/2367/2115 3671/2387/2116 3701/2383/2126 3670/5455/4312
f 3701/2383/2126 3703/2389/2130 3702/2384/2127
f 3701/2383/2126 3669/2386/2129 3670/5455/4312
f 3701/2383/2126 3704/2388/2088 3703/2389/2130
f 3699/2382/2125 3702/2384/2127 3673/5456/4313 3698/2380/2123
f 3702/2384/2127 3672/2371/2117 3673/5456/4313
f 3675/5462/4314 3695/5485/4331 3697/2381/2124 3674/2390/2131
f 3676/5464/4315 3693/5484/4330 3695/5485/4331 3675/5462/4314
f 3677/5466/4316 3691/5482/4328 3693/5484/4330 3676/5464/4315
f 3678/5467/4317 3689/5480/4326 3691/5482/4328 3677/5466/4316
f 3687/5479/4325 3689/5480/4326 3678/5467/4317 3679/5470/4318
f 3680/5471/4319 3684/5478/4324 3687/5479/4325 3679/5470/4318
f 3685/5475/4321 3684/5478/4324 3680/5471/4319 3681/5473/4320
usemtl TEETHs
f 3713/2391/2132 3722/2392/2133 3711/2393/2134
f 3722/2392/2133 3715/2394/2135 3711/2393/2134
f 3714/2395/2136 3712/2396/2137 3715/2397/2135
f 3715/2397/2135 3716/2398/2138 3714/2395/2136
f 3717/2399/2139 3720/2400/2140 3718/2401/2141
f 3719/2402/2142 3721/2403/2143 3705/2404/2144
f 3710/2405/2145 3705/2404/2144 3721/2403/2143
f 3721/2403/2143 3714/2395/2136 3710/2406/2145
f 3721/2403/2143 3719/2402/2142 3713/2391/2132
f 3719/2402/2142 3722/2392/2133 3713/2391/2132
f 3725/2407/2146 3736/2408/2147 3723/2409/2148
f 3728/2410/2149 3726/2411/2150 3729/2412/2151
f 3731/2413/2152 3738/2414/2153 3732/2415/2154
f 3733/2416/2155 3725/2407/2146 3734/2417/2156
f 3736/2408/2147 3725/2407/2146 3733/2416/2155
f 3738/2418/2153 3726/2411/2150 3728/2419/2149
f 3738/2414/2153 3731/2413/2152 3724/2420/2157
f 3728/2410/2149 3730/2421/2158 3738/2414/2153
f 3735/2422/2159 3727/2423/2160 3726/2411/2150
f 3743/2424/2161 3746/2425/2162 3740/2426/2163
f 3745/2427/2164 3746/2425/2162 3743/2424/2161
f 3745/2427/2164 3747/2428/2165 3746/2425/2162
f 3747/2428/2165 3748/2429/2166 3739/2430/2167
f 3739/2431/2167 3746/2425/2162 3747/2428/2165
f 3750/2432/2168 3744/2433/2169 3740/2426/2163
f 3753/2434/2170 3745/2427/2164 3754/2435/2171
f 3745/2427/2164 3743/2424/2161 3754/2435/2171
f 3741/2436/2172 3749/2437/2173 3748/2429/2166
f 3771/2438/2174 3769/2439/2175 3756/2440/2176
f 3758/2441/2177 3759/2442/2178 3757/2443/2179
f 3758/2441/2177 3761/2444/2180 3763/2445/2181
f 3762/2446/2182 3765/2447/2183 3763/2445/2181
f 3764/2448/2184 3766/2449/2185 3765/2447/2183
f 3770/2450/2186 3769/2451/2175 3762/2452/2182
f 3760/2453/2187 3771/2438/2174 3756/2440/2176
f 3770/2450/2186 3760/2453/2187 3756/2440/2176
f 3774/2454/2188 3778/2455/2189 3773/2456/2190
f 3773/2456/2190 3787/2457/2191 3774/2454/2188
f 3780/2458/2192 3782/2459/2193 3781/2460/2194
f 3784/2461/2195 3786/2462/2196 3780/2458/2192
f 3785/2463/2197 3786/2462/2196 3784/2461/2195
f 3787/2457/2191 3782/2459/2193 3785/2463/2197
f 3775/2464/2198 3787/2457/2191 3785/2463/2197
f 3787/2457/2191 3775/2464/2198 3774/2454/2188
f 3777/2465/2199 3776/2466/2200 3784/2461/2195
f 3800/2467/2201 3795/2468/2202 3796/2469/2203
f 3791/2470/2204 3790/2471/2205 3799/2472/2206
f 3801/2473/2207 3800/2467/2201 3798/2474/2208
f 3793/2475/2209 3801/2473/2207 3798/2474/2208
f 3790/2471/2205 3793/2475/2209 3798/2474/2208
f 3793/2475/2209 3802/2476/2210 3801/2473/2207
f 3792/2477/2211 3791/2470/2204 3804/2478/2212
f 3800/2467/2201 3796/2469/2203 3805/2479/2213
f 3800/2467/2201 3801/2473/2207 3795/2468/2202
f 3796/2469/2203 3794/2480/2214 3797/2481/2215
f 3808/2482/2216 3809/2483/2217 3821/2484/2218
f 3811/2485/2219 3806/2486/2220 3810/2487/2221
f 3820/2488/2222 3817/2489/2223 3812/2490/2224
f 3811/2485/2219 3813/2491/2225 3806/2486/2220
f 3811/2485/2219 3814/2492/2226 3813/2491/2225
f 3810/2487/2221 3807/2493/2227 3816/2494/2228
f 3816/2494/2228 3807/2493/2227 3808/2482/2216
f 3807/2493/2227 3806/2486/2220 3808/2482/2216
f 3814/2492/2226 3811/2485/2219 3810/2487/2221
f 3810/2487/2221 3815/2495/2229 3814/2492/2226
f 3819/2496/2230 3812/2490/2224 3818/2497/2231
f 3820/2498/2222 3816/2494/2228 3821/2484/2218
f 3809/2483/2217 3808/2482/2216 3817/2489/2223
f 3825/2499/2232 3830/2500/2233 3831/2501/2234
f 3830/2500/2233 3832/2502/2235 3831/2501/2234
f 3828/2503/2236 3832/2502/2235 3830/2500/2233
f 3833/2504/2237 3834/2505/2238 3828/2503/2236
f 3828/2503/2236 3824/2506/2239 3833/2504/2237
f 3833/2504/2237 3836/2507/2240 3834/2505/2238
f 3836/2507/2240 3833/2504/2237 3835/2508/2241
f 3835/2508/2241 3838/2509/2242 3836/2507/2240
f 3832/2502/2235 3823/2510/2243 3826/2511/2244
f 3839/2512/2245 3844/2513/2246 3847/2514/2247
f 3842/2515/2248 3840/2516/2249 3841/2517/2250
f 3839/2512/2245 3840/2516/2249 3846/2518/2251
f 3840/2516/2249 3842/2515/2248 3846/2518/2251
f 3840/2516/2249 3839/2512/2245 3845/2519/2252
f 3845/2519/2252 3841/2517/2250 3840/2516/2249
f 3843/2520/2253 3848/2521/2254 3847/2514/2247
f 3860/2522/2255 3852/2523/2256 3850/2524/2257
f 3851/2525/2258 3858/2526/2259 3859/2527/2260
f 3854/2528/2261 3851/2525/2258 3852/2523/2256
f 3861/2529/2262 3857/2530/2263 3855/2531/2264
f 3852/2523/2256 3860/2522/2255 3849/2532/2265
f 3858/2526/2259 3855/2533/2264 3859/2527/2260
f 3853/2534/2266 3850/2524/2257 3859/2527/2260
f 3853/2534/2266 3861/2529/2262 3860/2522/2255
f 3861/2529/2262 3849/2532/2265 3860/2522/2255
f 3861/2529/2262 3853/2534/2266 3857/2530/2263
f 3852/2523/2256 3851/2525/2258 3850/2524/2257
f 3866/2535/2267 3871/2536/2268 3867/2537/2269
f 3871/2536/2268 3868/2538/2270 3872/2539/2271
f 3869/2540/2272 3864/2541/2273 3865/2542/2274
f 3862/2543/2275 3868/2538/2270 3871/2536/2268
f 3865/2544/2274 3872/2539/2271 3868/2538/2270
f 3870/2545/2276 3867/2537/2269 3872/2539/2271
f 3870/2545/2276 3864/2541/2273 3869/2540/2272
f 3881/2546/2277 3879/2547/2278 3878/2548/2279
f 3873/2549/2280 3880/2550/2281 3874/2551/2282
f 3880/2550/2281 3876/2552/2283 3874/2551/2282
f 3877/2553/2284 3876/2552/2283 3880/2550/2281
f 3878/2548/2279 3883/2554/2285 3882/2555/2286
f 3886/2556/2287 3890/2557/2288 3884/2558/2289
f 3891/2559/2290 3890/2557/2288 3893/2560/2291
f 3890/2557/2288 3891/2559/2290 3884/2558/2289
f 3894/2561/2292 3889/2562/2293 3887/2563/2294
f 3895/2564/2295 3889/2562/2293 3894/2561/2292
f 3891/2559/2290 3889/2565/2293 3895/2564/2295
f 3887/2563/2294 3885/2566/2296 3894/2561/2292
f 3889/2565/2293 3893/2560/2291 3888/2567/2297
f 3903/2568/2298 3899/2569/2299 3896/2570/2300
f 3901/2571/2301 3897/2572/2302 3900/2573/2303
f 3905/2574/2304 3902/2575/2305 3898/2576/2306
f 3896/2570/2300 3897/2572/2302 3905/2577/2304
f 3902/2575/2305 3900/2573/2303 3899/2569/2299
f 3907/2578/2307 3908/2579/2308 3909/2580/2309
f 3909/2580/2309 3912/2581/2310 3907/2578/2307
f 3909/2580/2309 3911/2582/2311 3913/2583/2312
f 3914/2584/2313 3908/2579/2308 3915/2585/2314
f 3918/2586/2315 3919/2587/2316 3917/2588/2317
f 3920/2589/2318 3924/2590/2319 3921/2591/2320
f 3918/2586/2315 3917/2588/2317 3926/2592/2321
f 3921/2591/2320 3924/2590/2319 3926/2592/2321
f 3927/2593/2322 3920/2594/2318 3917/2588/2317
f 3923/2595/2323 3920/2589/2318 3927/2593/2322
f 3921/2596/2320 3917/2588/2317 3920/2594/2318
f 3934/2597/2324 3932/2598/2325 3929/2599/2326
f 3929/2599/2326 3928/2600/2327 3934/2597/2324
f 3936/2601/2328 3937/2602/2329 3938/2603/2330
f 3936/2601/2328 3938/2604/2330 3930/2605/2331
f 3937/2602/2329 3939/2606/2332 3938/2603/2330
f 3941/2607/2333 3942/2608/2334 3940/2609/2335
f 3939/2606/2332 3945/2610/2336 3944/2611/2337
f 3945/2612/2336 3933/2613/2338 3931/2614/2339
f 3945/2612/2336 3928/2600/2327 3933/2613/2338
f 3932/2598/2325 3944/2615/2337 3931/2614/2339
f 3951/2616/2340 3948/2617/2341 3950/2618/2342
f 3951/2616/2340 3959/2619/2343 3948/2617/2341
f 3949/2620/2344 3952/2621/2345 3953/2622/2346
f 3958/2623/2347 3952/2621/2345 3957/2624/2348
f 3958/2623/2347 3950/2625/2342 3953/2622/2346
f 3958/2626/2347 3951/2616/2340 3950/2618/2342
f 3947/2627/2349 3948/2617/2341 3959/2619/2343
f 3973/2628/2350 3974/2629/2351 3965/2630/2352
f 3962/2631/2353 3973/2628/2350 3965/2630/2352
f 3962/2631/2353 3969/2632/2354 3967/2633/2355
f 3972/2634/2356 3970/2635/2357 3974/2636/2351
f 3969/2632/2354 3962/2631/2353 3963/2637/2358
f 3963/2637/2358 3970/2638/2357 3969/2632/2354
f 3983/2639/2359 3982/2640/2360 3986/2641/2361
f 3978/2642/2362 3977/2643/2363 3986/2641/2361
f 3979/2644/2364 3983/2639/2359 3977/2643/2363
f 3981/2645/2365 3976/2646/2366 3985/2647/2367
f 3984/2648/2368 3980/2649/2369 3981/2645/2365
f 3983/2639/2359 3979/2644/2364 3980/2650/2369
f 3991/2651/2370 4004/2652/2371 3992/2653/2372
f 3989/2654/2373 3997/2655/2374 3998/2656/2375
f 3998/2656/2375 3999/2657/2376 4000/2658/2377
f 4000/2658/2377 3989/2654/2373 3998/2656/2375
f 4001/2659/2378 4002/2660/2379 3987/2661/2380
f 4001/2659/2378 4003/2662/2381 3993/2663/2382
f 4003/2662/2381 3999/2664/2376 4004/2652/2371
f 4004/2652/2371 3991/2651/2370 4003/2662/2381
f 3992/2665/2372 4004/2666/2371 4005/2667/2383
f 3995/2668/2384 3992/2665/2372 4005/2667/2383
f 4000/2669/2377 3999/2664/2376 4001/2659/2378
f 3997/2655/2374 3989/2654/2373 3988/2670/2385
f 4019/2671/2386 4007/2672/2387 4015/2673/2388
f 4008/2674/2389 4010/2675/2390 4009/2676/2391
f 4009/2676/2391 4022/2677/2392 4008/2674/2389
f 4012/2678/2393 4013/2679/2394 4011/2680/2395
f 4012/2678/2393 4014/2681/2396 4020/2682/2397
f 4014/2683/2396 4006/2684/2398 4020/2682/2397
f 4007/2672/2387 4006/2684/2398 4014/2683/2396
f 4016/2685/2399 4017/2686/2400 4015/2673/2388
f 4017/2686/2400 4019/2671/2386 4015/2673/2388
f 4019/2671/2386 4020/2682/2397 4006/2684/2398
f 4021/2687/2401 4013/2679/2394 4018/2688/2402
f 4016/2685/2399 4015/2673/2388 4022/2689/2392
f 4022/2677/2392 4009/2676/2391 4016/2690/2399
f 4014/2681/2396 4012/2678/2393 4022/2677/2392
f 4019/2671/2386 4006/2684/2398 4007/2672/2387
f 4025/2691/2403 4024/2692/2404 4023/2693/2405
f 4029/2694/2406 4030/2695/2407 4027/2696/2408
f 4027/2696/2408 4024/2692/2404 4029/2694/2406
f 4032/2697/2409 4028/2698/2410 4030/2695/2407
f 4028/2698/2410 4027/2696/2408 4030/2695/2407
f 4033/2699/2411 4034/2700/2412 4036/2701/2413
f 4041/2702/2414 4040/2703/2415 4036/2704/2413
f 4036/2704/2413 4037/2705/2416 4041/2702/2414
f 4039/2706/2417 4042/2707/2418 4043/2708/2419
f 4043/2708/2419 4037/2709/2416 4039/2706/2417
f 4034/2700/2412 4039/2706/2417 4037/2709/2416
f 4041/2702/2414 4037/2705/2416 4043/2708/2419
f 4042/2707/2418 4038/2710/2420 4035/2711/2421
f 4038/2710/2420 4033/2699/2411 4036/2701/2413
f 4052/2712/2422 4054/2713/2423 4053/2714/2424
f 4054/2713/2423 4056/2715/2425 4055/2716/2426
f 4050/2717/2427 4059/2718/2428 4062/2719/2429
f 4056/2715/2425 4054/2713/2423 4060/2720/2430
f 4062/2719/2429 4059/2718/2428 4047/2721/2431
f 4062/2719/2429 4045/2722/2432 4063/2723/2433
f 4063/2723/2433 4058/2724/2434 4046/2725/2435
f 4063/2723/2433 4044/2726/2436 4055/2716/2426
f 4045/2727/2432 4047/2728/2431 4052/2712/2422
f 4065/2729/2437 4066/2730/2438 4064/2731/2439
f 4064/2731/2439 4074/2732/2440 4065/2729/2437
f 4076/2733/2441 4072/2734/2442 4077/2735/2443
f 4066/2736/2438 4078/2737/2444 4071/2738/2445
f 4067/2739/2446 4073/2740/2447 4070/2741/2448
f 4066/2730/2438 4065/2729/2437 4067/2739/2446
f 4081/2742/2449 4094/2743/2450 4088/2744/2451
f 4080/2745/2452 4093/2746/2453 4095/2747/2454
f 4095/2747/2454 4093/2746/2453 4087/2748/2455
f 4087/2749/2455 4085/2750/2456 4095/2751/2454
f 4095/2751/2454 4084/2752/2457 4091/2753/2458
f 4082/2754/2459 4083/2755/2460 4092/2756/2461
f 4086/2757/2462 4079/2758/2463 4082/2754/2459
f 4096/2759/2464 4105/2760/2465 4097/2761/2466
f 4104/2762/2467 4101/2763/2468 4105/2760/2465
f 4105/2760/2465 4096/2759/2464 4104/2762/2467
f 4102/2764/2469 4098/2765/2470 4105/2760/2465
f 4096/2759/2464 4099/2766/2471 4104/2767/2467
f 4099/2766/2471 4100/2768/2472 4103/2769/2473
f 4098/2765/2470 4102/2764/2469 4100/2768/2472
f 4113/2770/2474 4115/2771/2475 4110/2772/2476
f 4114/2773/2477 4116/2774/2478 4115/2771/2475
f 4121/2775/2479 4117/2776/2480 4118/2777/2481
f 4118/2777/2481 4111/2778/2482 4110/2772/2476
f 4117/2776/2480 4121/2775/2479 4107/2779/2483
f 4122/2780/2484 4112/2781/2485 4123/2782/2486
f 4123/2783/2486 4113/2784/2474 4111/2778/2482
f 4119/2785/2487 4108/2786/2488 4120/2787/2489
f 4107/2779/2483 4106/2788/2490 4108/2789/2488
f 4131/2790/2491 4127/2791/2492 4128/2792/2493
f 4133/2793/2494 4134/2794/2495 4132/2795/2496
f 4135/2796/2497 4132/2795/2496 4134/2794/2495
f 4135/2796/2497 4125/2797/2498 4136/2798/2499
f 4124/2799/2500 4134/2800/2495 4126/2801/2501
f 4124/2799/2500 4125/2797/2498 4134/2800/2495
f 4133/2802/2494 4139/2803/2502 4138/2804/2503
f 4129/2805/2504 4135/2796/2497 4136/2798/2499
f 4132/2795/2496 4135/2796/2497 4129/2805/2504
f 4128/2792/2493 4127/2791/2492 4130/2806/2505
f 3716/5486/2138 3718/2401/2141 3707/5487/4332 3709/5488/4333
f 3710/2405/2145 3708/5489/4334 3705/2404/2144
f 3707/5487/4332 3706/5490/4335 3708/5489/4334
f 3708/5489/4334 3706/5490/4335 3705/2404/2144
f 3709/5488/4333 3708/5489/4334 3710/2405/2145
f 3712/2396/2137 3711/2393/2134 3715/2394/2135
f 3715/2394/2135 3718/2401/2141 3716/5486/2138
f 3707/5487/4332 3718/2401/2141 3720/2400/2140 3706/5490/4335
f 3715/2394/2135 3717/2399/2139 3718/2401/2141
f 3709/5488/4333 3710/2405/2145 3714/5491/2136 3716/5486/2138
f 3717/2399/2139 3719/2402/2142 3720/2400/2140
f 3706/5490/4335 3720/2400/2140 3705/2404/2144
f 3705/2404/2144 3720/2400/2140 3719/2402/2142
f 3724/2420/2157 3731/2413/2152 3734/2417/2156 3723/2409/2148
f 3721/2403/2143 3712/2396/2137 3714/2395/2136
f 3713/2391/2132 3712/2396/2137 3721/2403/2143
f 3719/2402/2142 3717/2399/2139 3722/2392/2133
f 3722/2392/2133 3717/2399/2139 3715/2394/2135
f 3712/2396/2137 3713/2391/2132 3711/2393/2134
f 3709/5488/4333 3707/5487/4332 3708/5489/4334
f 3723/2409/2148 3734/2417/2156 3725/2407/2146
f 3724/2420/2157 3723/2409/2148 3737/5492/4336
f 3727/2423/2160 3729/2412/2151 3726/2411/2150
f 3728/2410/2149 3729/2412/2151 3730/2421/2158
f 3730/2421/2158 3729/2412/2151 3727/2423/2160
f 3737/5493/4336 3736/5494/2147 3735/2422/2159 3726/2411/2150
f 3731/2413/2152 3732/2415/2154 3734/2417/2156
f 3732/2415/2154 3733/2416/2155 3734/2417/2156
f 3733/2416/2155 3735/2422/2159 3736/2408/2147
f 3733/2416/2155 3732/2415/2154 3730/2421/2158 3727/2423/2160
f 3737/5492/4336 3726/5495/2150 3724/2420/2157
f 3726/2411/2150 3738/2418/2153 3724/5496/2157
f 3738/2414/2153 3730/2421/2158 3732/2415/2154
f 3739/2431/2167 3749/5497/2173 3750/2432/2168 3740/2426/2163
f 3735/2422/2159 3733/2416/2155 3727/2423/2160
f 3723/2409/2148 3736/2408/2147 3737/5492/4336
f 3740/2426/2163 3746/2425/2162 3739/2431/2167
f 3752/5498/4337 3755/5499/4338 3742/5500/4339
f 3743/2424/2161 3740/2426/2163 3744/2433/2169
f 3743/2424/2161 3744/2433/2169 3754/2435/2171
f 3748/2429/2166 3747/2428/2165 3742/5500/4339
f 3748/2429/2166 3749/2437/2173 3739/2430/2167
f 3753/2434/2170 3751/5501/4340 3755/5499/4338 3752/5498/4337
f 3744/5502/2169 3750/5503/2168 3751/5504/4340
f 3751/5501/4340 3754/2435/2171 3744/2433/2169
f 3747/2428/2165 3753/2434/2170 3752/5498/4337 3742/5500/4339
f 3751/5501/4340 3753/2434/2170 3754/2435/2171
f 3762/2446/2182 3763/2445/2181 3761/2444/2180 3770/5505/2186
f 3753/2434/2170 3747/2428/2165 3745/2427/2164
f 3742/5500/4339 3741/2436/2172 3748/2429/2166
f 3755/5499/4338 3751/5501/4340 3750/5506/2168
f 3750/5503/2168 3741/2436/2172 3755/5499/4338
f 3749/2437/2173 3741/2436/2172 3750/5503/2168
f 3742/5500/4339 3755/5499/4338 3741/2436/2172
f 3761/5507/2180 3758/2441/2177 3757/2443/2179
f 3767/5508/4341 3759/2442/2178 3765/2447/2183 3766/2449/2185
f 3763/2445/2181 3765/2447/2183 3759/2442/2178
f 3768/5509/4342 3757/2443/2179 3767/5508/4341 3766/2449/2185
f 3767/5508/4341 3757/2443/2179 3759/2442/2178
f 3772/5510/4343 3768/5509/4342 3766/2449/2185 3764/2448/2184
f 3770/2450/2186 3761/5507/2180 3768/5509/4342 3772/5510/4343
f 3768/5509/4342 3761/5507/2180 3757/2443/2179
f 3765/2447/2183 3762/2446/2182 3771/2438/2174 3764/2448/2184
f 3770/2450/2186 3772/5510/4343 3760/2453/2187
f 3756/2440/2176 3769/2451/2175 3770/2450/2186
f 3762/2446/2182 3769/2439/2175 3771/2438/2174
f 3776/2466/2200 3777/2465/2199 3778/2455/2189 3774/2454/2188
f 3771/2438/2174 3760/2453/2187 3772/5510/4343
f 3771/2438/2174 3772/5510/4343 3764/2448/2184
f 3763/2445/2181 3759/2442/2178 3758/2441/2177
f 3775/2464/2198 3776/2466/2200 3774/2454/2188
f 3777/5511/2199 3784/5512/2195 3780/5513/2192 3783/5514/4344
f 3780/2458/2192 3781/2460/2194 3779/5515/4345
f 3789/5516/4346 3781/2460/2194 3782/2459/2193
f 3779/5515/4345 3781/2460/2194 3789/5516/4346
f 3779/5515/4345 3789/5516/4346 3783/5517/4344
f 3783/5517/4344 3780/2458/2192 3779/5515/4345
f 3775/2464/2198 3785/2463/2197 3784/2461/2195 3776/2466/2200
f 3789/5516/4346 3773/5518/2190 3778/5519/2189 3783/5514/4344
f 3785/2463/2197 3782/2459/2193 3786/2462/2196
f 3787/2457/2191 3788/5520/4347 3782/2459/2193
f 3787/2457/2191 3773/2456/2190 3788/5520/4347
f 3773/5518/2190 3789/5516/4346 3788/5520/4347
f 3805/2479/2213 3799/2472/2206 3798/2474/2208 3800/2467/2201
f 3778/5519/2189 3777/5511/2199 3783/5514/4344
f 3788/5520/4347 3789/5516/4346 3782/2459/2193
f 3780/2458/2192 3786/2462/2196 3782/2459/2193
f 3792/2477/2211 3790/2471/2205 3791/2470/2204
f 3793/2475/2209 3792/2477/2211 3802/2476/2210
f 3793/2475/2209 3790/2471/2205 3792/2477/2211
f 3794/2480/2214 3796/2469/2203 3795/2468/2202
f 3799/2472/2206 3790/2471/2205 3798/2474/2208
f 3803/5521/4348 3802/5522/2210 3792/5523/2211 3804/5524/2212
f 3802/2476/2210 3803/5521/4348 3801/2473/2207
f 3797/2481/2215 3804/5524/2212 3805/2479/2213 3796/2469/2203
f 3791/2470/2204 3805/2479/2213 3804/5524/2212
f 3805/2479/2213 3791/2470/2204 3799/2472/2206
f 3804/5524/2212 3797/2481/2215 3794/2480/2214 3803/5521/4348
f 3795/2468/2202 3801/2473/2207 3803/5521/4348 3794/2480/2214
f 3817/2489/2223 3808/2482/2216 3806/2486/2220 3813/2491/2225
f 3815/2495/2229 3810/2487/2221 3816/5525/2228
f 3816/5525/2228 3819/2496/2230 3815/2495/2229
f 3812/2490/2224 3817/2489/2223 3813/2491/2225 3818/2497/2231
f 3818/2497/2231 3814/2492/2226 3815/2495/2229 3819/2496/2230
f 3813/2491/2225 3814/2492/2226 3818/2497/2231
f 3835/2508/2241 3833/2504/2237 3824/2506/2239 3822/5526/4349
f 3819/2496/2230 3820/2488/2222 3812/2490/2224
f 3820/2488/2222 3819/2496/2230 3816/5525/2228
f 3821/2484/2218 3816/2494/2228 3808/2482/2216
f 3810/2487/2221 3806/2486/2220 3807/2493/2227
f 3817/2489/2223 3821/2484/2218 3809/2483/2217
f 3821/5527/2218 3817/2489/2223 3820/2488/2222
f 3823/2510/2243 3829/5528/4350 3826/2511/2244
f 3824/2506/2239 3825/5529/2232 3822/5526/4349
f 3828/2503/2236 3830/2500/2233 3824/2506/2239
f 3831/2501/2234 3822/5530/4349 3825/2499/2232
f 3832/2502/2235 3837/5531/4351 3831/2501/2234
f 3837/5532/4351 3838/2509/2242 3835/2508/2241 3822/5526/4349
f 3823/2510/2243 3832/2502/2235 3828/2503/2236 3834/2505/2238
f 3822/5530/4349 3831/2501/2234 3837/5531/4351
f 3837/5532/4351 3826/5533/2244 3829/5534/4350
f 3837/5531/4351 3832/2502/2235 3826/2511/2244
f 3836/2507/2240 3838/2509/2242 3823/2510/2243 3834/2505/2238
f 3838/2509/2242 3827/5535/4352 3823/2510/2243
f 3827/5535/4352 3838/2509/2242 3837/5532/4351 3829/5534/4350
f 3827/5535/4352 3829/5528/4350 3823/2510/2243
f 3843/5536/2253 3844/2513/2246 3846/2518/2251 3842/2515/2248
f 3830/2500/2233 3825/2499/2232 3824/2506/2239
f 3851/2525/2258 3854/2528/2261 3856/5537/4353 3858/5538/2259
f 3848/2521/2254 3841/5539/2250 3845/2519/2252
f 3846/2518/2251 3844/2513/2246 3839/2512/2245
f 3845/2519/2252 3839/2512/2245 3847/2514/2247
f 3844/2513/2246 3843/2520/2253 3847/2514/2247
f 3848/5540/2254 3843/5536/2253 3842/2515/2248
f 3842/2515/2248 3841/2517/2250 3848/5540/2254
f 3847/2514/2247 3848/2521/2254 3845/2519/2252
f 3861/2529/2262 3855/2531/2264 3856/5537/4353
f 3852/2523/2256 3849/2532/2265 3854/2528/2261
f 3849/2532/2265 3856/5537/4353 3854/2528/2261
f 3856/5537/4353 3849/2532/2265 3861/2529/2262
f 3869/2540/2272 3863/5541/4354 3866/2535/2267 3867/2537/2269
f 3858/5538/2259 3856/5537/4353 3855/2531/2264
f 3855/2533/2264 3853/2534/2266 3859/2527/2260
f 3850/2524/2257 3851/2525/2258 3859/2527/2260
f 3860/2522/2255 3850/2524/2257 3853/2534/2266
f 3855/2533/2264 3857/5542/2263 3853/2534/2266
f 3872/2539/2271 3867/2537/2269 3871/2536/2268
f 3863/5541/4354 3869/2540/2272 3865/2542/2274
f 3871/2536/2268 3866/2535/2267 3863/5541/4354 3862/5543/2275
f 3875/5544/4355 3874/5545/2282 3879/5546/2278 3881/2546/2277
f 3862/2543/2275 3865/2544/2274 3868/2538/2270
f 3865/2544/2274 3864/2541/2273 3872/2539/2271
f 3864/2541/2273 3870/2545/2276 3872/2539/2271
f 3870/2545/2276 3869/2540/2272 3867/2537/2269
f 3862/5543/2275 3863/5541/4354 3865/2542/2274
f 3874/5545/2282 3875/5544/4355 3873/5547/2280
f 3877/2553/2284 3879/2547/2278 3876/2552/2283
f 3877/2553/2284 3878/2548/2279 3879/2547/2278
f 3883/2554/2285 3873/5547/2280 3882/2555/2286
f 3883/2554/2285 3880/2550/2281 3873/2549/2280
f 3876/2552/2283 3879/2547/2278 3874/2551/2282
f 3881/2546/2277 3878/2548/2279 3882/2555/2286 3875/5544/4355
f 3875/5544/4355 3882/2555/2286 3873/5547/2280
f 3880/2550/2281 3883/2554/2285 3878/2548/2279 3877/2553/2284
f 3900/2573/2303 3897/2572/2302 3896/2570/2300 3899/2569/2299
f 3886/2556/2287 3884/2558/2289 3885/2566/2296
f 3892/5548/4356 3893/2560/2291 3890/2557/2288
f 3892/5548/4356 3888/2567/2297 3893/2560/2291
f 3892/5548/4356 3890/2557/2288 3886/2556/2287
f 3888/2567/2297 3892/5548/4356 3886/5549/2287
f 3887/5550/2294 3889/2565/2293 3888/2567/2297
f 3888/2567/2297 3886/5549/2287 3887/5550/2294
f 3895/2564/2295 3894/2561/2292 3885/2566/2296
f 3884/2558/2289 3891/2559/2290 3895/2564/2295
f 3895/2564/2295 3885/2566/2296 3884/2558/2289
f 3887/2563/2294 3886/2556/2287 3885/2566/2296
f 3889/2565/2293 3891/2559/2290 3893/2560/2291
f 3900/2573/2303 3902/2575/2305 3901/5551/2301
f 3896/2570/2300 3898/2576/2306 3903/2568/2298
f 3906/5552/4357 3904/5553/4358 3898/2576/2306 3902/2575/2305
f 3901/2571/2301 3905/2577/2304 3897/2572/2302
f 3905/2577/2304 3901/2571/2301 3902/5554/2305
f 3904/5553/4358 3906/5552/4357 3899/2569/2299 3903/2568/2298
f 3908/2579/2308 3914/2584/2313 3911/2582/2311 3909/2580/2309
f 3906/5552/4357 3902/2575/2305 3899/2569/2299
f 3905/2577/2304 3898/2576/2306 3896/2570/2300
f 3904/5553/4358 3903/2568/2298 3898/2576/2306
f 3912/2581/2310 3909/2580/2309 3913/2583/2312
f 3913/2583/2312 3911/2582/2311 3910/5555/4359
f 3916/5556/4360 3915/2585/2314 3907/2578/2307 3912/2581/2310
f 3915/2585/2314 3908/2579/2308 3907/2578/2307
f 3910/5557/4359 3916/5556/4360 3912/2581/2310 3913/5558/2312
f 3916/5559/4360 3910/5555/4359 3915/2585/2314
f 3911/2582/2311 3914/2584/2313 3915/2585/2314 3910/5555/4359
f 3922/5560/4361 3918/2586/2315 3925/5561/4362 3927/2593/2322
f 3919/2587/2316 3918/2586/2315 3922/5560/4361
f 3923/2595/2323 3924/2590/2319 3920/2589/2318
f 3924/2590/2319 3923/2595/2323 3925/5561/4362
f 3925/5561/4362 3923/2595/2323 3927/2593/2322
f 3925/5561/4362 3926/2592/2321 3924/2590/2319
f 3925/5561/4362 3918/2586/2315 3926/2592/2321
f 3926/2592/2321 3917/5562/2317 3921/2591/2320
f 3936/2601/2328 3935/5563/4363 3934/2597/2324 3928/2600/2327
f 3927/2593/2322 3917/2588/2317 3919/2587/2316
f 3927/2593/2322 3919/2587/2316 3922/5560/4361
f 3929/2599/2326 3933/2613/2338 3928/2600/2327
f 3932/2598/2325 3933/2613/2338 3929/2599/2326
f 3936/2601/2328 3930/2605/2331 3942/2608/2334 3935/5563/4363
f 3939/2606/2332 3940/5564/2335 3938/2603/2330
f 3940/2609/2335 3930/2605/2331 3938/2604/2330
f 3940/5564/2335 3939/2606/2332 3943/5565/4364
f 3941/2607/2333 3940/2609/2335 3943/5566/4364
f 3941/2607/2333 3935/5563/4363 3942/2608/2334
f 3935/5563/4363 3941/2607/2333 3932/2598/2325 3934/2597/2324
f 3944/2615/2337 3932/2598/2325 3941/2607/2333 3943/5566/4364
f 3936/2601/2328 3928/2600/2327 3945/2610/2336 3937/2602/2329
f 3943/5566/4364 3939/5568/2332 3944/2615/2337
f 3944/2615/2337 3945/2612/2336 3931/2614/2339
f 3945/2610/2336 3939/2606/2332 3937/2602/2329
f 3955/5569/4365 3954/5570/4366 3947/2627/2349 3956/5571/4367
f 3933/2613/2338 3932/2598/2325 3931/2614/2339
f 3930/2605/2331 3940/2609/2335 3942/2608/2334
f 3950/2618/2342 3948/2617/2341 3946/5572/4368
f 3954/5570/4366 3948/2617/2341 3947/2627/2349
f 3954/5573/4366 3955/5569/4365 3953/2622/2346 3946/5574/4368
f 3952/2621/2345 3949/2620/2344 3956/5571/4367
f 3956/5571/4367 3957/2624/2348 3952/2621/2345
f 3958/2623/2347 3953/2622/2346 3952/2621/2345
f 3953/2622/2346 3950/2625/2342 3946/5574/4368
f 3951/2616/2340 3958/2623/2347 3957/2624/2348 3959/2619/2343
f 3955/5569/4365 3949/2620/2344 3953/2622/2346
f 3955/5569/4365 3956/5571/4367 3949/2620/2344
f 3956/5571/4367 3947/2627/2349 3959/2619/2343 3957/2624/2348
f 3966/5575/4369 3973/2628/2350 3962/2631/2353 3967/2633/2355
f 3954/5570/4366 3946/5572/4368 3948/2617/2341
f 3960/5576/4370 3964/5577/4371 3961/5578/4372
f 3962/2631/2353 3965/2630/2352 3963/2637/2358
f 3961/5578/4372 3964/5577/4371 3968/5579/4373
f 3963/2637/2358 3965/2630/2352 3974/2629/2351
f 3960/5576/4370 3972/2634/2356 3964/5577/4371
f 3970/2635/2357 3960/5576/4370 3961/5578/4372 3971/5580/4374
f 3967/2633/2355 3971/5580/4374 3968/5579/4373
f 3967/2633/2355 3969/2632/2354 3971/5580/4374
f 3969/2632/2354 3970/2635/2357 3971/5580/4374
f 3964/5577/4371 3973/2628/2350 3966/5575/4369 3968/5579/4373
f 3960/5576/4370 3970/2635/2357 3972/2634/2356
f 3968/5579/4373 3966/5575/4369 3967/2633/2355
f 3974/2636/2351 3973/2628/2350 3964/5577/4371 3972/2634/2356
f 3979/2644/2364 3977/2643/2363 3978/2642/2362 3976/5581/2366
f 3974/2629/2351 3970/2638/2357 3963/2637/2358
f 3968/5579/4373 3971/5580/4374 3961/5578/4372
f 3975/5582/4375 3976/5581/2366 3978/2642/2362
f 3986/2641/2361 3982/2640/2360 3984/2648/2368 3985/2647/2367
f 3979/5583/2364 3976/2646/2366 3981/2645/2365
f 3980/2649/2369 3984/2648/2368 3983/2639/2359
f 3982/2640/2360 3983/2639/2359 3984/2648/2368
f 3992/2653/2372 3990/5584/4376 3993/2663/2382 3991/2651/2370
f 3986/2641/2361 3985/2647/2367 3975/5585/4375
f 3975/5585/4375 3978/2642/2362 3986/2641/2361
f 3986/2641/2361 3977/2643/2363 3983/2639/2359
f 3985/2647/2367 3976/2646/2366 3975/5585/4375
f 3985/2647/2367 3984/2648/2368 3981/2645/2365
f 3980/2649/2369 3979/5583/2364 3981/2645/2365
f 3992/2665/2372 3995/2668/2384 3990/5584/4376
f 3993/2663/2382 3990/5584/4376 3994/5586/4377
f 3997/2655/2374 3994/5586/4377 3995/2668/2384 3996/5587/4378
f 3997/2655/2374 4002/5588/2379 3994/5586/4377
f 3988/2670/2385 3987/5589/2380 4002/5588/2379 3997/2655/2374
f 3996/5587/4378 3995/2668/2384 4005/2667/2383
f 3996/5587/4378 3998/2656/2375 3997/2655/2374
f 4000/5590/2377 3987/5589/2380 3989/5591/2373
f 3987/2661/2380 4000/2669/2377 4001/2659/2378
f 3998/2656/2375 4005/2667/2383 4004/2666/2371 3999/2657/2376
f 4002/5588/2379 4001/2659/2378 3993/2663/2382
f 3993/2663/2382 3994/5586/4377 4002/5588/2379
f 3993/2663/2382 4003/2662/2381 3991/2651/2370
f 4001/2659/2378 3999/2664/2376 4003/2662/2381
f 4018/2688/2402 4013/2679/2394 4020/2682/2397 4019/2671/2386
f 4005/2667/2383 3998/2656/2375 3996/5587/4378
f 3994/5586/4377 3990/5584/4376 3995/2668/2384
f 3987/5589/2380 3988/2670/2385 3989/5591/2373
f 4010/2675/2390 4008/2674/2389 4011/2680/2395
f 4013/2679/2394 4012/2678/2393 4020/2682/2397
f 4014/2683/2396 4015/2673/2388 4007/2672/2387
f 4017/2686/2400 4018/2688/2402 4019/2671/2386
f 4013/2679/2394 4021/2687/2401 4010/2675/2390 4011/2680/2395
f 4017/2686/2400 4016/2690/2399 4021/2687/2401 4018/2688/2402
f 4009/2676/2391 4010/2675/2390 4021/2687/2401 4016/2690/2399
f 4008/2674/2389 4022/2677/2392 4012/2678/2393 4011/2680/2395
f 4022/2677/2392 4015/5592/2388 4014/2681/2396
f 4025/2691/2403 4030/5593/2407 4029/2694/2406 4024/2692/2404
f 4031/5594/4379 4023/2693/2405 4024/2692/2404
f 4031/5594/4379 4024/2692/2404 4027/2696/2408 4026/5595/4380
f 4023/2693/2405 4026/5595/4380 4032/5596/2409 4025/2691/2403
f 4031/5594/4379 4026/5595/4380 4023/2693/2405
f 4055/2716/2426 4057/5597/4381 4058/2724/2434 4063/2723/2433
f 4026/5595/4380 4028/2698/2410 4032/2697/2409
f 4032/5596/2409 4030/5593/2407 4025/2691/2403
f 4027/2696/2408 4028/2698/2410 4026/5595/4380
f 4036/2701/2413 4034/2700/2412 4037/2709/2416
f 4034/2700/2412 4033/2699/2411 4039/2706/2417
f 4036/2704/2413 4040/2703/2415 4035/2711/2421
f 4039/2706/2417 4033/2699/2411 4038/2710/2420
f 4040/2703/2415 4041/2702/2414 4042/2707/2418
f 4042/2707/2418 4041/2702/2414 4043/2708/2419
f 4042/2707/2418 4039/2706/2417 4038/2710/2420
f 4042/2707/2418 4035/2711/2421 4040/2703/2415
f 4038/2710/2420 4036/2701/2413 4035/5598/2421
f 4044/2726/2436 4045/2727/2432 4053/2714/2424
f 4050/5599/2427 4051/5600/4382 4049/5601/4383
f 4053/2714/2424 4045/2727/2432 4052/2712/2422
f 4053/2714/2424 4054/2713/2423 4055/2716/2426
f 4055/2716/2426 4044/2726/2436 4053/2714/2424
f 4055/2716/2426 4056/2715/2425 4057/5597/4381
f 4060/2720/2430 4049/5601/4383 4048/5602/4384 4056/2715/2425
f 4057/5597/4381 4046/2725/2435 4058/2724/2434
f 4057/5597/4381 4051/5600/4382 4046/2725/2435
f 4046/2725/2435 4050/2717/2427 4062/2719/2429
f 4057/5597/4381 4056/2715/2425 4048/5602/4384 4051/5600/4382
f 4048/5602/4384 4049/5601/4383 4051/5600/4382
f 4049/5603/4383 4060/5604/2430 4059/2718/2428 4050/2717/2427
f 4060/2720/2430 4054/2713/2423 4061/5605/4385
f 4061/5605/4385 4059/5606/2428 4060/2720/2430
f 4052/2712/2422 4047/2728/2431 4061/5605/4385
f 4061/5605/4385 4054/2713/2423 4052/2712/2422
f 4061/5607/4385 4047/2721/2431 4059/2718/2428
f 4062/2719/2429 4047/2721/2431 4045/2722/2432
f 4062/2719/2429 4063/2723/2433 4046/2725/2435
f 4063/2723/2433 4045/2722/2432 4044/5608/2436
f 4073/2740/2447 4074/2732/2440 4075/5609/4386 4076/2733/2441
f 4051/5610/4382 4050/5599/2427 4046/5611/2435
f 4067/2739/2446 4065/2729/2437 4073/2740/2447
f 4069/5612/4387 4066/2730/2438 4067/2739/2446
f 4069/5612/4387 4067/2739/2446 4070/2741/2448
f 4072/2734/2442 4068/5613/4388 4071/2738/2445
f 4068/5613/4388 4072/2734/2442 4075/5609/4386
f 4073/2740/2447 4065/2729/2437 4074/2732/2440
f 4078/5614/2444 4077/2735/2443 4072/2734/2442 4071/2738/2445
f 4076/2733/2441 4075/5609/4386 4072/2734/2442
f 4064/5615/2439 4066/2736/2438 4071/2738/2445 4068/5613/4388
f 4074/5616/2440 4064/5615/2439 4068/5613/4388 4075/5609/4386
f 4077/2735/2443 4078/5614/2444 4069/5612/4387 4070/2741/2448
f 4078/5614/2444 4066/2730/2438 4069/5612/4387
f 4076/2733/2441 4077/2735/2443 4070/2741/2448 4073/2740/2447
f 4090/5617/4389 4088/2744/2451 4089/5618/4390 4091/2753/2458
f 4083/2755/2460 4079/2758/2463 4080/2745/2452
f 4081/2742/2449 4088/2744/2451 4090/5617/4389
f 4081/2742/2449 4090/5617/4389 4084/2752/2457
f 4082/2754/2459 4079/2758/2463 4083/2755/2460
f 4085/2750/2456 4081/2742/2449 4084/2752/2457
f 4079/2758/2463 4093/2746/2453 4080/2745/2452
f 4094/2743/2450 4085/2750/2456 4087/2749/2455
f 4094/2743/2450 4081/2742/2449 4085/2750/2456
f 4082/2754/2459 4092/2756/2461 4091/2753/2458 4089/5618/4390
f 4095/2747/2454 4092/2756/2461 4083/2755/2460 4080/2745/2452
f 4091/2753/2458 4084/2752/2457 4090/5617/4389
f 4092/2756/2461 4095/2747/2454 4091/2753/2458
f 4086/2757/2462 4082/2754/2459 4089/5618/4390 4094/2743/2450
f 4093/2746/2453 4079/2758/2463 4086/2757/2462
f 4086/2757/2462 4094/2743/2450 4087/2748/2455 4093/2746/2453
f 4094/2743/2450 4089/5618/4390 4088/2744/2451
f 4114/2773/2477 4115/2771/2475 4113/2770/2474 4112/2781/2485
f 4095/2751/2454 4085/2750/2456 4084/2752/2457
f 4096/2759/2464 4097/2761/2466 4099/2766/2471
f 4097/2761/2466 4105/2760/2465 4098/2765/2470
f 4099/2766/2471 4097/2761/2466 4098/2765/2470
f 4102/5619/2469 4103/2769/2473 4100/2768/2472
f 4103/2769/2473 4102/5619/2469 4101/5620/2468
f 4103/2769/2473 4104/2767/2467 4099/2766/2471
f 4103/2769/2473 4101/5620/2468 4104/2767/2467
f 4105/2760/2465 4101/2763/2468 4102/2764/2469
f 4099/2766/2471 4098/2765/2470 4100/2768/2472
f 4109/5621/4391 4107/2779/2483 4108/2789/2488
f 4110/2772/2476 4111/2778/2482 4113/2770/2474
f 4112/2781/2485 4113/2770/2474 4123/2782/2486
f 4110/2772/2476 4116/2774/2478 4121/2775/2479 4118/2777/2481
f 4119/5622/2487 4118/2777/2481 4109/5623/4391 4108/5624/2488
f 4117/2776/2480 4109/5623/4391 4118/2777/2481
f 4122/2780/2484 4120/2787/2489 4106/2788/2490 4114/2773/2477
f 4108/2786/2488 4106/5625/2490 4120/2787/2489
f 4106/2788/2490 4107/2779/2483 4121/2775/2479
f 4114/2773/2477 4106/2788/2490 4121/2775/2479 4116/2774/2478
f 4120/2787/2489 4122/2780/2484 4123/2782/2486 4119/2785/2487
f 4122/2780/2484 4114/2773/2477 4112/2781/2485
f 4118/2777/2481 4119/5622/2487 4123/2783/2486 4111/2778/2482
f 4138/2804/2503 4126/5626/2501 4134/5627/2495 4133/2802/2494
f 4117/2776/2480 4107/2779/2483 4109/5623/4391
f 4110/2772/2476 4115/2771/2475 4116/2774/2478
f 4136/2798/2499 4124/2799/2500 4126/2801/2501
f 4125/2797/2498 4124/2799/2500 4136/2798/2499
f 4130/2806/2505 4127/5628/2492 4129/2805/2504
f 4132/2795/2496 4131/5629/2491 4133/2793/2494
f 4135/2796/2497 4134/2794/2495 4125/2797/2498
f 4126/5626/2501 4138/2804/2503 4137/5630/4392
f 4137/5630/4392 4136/2798/2499 4126/5626/2501
f 4128/2792/2493 4139/2803/2502 4133/2802/2494 4131/2790/2491
f 4137/5630/4392 4138/2804/2503 4139/2803/2502 4130/2806/2505
f 4136/2798/2499 4137/5630/4392 4130/2806/2505 4129/2805/2504
f 4139/2803/2502 4128/2792/2493 4130/2806/2505
f 4132/2795/2496 4129/2805/2504 4127/5628/2492 4131/5629/2491
usemtl HEAD
f 4141/2807/2506 4142/2808/2507 4140/2809/2508
f 4146/2810/2509 4143/2811/2510 4140/2809/2508
f 4147/2812/2511 4169/2813/2512 4388/2814/2513
f 4155/2815/2514 4446/2816/2515 4154/2817/2516
f 4157/2818/2517 4146/2810/2509 4158/2819/2518
f 4146/2810/2509 4145/2820/2519 4158/2819/2518
f 4161/2821/2520 4162/2822/2521 4160/2823/2522
f 4164/2824/2523 4165/2825/2524 4160/2823/2522
f 4165/2825/2524 4166/2826/2525 4160/2823/2522
f 4162/2822/2521 4164/2824/2523 4160/2823/2522
f 4168/2827/2526 4447/2828/2527 4167/2829/2528
f 4212/2830/2529 4215/2831/2530 4172/2832/2531
f 4171/2833/2532 4380/2834/2533 4172/2832/2531
f 4185/2835/2534 4187/2836/2535 4186/2837/2536
f 4192/2838/2537 4191/2839/2538 4188/2840/2539
f 4402/2841/2540 4406/2842/2541 4163/2843/2542
f 4201/2844/2543 4202/2845/2544 4200/2846/2545
f 4200/2846/2545 4207/2847/2546 4201/2844/2543
f 4212/2830/2529 4372/2848/2547 4213/2849/2548
f 4212/2830/2529 4169/2813/2512 4214/2850/2549
f 4213/2849/2548 4215/2831/2530 4212/2830/2529
f 4146/2810/2509 4157/2818/2517 4143/2811/2510
f 4217/2851/2550 4218/2852/2551 4216/2853/2552
f 4224/2854/2553 4225/2855/2554 4226/2856/2555
f 4224/2854/2553 4227/2857/2556 4225/2855/2554
f 4235/2858/2557 4236/2859/2558 4234/2860/2559
f 4241/2861/2560 4266/2862/2561 4242/2863/2562
f 4242/2863/2562 4269/2864/2563 4244/2865/2564
f 4246/2866/2565 4247/2867/2566 4248/2868/2567
f 4246/2866/2565 4249/2869/2568 4247/2867/2566
f 4250/2870/2569 4247/2867/2566 4251/2871/2570
f 4276/2872/2571 4252/2873/2572 4251/2871/2570
f 4261/2874/2573 4263/2875/2574 4262/2876/2575
f 4265/2877/2576 4267/2878/2577 4266/2862/2561
f 4267/2878/2577 4236/2859/2558 4268/2879/2578
f 4269/2864/2563 4242/2863/2562 4268/2879/2578
f 4279/2880/2579 4314/2881/2580 4223/2882/2581
f 4280/2883/2582 4226/2856/2555 4225/2855/2554
f 4225/2855/2554 4281/2884/2583 4280/2883/2582
f 4288/2885/2584 4258/2886/2585 4286/2887/2586
f 4287/2888/2587 4289/2889/2588 4288/2885/2584
f 4289/2889/2588 4403/2890/2589 4261/2874/2573
f 4264/2891/2590 4263/2875/2574 4261/2874/2573
f 4290/2892/2591 4291/2893/2592 4292/2894/2593
f 4292/2894/2593 4265/2877/2576 4290/2892/2591
f 4295/2895/2594 4296/2896/2595 4267/2878/2577
f 4296/2896/2595 4297/2897/2596 4236/2859/2558
f 4236/2859/2558 4267/2878/2577 4296/2896/2595
f 4195/2898/2597 4194/2899/2598 4301/2900/2599
f 4305/2901/2600 4308/2902/2601 4306/2903/2602
f 4313/2904/2603 4277/2905/2604 4311/2906/2605
f 4314/2881/2580 4279/2880/2579 4313/2904/2603
f 4314/2881/2580 4315/2907/2606 4222/2908/2607
f 4315/2907/2606 4432/2909/2608 4316/2910/2609
f 4316/2910/2609 4222/2908/2607 4315/2907/2606
f 4317/2911/2610 4318/2912/2611 4316/2910/2609
f 4317/2911/2610 4319/2913/2612 4220/2914/2613
f 4322/2915/2614 4216/2853/2552 4320/2916/2615
f 4323/2917/2616 4324/2918/2617 4216/2853/2552
f 4325/2919/2618 4324/2918/2617 4323/2917/2616
f 4325/2919/2618 4326/2920/2619 4324/2918/2617
f 4327/2921/2620 4324/2918/2617 4326/2920/2619
f 4326/2920/2619 4329/2922/2621 4328/2923/2622
f 4330/2924/2623 4395/2925/2624 4328/2923/2622
f 4331/2926/2625 4332/2927/2626 4395/2925/2624
f 4332/2927/2626 4333/2928/2627 4334/2929/2628
f 4334/2929/2628 4395/2925/2624 4332/2927/2626
f 4159/2930/2629 4158/2819/2518 4336/2931/2630
f 4335/2932/2631 4186/2837/2536 4338/2933/2632
f 4187/2836/2535 4340/2934/2633 4338/2933/2632
f 4343/2935/2634 4346/2936/2635 4143/2811/2510
f 4351/2937/2636 4181/2938/2637 4349/2939/2638
f 4350/2940/2639 4352/2941/2640 4351/2937/2636
f 4354/2942/2641 4443/2943/2642 4355/2944/2643
f 4358/2945/2644 4359/2946/2645 4356/2947/2646
f 4360/2948/2647 4361/2949/2648 4362/2950/2649
f 4362/2950/2649 4183/2951/2650 4360/2948/2647
f 4362/2950/2649 4361/2949/2648 4363/2952/2651
f 4145/2820/2519 4144/2953/2652 4366/2954/2653
f 4367/2955/2654 4175/2956/2655 4368/2957/2656
f 4370/2958/2657 4149/2959/2658 4367/2955/2654
f 4149/2959/2658 4175/2956/2655 4367/2955/2654
f 4370/2958/2657 4150/2960/2659 4149/2959/2658
f 4375/2961/2660 4152/2962/2661 4374/2963/2662
f 4377/2964/2663 4376/2965/2664 4378/2966/2665
f 4378/2966/2665 4379/2967/2666 4377/2964/2663
f 4379/2967/2666 4380/2834/2533 4153/2968/2667
f 4153/2968/2667 4151/2969/2668 4379/2967/2666
f 4379/2967/2666 4378/2966/2665 4380/2834/2533
f 4170/2970/2669 4215/2831/2530 4213/2849/2548
f 4381/2971/2670 4172/2832/2531 4380/2834/2533
f 4378/2966/2665 4382/2972/2671 4381/2971/2670
f 4382/2972/2671 4378/2966/2665 4376/2965/2664
f 4384/2973/2672 4207/2847/2546 4206/2974/2673
f 4383/2975/2674 4207/2847/2546 4384/2973/2672
f 4385/2976/2675 4381/2971/2670 4382/2972/2671
f 4386/2977/2676 4388/2814/2513 4169/2813/2512
f 4206/2974/2673 4387/2978/2677 4388/2814/2513
f 4387/2978/2677 4392/2979/2678 4388/2814/2513
f 4392/2979/2678 4389/2980/2679 4388/2814/2513
f 4390/2981/2680 4174/2982/2681 4148/2983/2682
f 4337/2984/2683 4158/2819/2518 4145/2820/2519
f 4333/2928/2627 4392/2979/2678 4393/2985/2684
f 4394/2986/2685 4395/2925/2624 4334/2929/2628
f 4208/2987/2686 4398/2988/2687 4396/2989/2688
f 4397/2990/2689 4399/2991/2690 4398/2988/2687
f 4291/2893/2592 4400/2992/2691 4399/2991/2690
f 4402/2841/2540 4399/2991/2690 4400/2992/2691
f 4291/2893/2592 4290/2892/2591 4403/2890/2589
f 4405/2993/2692 4407/2994/2693 4401/2995/2694
f 4405/2993/2692 4192/2838/2537 4407/2994/2693
f 4406/2842/2541 4402/2841/2540 4407/2994/2693
f 4188/2840/2539 4410/2996/2695 4408/2997/2696
f 4411/2998/2697 4412/2999/2698 4408/2997/2696
f 4412/3000/2698 4413/3001/2699 4416/3002/2700
f 4414/3003/2701 4415/3004/2702 4413/3001/2699
f 4415/3004/2702 4227/2857/2556 4233/3005/2703
f 4233/3005/2703 4413/3001/2699 4415/3004/2702
f 4233/3005/2703 4219/3006/2704 4413/3001/2699
f 4219/3006/2704 4218/3007/2551 4416/3002/2700
f 4416/3002/2700 4413/3001/2699 4219/3006/2704
f 4218/2852/2551 4417/3008/2705 4409/3009/2706
f 4418/3010/2707 4232/3011/2708 4227/2857/2556
f 4418/3010/2707 4318/2912/2611 4232/3011/2708
f 4281/2884/2583 4225/2855/2554 4415/3004/2702
f 4191/2839/2538 4404/3012/2709 4410/2996/2695
f 4410/2996/2695 4188/2840/2539 4191/2839/2538
f 4191/2839/2538 4192/2838/2537 4405/2993/2692
f 4208/2987/2686 4204/3013/2710 4397/2990/2689
f 4387/2978/2677 4205/3014/2711 4208/2987/2686
f 4387/2978/2677 4206/2974/2673 4205/3014/2711
f 4385/2976/2675 4172/2832/2531 4381/2971/2670
f 4386/2977/2676 4172/2832/2531 4385/2976/2675
f 4421/3015/2712 4423/3016/2713 4422/3017/2714
f 4167/2829/2528 4448/3018/2715 4424/3019/2716
f 4448/3018/2715 4426/3020/2717 4425/3021/2718
f 4425/3021/2718 4426/3020/2717 4304/3022/2719
f 4427/3023/2720 4304/3022/2719 4426/3020/2717
f 4426/3020/2717 4428/3024/2721 4427/3023/2720
f 4432/2909/2608 4315/2907/2606 4429/3025/2722
f 4319/2913/2612 4317/2911/2610 4435/3026/2723
f 4434/3027/2724 4436/3028/2725 4435/3026/2723
f 4344/3029/2726 4437/3030/2727 4321/3031/2728
f 4437/3030/2727 4439/3032/2729 4438/3033/2730
f 4339/3034/2731 4187/2836/2535 4440/3035/2732
f 4440/3035/2732 4230/3036/2733 4339/3034/2731
f 4440/3035/2732 4187/2836/2535 4185/2835/2534
f 4434/3027/2724 4353/3037/2734 4352/3038/2640
f 4442/3039/2735 4354/2942/2641 4441/3040/2736
f 4442/3039/2735 4449/3041/2737 4443/2943/2642
f 4443/2943/2642 4354/2942/2641 4442/3039/2735
f 4357/3042/2738 4355/2944/2643 4443/2943/2642
f 4421/3015/2712 4359/2946/2645 4358/2945/2644
f 4445/3043/2739 4423/3016/2713 4156/3044/2740
f 4168/2827/2526 4156/3044/2740 4199/3045/2741
f 4447/2828/2527 4198/3046/2742 4448/3018/2715
f 4449/3041/2737 4452/3047/2743 4450/3048/2744
f 4453/3049/2745 4451/3050/2746 4454/3051/2747
f 4454/3051/2747 4431/3052/2748 4453/3049/2745
f 4452/3047/2743 4442/3039/2735 4454/3051/2747
f 4449/3041/2737 4197/3053/2749 4455/3054/2750
f 4196/3055/2751 4199/3045/2741 4446/2816/2515
f 4446/2816/2515 4155/2815/2514 4196/3055/2751
f 4453/3049/2745 4428/3024/2721 4451/3050/2746
f 4428/3024/2721 4426/3020/2717 4450/3048/2744
f 4448/3018/2715 4167/2829/2528 4447/2828/2527
f 4304/3022/2719 4301/2900/2599 4194/2899/2598
f 4420/3056/2752 4361/2949/2648 4359/2946/2645
f 4361/2949/2648 4360/2948/2647 4359/2946/2645
f 4419/3057/2753 4371/3058/2754 4361/2949/2648
f 4144/2953/2652 4142/2808/2507 4184/3059/2755
f 4314/2881/2580 4313/2904/2603 4312/3060/2756
f 4203/3061/2757 4202/2845/2544 4293/3062/2758
f 4169/2813/2512 4150/2960/2659 4214/2850/2549
f 4161/2821/2520 4163/2843/2542 4406/2842/2541
f 4141/2807/2506 4140/2809/2508 4143/2811/2510 4346/2936/2635
f 4145/2820/2519 4140/2809/2508 4142/2808/2507 4144/2953/2652
f 4169/2813/2512 4147/2812/2511 4149/2959/2658 4150/2960/2659
f 4140/2809/2508 4145/2820/2519 4146/2810/2509
f 4147/2812/2511 4148/2983/2682 4149/2959/2658
f 4161/2821/2520 4160/2823/2522 4166/2826/2525 4163/2843/2542
f 4151/2969/2668 4152/2962/2661 4377/2964/2663
f 4154/2817/2516 4446/2816/2515 4156/3044/2740
f 4157/2818/2517 4158/2819/2518 4159/2930/2629
f 4157/2818/2517 4159/2930/2629 4341/5631/4393
f 4356/2947/2646 4360/2948/2647 4177/5632/4394 4178/5633/4395
f 4212/2830/2529 4172/2832/2531 4386/2977/2676
f 4386/2977/2676 4169/2813/2512 4212/2830/2529
f 4173/5634/4396 4175/2956/2655 4174/2982/2681
f 4173/5634/4396 4174/2982/2681 4176/5635/4397
f 4180/5636/4398 4181/2938/2637 4177/5637/4394 4179/5638/4399
f 4178/5639/4395 4177/5637/4394 4181/2938/2637 4351/2937/2636
f 4177/5637/4394 4183/5640/2650 4184/3059/2755 4179/5638/4399
f 4189/5641/4400 4190/5642/4401 4192/2838/2537 4188/2840/2539
f 4398/2988/2687 4399/2991/2690 4402/2841/2540 4163/2843/2542
f 4195/2898/2597 4193/5643/4402 4424/3019/2716 4194/2899/2598
f 4193/5643/4402 4422/3017/2714 4424/3019/2716
f 4300/5644/4403 4373/5645/4404 4193/5643/4402 4195/2898/2597
f 4198/3046/2742 4199/3045/2741 4196/3055/2751 4197/3053/2749
f 4204/3013/2710 4200/2846/2545 4202/2845/2544 4203/3061/2757
f 4207/2847/2546 4200/2846/2545 4205/3014/2711 4206/2974/2673
f 4205/3014/2711 4200/2846/2545 4204/3013/2710 4208/2987/2686
f 4372/2848/2547 4212/2830/2529 4214/2850/2549 4371/3058/2754
f 4210/5646/4405 4211/5647/4406 4251/2871/2570
f 4219/3006/2704 4220/2914/2613 4216/5648/2552 4218/3007/2551
f 4216/2853/2552 4324/2918/2617 4217/2851/2550
f 4222/2908/2607 4221/5649/4407 4226/2856/2555 4223/2882/2581
f 4221/5649/4407 4418/3010/2707 4226/2856/2555
f 4235/2858/2557 4234/2860/2559 4237/5650/4408 4238/5651/4409
f 4229/5652/4410 4230/3036/2733 4228/5653/4411
f 4229/5652/4410 4231/5654/4412 4230/3036/2733
f 4240/5655/4413 4237/5650/4408 4234/2860/2559 4239/5656/4414
f 4244/2865/2564 4246/2866/2565 4248/2868/2567 4243/5657/4415
f 4241/2861/2560 4244/2865/2564 4243/5657/4415
f 4241/2861/2560 4242/2863/2562 4244/2865/2564
f 4244/2865/2564 4269/2864/2563 4245/5658/4416
f 4245/5658/4416 4246/2866/2565 4244/2865/2564
f 4210/5646/4405 4252/2873/2572 4253/5659/4417 4209/5660/4418
f 4246/2866/2565 4245/5658/4416 4272/5661/4419
f 4247/2867/2566 4249/2869/2568 4251/2871/2570
f 4249/2869/2568 4276/2872/2571 4251/2871/2570
f 4251/2871/2570 4252/2873/2572 4210/5646/4405
f 4209/5660/4418 4253/5659/4417 4254/5662/4420 4255/5663/4421
f 4210/5646/4405 4209/5660/4418 4255/5663/4421 4256/5664/4422
f 4255/5663/4421 4254/5662/4420 4280/2883/2582
f 4211/5647/4406 4210/5646/4405 4256/5664/4422 4257/5665/4423
f 4260/5666/4424 4211/5647/4406 4257/5665/4423 4258/2886/2585
f 4259/5667/4425 4260/5666/4424 4258/2886/2585 4288/2885/2584
f 4211/5647/4406 4260/5666/4424 4250/2870/2569 4251/2871/2570
f 4260/5666/4424 4259/5667/4425 4250/2870/2569
f 4262/2876/2575 4250/2870/2569 4259/5667/4425 4261/2874/2573
f 4259/5667/4425 4289/2889/2588 4261/2874/2573
f 4243/5657/4415 4248/2868/2567 4262/2876/2575 4263/2875/2574
f 4250/2870/2569 4262/2876/2575 4248/2868/2567 4247/2867/2566
f 4241/2861/2560 4264/2891/2590 4265/2877/2576 4266/2862/2561
f 4243/5657/4415 4263/2875/2574 4264/2891/2590
f 4264/2891/2590 4241/2861/2560 4243/5657/4415
f 4242/2863/2562 4266/2862/2561 4267/2878/2577 4268/2879/2578
f 4235/2858/2557 4269/2864/2563 4268/2879/2578 4236/2859/2558
f 4238/5651/4409 4270/5668/4426 4269/2864/2563 4235/2858/2557
f 4245/5658/4416 4270/5668/4426 4271/5669/4427 4272/5661/4419
f 4270/5668/4426 4245/5658/4416 4269/2864/2563
f 4270/5668/4426 4238/5651/4409 4271/5669/4427
f 4273/5670/4428 4274/5671/4429 4272/5661/4419 4271/5669/4427
f 4246/2866/2565 4272/5661/4419 4274/5671/4429 4249/2869/2568
f 4276/2872/2571 4249/2869/2568 4274/5671/4429 4275/5672/4430
f 4277/2905/2604 4278/5673/4431 4276/2872/2571 4275/5672/4430
f 4252/2873/2572 4278/5673/4431 4279/2880/2579 4253/5659/4417
f 4278/5673/4431 4252/2873/2572 4276/2872/2571
f 4278/5673/4431 4277/2905/2604 4279/2880/2579
f 4253/5659/4417 4279/2880/2579 4223/2882/2581 4254/5662/4420
f 4280/2883/2582 4254/5662/4420 4223/2882/2581 4226/2856/2555
f 4223/2882/2581 4314/2881/2580 4222/2908/2607
f 4256/5664/4422 4255/5663/4421 4281/2884/2583 4282/5674/4432
f 4280/2883/2582 4281/2884/2583 4255/5663/4421
f 4257/5675/4423 4256/5664/4422 4282/5674/4432 4283/5676/4433
f 4258/2886/2585 4257/5665/4423 4283/5677/4433 4284/5678/4434
f 4286/2887/2586 4258/2886/2585 4284/5678/4434 4285/5679/4435
f 4287/2888/2587 4286/2887/2586 4285/5679/4435 4404/3012/2709
f 4293/3062/2758 4292/2894/2593 4291/2893/2592 4203/3061/2757
f 4286/2887/2586 4287/2888/2587 4288/2885/2584
f 4289/2889/2588 4259/5667/4425 4288/2885/2584
f 4264/2891/2590 4261/2874/2573 4290/2892/2591
f 4290/2892/2591 4265/2877/2576 4264/2891/2590
f 4201/2844/2543 4294/5680/4436 4293/3062/2758 4202/2845/2544
f 4292/2894/2593 4293/3062/2758 4294/5680/4436
f 4295/2895/2594 4267/2878/2577 4294/5680/4436 4201/2844/2543
f 4292/2894/2593 4294/5680/4436 4267/2878/2577 4265/2877/2576
f 4236/2859/2558 4297/2897/2596 4298/5681/4437 4234/2860/2559
f 4295/2895/2594 4383/2975/2674 4296/2896/2595
f 4297/2897/2596 4296/2896/2595 4298/5681/4437
f 4239/5656/4414 4234/2860/2559 4298/5681/4437 4299/5682/4438
f 4195/2898/2597 4239/5656/4414 4299/5682/4438 4300/5644/4403
f 4239/5656/4414 4195/2898/2597 4301/2900/2599 4240/5655/4413
f 4237/5650/4408 4240/5655/4413 4302/5683/4439 4303/5684/4440
f 4301/2900/2599 4302/5683/4439 4240/5655/4413
f 4305/2901/2600 4302/5683/4439 4301/2900/2599 4304/3022/2719
f 4306/2903/2602 4303/5684/4440 4302/5683/4439 4305/2901/2600
f 4303/5684/4440 4306/2903/2602 4307/5685/4441 4271/5669/4427
f 4309/5686/4442 4307/5685/4441 4306/2903/2602 4308/2902/2601
f 4311/2906/2605 4309/5686/4442 4308/2902/2601 4310/5687/4443
f 4309/5686/4442 4273/5670/4428 4307/5685/4441
f 4309/5686/4442 4311/2906/2605 4277/2905/2604 4275/5672/4430
f 4221/5649/4407 4222/2908/2607 4316/2910/2609 4318/2912/2611
f 4311/2906/2605 4312/3060/2756 4313/2904/2603
f 4313/2904/2603 4279/2880/2579 4277/2905/2604
f 4325/2919/2618 4323/2917/2616 4322/2915/2614 4438/3033/2730
f 4317/2911/2610 4220/2914/2613 4318/2912/2611
f 4220/2914/2613 4319/2913/2612 4320/5688/2615
f 4320/5688/2615 4216/5648/2552 4220/2914/2613
f 4320/2916/2615 4321/3031/2728 4322/2915/2614
f 4322/2915/2614 4323/2917/2616 4216/2853/2552
f 4326/2920/2619 4325/2919/2618 4229/5652/4410 4228/5653/4411
f 4325/2919/2618 4231/5654/4412 4229/5652/4410
f 4164/2824/2523 4327/2921/2620 4326/2920/2619 4328/2923/2622
f 4185/2835/2534 4331/2926/2625 4330/2924/2623 4440/3035/2732
f 4329/2922/2621 4326/2920/2619 4228/5653/4411
f 4329/2922/2621 4330/2924/2623 4328/2923/2622
f 4330/2924/2623 4331/2926/2625 4395/2925/2624
f 4391/5689/4444 4332/2927/2626 4335/2932/2631 4336/2931/2630
f 4185/2835/2534 4186/2837/2536 4331/2926/2625
f 4331/2926/2625 4335/2932/2631 4332/2927/2626
f 4338/2933/2632 4159/2930/2629 4336/2931/2630 4335/2932/2631
f 4335/2932/2631 4331/2926/2625 4186/2837/2536
f 4336/2931/2630 4158/2819/2518 4337/2984/2683
f 4341/5631/4393 4159/2930/2629 4338/2933/2632 4340/2934/2633
f 4186/2837/2536 4187/2836/2535 4338/2933/2632
f 4343/2935/2634 4341/5631/4393 4340/2934/2633 4342/5690/4445
f 4187/2836/2535 4339/3034/2731 4340/2934/2633
f 4345/5691/4446 4343/2935/2634 4342/5690/4445 4344/3029/2726
f 4341/5631/4393 4343/2935/2634 4143/2811/2510
f 4143/2811/2510 4157/2818/2517 4341/5631/4393
f 4348/5692/4447 4346/2936/2635 4345/5691/4446 4347/5693/4448
f 4343/2935/2634 4345/5691/4446 4346/2936/2635
f 4349/2939/2638 4180/5636/4398 4346/2936/2635 4348/5692/4447
f 4351/2937/2636 4349/2939/2638 4348/5692/4447 4350/2940/2639
f 4180/5636/4398 4141/2807/2506 4346/2936/2635
f 4349/2939/2638 4181/2938/2637 4180/5636/4398
f 4180/5636/4398 4142/2808/2507 4141/2807/2506
f 4178/5633/4395 4354/2942/2641 4355/2944/2643 4356/2947/2646
f 4351/2937/2636 4352/2941/2640 4354/5694/2641
f 4352/3038/2640 4353/3037/2734 4354/2942/2641
f 4354/5694/2641 4178/5639/4395 4351/2937/2636
f 4357/3042/2738 4358/2945/2644 4356/2947/2646 4355/2944/2643
f 4362/5695/2649 4363/2952/2651 4364/5696/4449 4183/5640/2650
f 4356/2947/2646 4359/2946/2645 4360/2948/2647
f 4183/2951/2650 4177/5632/4394 4360/2948/2647
f 4368/2957/2656 4364/5696/4449 4363/2952/2651 4365/5697/4450
f 4364/5696/4449 4368/2957/2656 4366/2954/2653 4144/2953/2652
f 4175/2956/2655 4173/5634/4396 4369/5698/4451 4368/2957/2656
f 4365/5697/4450 4367/2955/2654 4368/2957/2656
f 4368/2957/2656 4369/5698/4451 4366/2954/2653
f 4176/5635/4397 4366/2954/2653 4369/5698/4451 4173/5634/4396
f 4214/2850/2549 4150/2960/2659 4370/2958/2657 4371/3058/2754
f 4366/2954/2653 4176/5635/4397 4145/2820/2519
f 4372/2848/2547 4374/2963/2662 4182/5699/4452 4213/2849/2548
f 4372/2848/2547 4373/5645/4404 4374/2963/2662
f 4373/5645/4404 4300/5644/4403 4375/2961/2660 4374/2963/2662
f 4377/2964/2663 4152/2962/2661 4375/2961/2660 4376/2965/2664
f 4300/5644/4403 4299/5682/4438 4375/2961/2660
f 4376/2965/2664 4375/2961/2660 4299/5682/4438 4298/5681/4437
f 4153/2968/2667 4170/2970/2669 4213/2849/2548 4182/5699/4452
f 4376/2965/2664 4298/5681/4437 4296/2896/2595
f 4379/2967/2666 4151/2969/2668 4377/2964/2663
f 4380/2834/2533 4171/2833/2532 4170/2970/2669
f 4380/2834/2533 4170/2970/2669 4153/2968/2667
f 4383/2975/2674 4382/2972/2671 4376/2965/2664 4296/2896/2595
f 4378/2966/2665 4381/2971/2670 4380/2834/2533
f 4382/2972/2671 4383/2975/2674 4384/2973/2672
f 4388/2814/2513 4386/2977/2676 4385/2976/2675 4206/2974/2673
f 4384/2973/2672 4206/2974/2673 4382/2972/2671
f 4206/2974/2673 4385/2976/2675 4382/2972/2671
f 4148/2983/2682 4147/2812/2511 4389/2980/2679 4390/2981/2680
f 4389/2980/2679 4147/2812/2511 4388/2814/2513
f 4389/2980/2679 4336/2931/2630 4390/2981/2680
f 4176/5635/4397 4174/2982/2681 4337/2984/2683 4145/2820/2519
f 4390/2981/2680 4336/2931/2630 4337/2984/2683
f 4390/2981/2680 4337/2984/2683 4174/2982/2681
f 4389/2980/2679 4333/2928/2627 4391/5689/4444 4336/2931/2630
f 4394/2986/2685 4333/2928/2627 4393/2985/2684 4396/2989/2688
f 4391/5689/4444 4333/2928/2627 4332/2927/2626
f 4395/2925/2624 4394/2986/2685 4396/2989/2688 4166/2826/2525
f 4333/2928/2627 4394/2986/2685 4334/2929/2628
f 4328/2923/2622 4395/2925/2624 4166/2826/2525 4165/2825/2524
f 4163/2843/2542 4166/2826/2525 4396/2989/2688 4398/2988/2687
f 4393/2985/2684 4208/2987/2686 4396/2989/2688
f 4405/2993/2692 4401/2995/2694 4287/2888/2587 4404/3012/2709
f 4208/2987/2686 4397/2990/2689 4398/2988/2687
f 4397/2990/2689 4291/2893/2592 4399/2991/2690
f 4291/2893/2592 4397/2990/2689 4203/3061/2757
f 4400/2992/2691 4401/2995/2694 4402/2841/2540
f 4400/2992/2691 4291/2893/2592 4403/2890/2589
f 4403/2890/2589 4401/2995/2694 4400/2992/2691
f 4403/2890/2589 4290/2892/2591 4261/2874/2573
f 4289/2889/2588 4287/2888/2587 4401/2995/2694 4403/2890/2589
f 4161/2821/2520 4190/5642/4401 4189/5641/4400 4162/2822/2521
f 4404/3012/2709 4191/2839/2538 4405/2993/2692
f 4192/2838/2537 4406/2842/2541 4407/2994/2693
f 4407/2994/2693 4402/2841/2540 4401/2995/2694
f 4190/5642/4401 4161/2821/2520 4406/2842/2541
f 4406/2842/2541 4192/2838/2537 4190/5642/4401
f 4408/2997/2696 4409/3009/2706 4189/5641/4400 4188/2840/2539
f 4284/5678/4434 4411/2998/2697 4410/2996/2695 4285/5679/4435
f 4408/2997/2696 4410/2996/2695 4411/2998/2697
f 4408/2997/2696 4412/2999/2698 4416/5700/2700 4409/3009/2706
f 4284/5678/4434 4283/5677/4433 4411/2998/2697
f 4413/3001/2699 4412/3000/2698 4411/5701/2697 4414/3003/2701
f 4283/5676/4433 4282/5674/4432 4414/3003/2701 4411/5701/2697
f 4415/3004/2702 4414/3003/2701 4282/5674/4432 4281/2884/2583
f 4327/2921/2620 4417/3008/2705 4218/2852/2551 4217/2851/2550
f 4415/3004/2702 4225/2855/2554 4227/2857/2556
f 4233/3005/2703 4227/2857/2556 4232/3011/2708
f 4218/2852/2551 4409/3009/2706 4416/5700/2700
f 4162/2822/2521 4417/3008/2705 4327/2921/2620 4164/2824/2523
f 4409/3009/2706 4417/3008/2705 4162/2822/2521 4189/5641/4400
f 4393/2985/2684 4392/2979/2678 4387/2978/2677 4208/2987/2686
f 4327/2921/2620 4217/2851/2550 4324/2918/2617
f 4227/2857/2556 4224/2854/2553 4418/3010/2707
f 4224/2854/2553 4226/2856/2555 4418/3010/2707
f 4410/2996/2695 4404/3012/2709 4285/5679/4435
f 4397/2990/2689 4204/3013/2710 4203/3061/2757
f 4151/2969/2668 4182/5699/4452 4374/2963/2662 4152/2962/2661
f 4333/2928/2627 4389/2980/2679 4392/2979/2678
f 4151/2969/2668 4153/2968/2667 4182/5699/4452
f 4422/3017/2714 4193/5643/4402 4419/3057/2753 4420/3056/2752
f 4373/5645/4404 4372/2848/2547 4419/3057/2753
f 4419/3057/2753 4193/5643/4402 4373/5645/4404
f 4372/2848/2547 4371/3058/2754 4419/3057/2753
f 4445/3043/2739 4167/2829/2528 4422/3017/2714 4423/3016/2713
f 4420/3056/2752 4421/3015/2712 4422/3017/2714
f 4194/2899/2598 4424/3019/2716 4425/3021/2718 4304/3022/2719
f 4167/2829/2528 4424/3019/2716 4422/3017/2714
f 4167/2829/2528 4445/3043/2739 4168/2827/2526
f 4448/3018/2715 4425/3021/2718 4424/3019/2716
f 4430/5702/4453 4310/5687/4443 4427/3023/2720 4428/3024/2721
f 4310/5687/4443 4308/2902/2601 4427/3023/2720
f 4429/3025/2722 4430/5702/4453 4428/3024/2721 4453/3049/2745
f 4315/2907/2606 4314/2881/2580 4430/5702/4453 4429/3025/2722
f 4314/2881/2580 4312/3060/2756 4430/5702/4453
f 4433/5703/4454 4432/2909/2608 4431/3052/2748 4441/3040/2736
f 4429/3025/2722 4431/3052/2748 4432/2909/2608
f 4432/2909/2608 4435/3026/2723 4317/2911/2610 4316/2910/2609
f 4432/2909/2608 4433/5703/4454 4435/3026/2723
f 4434/3027/2724 4435/3026/2723 4433/5703/4454 4353/3037/2734
f 4320/5688/2615 4319/2913/2612 4435/3026/2723 4436/3028/2725
f 4344/3029/2726 4436/5704/2725 4350/2940/2639 4347/5693/4448
f 4434/5705/2724 4350/2940/2639 4436/5704/2725
f 4321/3031/2728 4320/2916/2615 4436/5704/2725 4344/3029/2726
f 4321/3031/2728 4437/3030/2727 4438/3033/2730 4322/2915/2614
f 4347/5693/4448 4345/5691/4446 4344/3029/2726
f 4231/5654/4412 4439/3032/2729 4339/3034/2731 4230/3036/2733
f 4344/3029/2726 4342/5690/4445 4437/3030/2727
f 4231/5654/4412 4325/2919/2618 4438/3033/2730
f 4438/3033/2730 4439/3032/2729 4231/5654/4412
f 4339/3034/2731 4439/3032/2729 4342/5690/4445 4340/2934/2633
f 4440/3035/2732 4330/2924/2623 4230/3036/2733
f 4439/3032/2729 4437/3030/2727 4342/5690/4445
f 4155/2815/2514 4154/2817/2516 4357/3042/2738 4455/3054/2750
f 4350/2940/2639 4434/5705/2724 4352/2941/2640
f 4350/2940/2639 4348/5692/4447 4347/5693/4448
f 4353/3037/2734 4433/5703/4454 4441/3040/2736
f 4441/3040/2736 4354/2942/2641 4353/3037/2734
f 4441/3040/2736 4431/3052/2748 4442/3039/2735
f 4443/2943/2642 4449/3041/2737 4455/3054/2750
f 4455/3054/2750 4357/3042/2738 4443/2943/2642
f 4358/2945/2644 4357/3042/2738 4444/5706/4455 4421/3015/2712
f 4154/2817/2516 4444/5706/4455 4357/3042/2738
f 4421/3015/2712 4444/5706/4455 4156/3044/2740 4423/3016/2713
f 4444/5706/4455 4154/2817/2516 4156/3044/2740
f 4198/3046/2742 4447/2828/2527 4168/2827/2526 4199/3045/2741
f 4156/3044/2740 4168/2827/2526 4445/3043/2739
f 4199/3045/2741 4156/3044/2740 4446/2816/2515
f 4448/3018/2715 4198/3046/2742 4450/3048/2744 4426/3020/2717
f 4454/3051/2747 4451/3050/2746 4450/3048/2744 4452/3047/2743
f 4198/3046/2742 4197/3053/2749 4449/3041/2737
f 4198/3046/2742 4449/3041/2737 4450/3048/2744
f 4451/3050/2746 4428/3024/2721 4450/3048/2744
f 4310/5687/4443 4430/5702/4453 4312/3060/2756 4311/2906/2605
f 4431/3052/2748 4429/3025/2722 4453/3049/2745
f 4454/3051/2747 4442/3039/2735 4431/3052/2748
f 4452/3047/2743 4449/3041/2737 4442/3039/2735
f 4455/3054/2750 4197/3053/2749 4196/3055/2751
f 4196/3055/2751 4155/2815/2514 4455/3054/2750
f 4304/3022/2719 4427/3023/2720 4308/2902/2601 4305/2901/2600
f 4361/2949/2648 4371/3058/2754 4365/5697/4450 4363/2952/2651
f 4421/3015/2712 4420/3056/2752 4359/2946/2645
f 4420/3056/2752 4419/3057/2753 4361/2949/2648
f 4367/2955/2654 4365/5697/4450 4371/3058/2754 4370/2958/2657
f 4183/5640/2650 4364/5696/4449 4144/2953/2652 4184/3059/2755
f 4230/3036/2733 4330/2924/2623 4329/2922/2621 4228/5653/4411
f 4232/3011/2708 4318/2912/2611 4220/2914/2613 4233/3005/2703
f 4328/2923/2622 4165/2825/2524 4164/2824/2523
f 4418/3010/2707 4221/5649/4407 4318/2912/2611
f 4273/5670/4428 4309/5686/4442 4275/5672/4430 4274/5671/4429
f 4220/2914/2613 4219/3006/2704 4233/3005/2703
f 4238/5651/4409 4237/5650/4408 4303/5684/4440 4271/5669/4427
f 4307/5685/4441 4273/5670/4428 4271/5669/4427
f 4201/2844/2543 4207/2847/2546 4383/2975/2674 4295/2895/2594
f 4179/5638/4399 4184/3059/2755 4142/2808/2507 4180/5636/4398
f 4170/2970/2669 4171/2833/2532 4215/2831/2530
f 4148/2983/2682 4174/2982/2681 4175/2956/2655 4149/2959/2658
f 4172/2832/2531 4215/2831/2530 4171/2833/2532
